Destination_Port,Flow_Duration,Total_Fwd_Packets,Packet_Length_Mean,Active_Mean,Label
3306,45597,36,173.71,958.07,BENIGN
443,50797,13,348.72,357.08,BENIGN
80,748,197,1128.98,77.85,DDoS
21,83397,80,801.49,374.4,BENIGN
443,47,249,882.32,23.15,DDoS
22,888,105,1004.1,36.27,DDoS
53,49520,46,220.18,281.64,BENIGN
443,80840,22,499.36,259.91,BENIGN
21,84886,72,228.87,337.8,BENIGN
80,31021,5,732.34,413.14,BENIGN
8080,218,247,1099.39,70.77,DDoS
53,35718,18,252.1,570.14,BENIGN
3306,920,229,1019.52,17.55,DDoS
25,12915,7,780.55,169.78,BENIGN
3306,611,96,1007.81,47.67,DDoS
21,73512,2,625.04,132.26,BENIGN
21,85012,44,135.93,446.07,BENIGN
21,66612,23,476.61,124.28,BENIGN
22,21032,48,695.76,548.59,BENIGN
80,79504,42,460.2,129.63,BENIGN
21,32385,8,247.15,576.01,BENIGN
25,836,97,1482.39,42.62,DDoS
25,970,220,832.1,42.21,DDoS
22,71686,26,653.14,411.01,BENIGN
8080,58422,67,428.28,262.95,BENIGN
80,603,221,884.09,17.62,DDoS
80,235,97,1424.34,68.77,DDoS
22,286,251,1088.33,43.14,DDoS
25,32850,61,734.45,206.6,BENIGN
3306,363,188,1028.88,69.11,DDoS
443,63,183,1282.57,64.05,DDoS
22,195,217,1058.89,33.75,DDoS
22,896,99,1054.5,68.91,DDoS
80,86477,70,758.98,969.62,BENIGN
22,22798,53,457.65,229.47,BENIGN
80,22579,49,41.85,402.61,BENIGN
25,38388,55,639.07,735.9,BENIGN
25,21289,25,295.17,969.34,BENIGN
80,99038,41,89.16,592.49,BENIGN
53,8455,66,108.9,202.11,BENIGN
22,53923,16,849.77,578.28,BENIGN
80,82183,11,400.53,592.0,BENIGN
21,27772,41,245.27,407.87,BENIGN
21,60929,41,838.96,937.02,BENIGN
443,76,217,870.52,21.22,DDoS
443,33018,48,285.09,449.42,BENIGN
21,81173,68,46.73,820.76,BENIGN
443,962,114,911.57,71.18,DDoS
53,36697,37,560.15,723.26,BENIGN
21,518,205,900.9,72.65,DDoS
3306,850,150,735.27,26.68,DDoS
21,166,269,1053.47,56.45,DDoS
443,10862,20,509.21,837.9,BENIGN
53,57333,17,75.97,377.36,BENIGN
80,47898,27,626.58,673.59,BENIGN
3306,82351,20,836.16,252.0,BENIGN
53,903,185,719.83,58.93,DDoS
3306,88806,32,269.45,791.63,BENIGN
80,880,200,877.95,65.33,DDoS
21,30831,29,60.35,209.27,BENIGN
443,37585,45,591.67,411.68,BENIGN
8080,4617,15,794.25,275.99,BENIGN
21,6014,14,553.05,358.77,BENIGN
3306,80457,66,139.46,901.51,BENIGN
80,726,191,701.35,74.05,DDoS
22,48739,56,100.18,670.95,BENIGN
8080,87951,16,658.99,314.32,BENIGN
3306,43753,52,639.6,563.32,BENIGN
3306,694,271,1422.24,49.24,DDoS
80,40829,37,220.76,790.04,BENIGN
8080,61946,57,420.26,229.43,BENIGN
53,87356,11,284.06,670.58,BENIGN
443,99453,31,618.6,240.15,BENIGN
80,48,142,1487.15,48.9,DDoS
25,55321,74,207.21,702.43,BENIGN
22,20342,1,807.69,863.23,BENIGN
3306,29683,23,731.53,701.99,BENIGN
22,16906,59,154.67,475.35,BENIGN
8080,99992,57,566.88,724.89,BENIGN
25,21861,61,427.06,756.74,BENIGN
21,69327,63,579.0,289.11,BENIGN
21,241,149,968.68,71.44,DDoS
53,237,178,1255.16,56.51,DDoS
3306,339,218,1072.74,4.98,DDoS
3306,77556,3,776.79,770.28,BENIGN
80,47105,39,687.99,856.38,BENIGN
3306,71545,70,727.89,899.86,BENIGN
21,58125,63,64.96,349.41,BENIGN
3306,95919,22,762.83,921.15,BENIGN
80,52645,76,525.38,46.56,BENIGN
53,61515,24,83.24,391.52,BENIGN
8080,346,274,1403.71,22.26,DDoS
3306,34065,11,444.46,754.04,BENIGN
8080,230,246,754.89,76.58,DDoS
80,973,143,859.49,1.63,DDoS
53,485,251,791.51,75.82,DDoS
21,49351,22,561.07,964.46,BENIGN
53,41768,14,537.67,930.31,BENIGN
3306,52990,26,105.36,696.8,BENIGN
443,92382,39,771.25,608.4,BENIGN
80,356,216,1042.7,29.65,DDoS
8080,2658,54,747.2,123.43,BENIGN
25,93708,20,414.52,739.12,BENIGN
21,81728,69,706.19,475.58,BENIGN
21,43245,32,754.43,104.93,BENIGN
22,99366,60,530.07,674.82,BENIGN
25,43600,24,459.29,367.73,BENIGN
21,902,232,1260.95,22.1,DDoS
22,88,141,1276.06,39.09,DDoS
25,85659,63,425.43,36.9,BENIGN
3306,709,142,944.96,46.52,DDoS
8080,56771,71,324.48,708.8,BENIGN
21,237,110,1277.03,25.24,DDoS
53,26105,28,675.2,290.97,BENIGN
21,14176,25,294.77,373.66,BENIGN
53,36954,6,877.89,562.29,BENIGN
53,84606,63,128.23,32.02,BENIGN
25,452,167,847.49,4.11,DDoS
25,15953,9,384.61,92.6,BENIGN
80,20887,20,737.58,950.14,BENIGN
22,122,222,1311.55,48.51,DDoS
22,69494,49,427.44,453.87,BENIGN
3306,41026,73,574.08,617.44,BENIGN
22,82987,28,267.6,99.56,BENIGN
443,161,80,1026.81,55.15,DDoS
80,31340,37,647.98,708.93,BENIGN
22,35675,76,608.62,935.0,BENIGN
22,85886,20,821.23,830.1,BENIGN
53,812,158,1176.04,65.94,DDoS
25,17299,60,632.26,705.74,BENIGN
25,58377,11,554.31,891.63,BENIGN
21,4390,12,236.87,680.81,BENIGN
80,89117,35,535.57,767.85,BENIGN
25,939,151,845.19,46.83,DDoS
25,12959,61,339.25,346.64,BENIGN
53,44228,53,636.56,302.45,BENIGN
80,60614,12,310.48,336.81,BENIGN
3306,68449,1,605.59,551.74,BENIGN
22,68952,47,575.47,508.52,BENIGN
80,27680,35,512.33,929.12,BENIGN
25,16915,4,876.91,616.69,BENIGN
53,319,221,710.94,32.64,DDoS
443,473,110,1218.17,12.32,DDoS
21,67698,35,397.32,492.85,BENIGN
25,73255,19,369.88,923.43,BENIGN
53,10150,36,704.5,857.32,BENIGN
21,1336,37,664.4,840.73,BENIGN
25,20476,58,503.18,358.22,BENIGN
3306,60682,42,787.86,981.16,BENIGN
3306,240,299,1320.44,3.49,DDoS
3306,51604,20,465.98,56.28,BENIGN
8080,14154,57,125.75,912.23,BENIGN
53,420,247,1475.97,5.99,DDoS
21,45375,80,635.73,656.84,BENIGN
3306,42505,63,790.25,55.18,BENIGN
21,233,271,772.3,78.27,DDoS
443,59153,22,636.84,905.36,BENIGN
80,301,171,999.87,11.65,DDoS
53,23280,23,107.91,873.42,BENIGN
22,66230,75,163.08,471.93,BENIGN
21,683,82,1419.13,37.22,DDoS
53,76,193,1456.19,79.01,DDoS
3306,707,144,1065.47,24.17,DDoS
25,14979,31,367.97,371.78,BENIGN
21,23,292,1226.58,21.96,DDoS
80,80482,64,756.24,904.88,BENIGN
22,80569,46,228.34,206.33,BENIGN
53,644,104,1422.72,51.71,DDoS
25,5373,75,353.78,148.78,BENIGN
8080,98973,54,191.05,149.52,BENIGN
8080,70579,65,825.6,833.86,BENIGN
25,991,286,936.11,69.63,DDoS
25,10869,19,688.57,241.1,BENIGN
3306,74048,47,117.66,406.68,BENIGN
443,466,174,1238.26,53.79,DDoS
8080,15201,30,445.47,627.16,BENIGN
8080,80964,29,596.98,642.7,BENIGN
21,86097,53,140.34,64.44,BENIGN
25,119,104,887.84,43.0,DDoS
8080,88881,70,400.45,747.42,BENIGN
3306,671,105,1366.95,49.25,DDoS
21,5288,48,226.85,455.8,BENIGN
8080,102,255,993.87,72.14,DDoS
80,53184,36,203.24,139.72,BENIGN
25,13015,28,591.87,605.2,BENIGN
8080,250,112,1329.58,16.42,DDoS
22,77858,28,739.23,248.34,BENIGN
80,37342,19,889.27,549.41,BENIGN
443,87646,4,153.35,371.08,BENIGN
8080,3068,23,268.22,144.22,BENIGN
443,98735,9,449.57,782.46,BENIGN
443,60245,65,230.53,622.8,BENIGN
21,61036,4,92.31,489.4,BENIGN
443,65260,57,103.2,99.17,BENIGN
443,17540,36,576.91,593.66,BENIGN
3306,79301,68,293.61,515.44,BENIGN
443,86814,71,659.92,230.72,BENIGN
22,55239,44,751.58,410.76,BENIGN
8080,56936,41,611.99,386.82,BENIGN
25,69,103,1365.42,7.46,DDoS
8080,832,113,1145.1,46.92,DDoS
8080,88819,16,393.3,876.14,BENIGN
3306,95510,7,872.82,608.4,BENIGN
22,21280,62,232.85,126.05,BENIGN
8080,16058,36,533.73,811.08,BENIGN
80,80822,35,64.9,287.8,BENIGN
8080,47009,1,196.01,160.39,BENIGN
443,19595,4,118.91,539.87,BENIGN
25,45681,21,358.25,727.16,BENIGN
443,7895,20,175.37,625.48,BENIGN
21,59079,55,457.67,453.2,BENIGN
443,354,190,788.71,54.26,DDoS
21,6952,29,379.93,607.34,BENIGN
21,969,134,1313.88,61.13,DDoS
443,8,207,1297.61,14.06,DDoS
22,66570,72,756.68,810.08,BENIGN
80,447,84,1067.8,6.23,DDoS
3306,76156,52,650.17,429.34,BENIGN
80,990,163,837.5,75.81,DDoS
8080,12551,56,766.26,258.45,BENIGN
443,52873,40,681.39,237.14,BENIGN
443,67910,15,496.32,210.03,BENIGN
8080,96339,19,243.19,163.52,BENIGN
53,779,274,1224.41,14.17,DDoS
25,61811,73,693.49,459.93,BENIGN
8080,83210,41,169.82,86.92,BENIGN
21,37002,76,88.31,517.19,BENIGN
25,5929,8,357.11,301.34,BENIGN
443,81610,77,476.08,473.46,BENIGN
80,59947,74,600.58,335.1,BENIGN
53,9109,58,129.01,901.14,BENIGN
443,67132,23,73.66,713.47,BENIGN
53,48696,48,829.43,399.67,BENIGN
80,83691,43,96.68,112.62,BENIGN
21,34029,78,791.02,346.69,BENIGN
53,46851,40,872.22,704.51,BENIGN
443,41577,72,363.94,795.83,BENIGN
443,85675,55,477.3,37.87,BENIGN
22,45791,63,205.12,999.98,BENIGN
21,865,281,780.91,61.67,DDoS
80,87760,44,793.7,625.67,BENIGN
53,22266,24,754.96,775.68,BENIGN
53,95526,57,77.58,377.01,BENIGN
25,81031,37,687.06,788.12,BENIGN
22,317,287,1327.5,72.32,DDoS
25,473,276,925.42,30.55,DDoS
53,27174,78,159.02,265.0,BENIGN
8080,73684,14,651.8,525.59,BENIGN
443,782,121,918.23,72.42,DDoS
3306,94,136,1353.36,70.77,DDoS
3306,7980,51,471.73,251.06,BENIGN
8080,30430,4,314.07,117.1,BENIGN
8080,20142,18,72.94,919.05,BENIGN
53,93476,61,425.8,25.15,BENIGN
21,221,293,819.62,75.22,DDoS
3306,15573,37,244.37,139.41,BENIGN
25,65,108,1369.35,39.99,DDoS
22,95181,19,290.49,21.53,BENIGN
3306,25551,11,490.2,373.39,BENIGN
80,52177,61,77.44,399.14,BENIGN
80,47805,9,336.53,738.28,BENIGN
8080,18486,6,342.98,351.78,BENIGN
25,92146,62,583.29,815.27,BENIGN
25,38,155,861.27,63.29,DDoS
8080,41642,66,382.47,819.1,BENIGN
80,99735,25,286.06,864.9,BENIGN
8080,280,111,1339.47,34.96,DDoS
25,51678,44,877.4,506.28,BENIGN
21,11828,55,107.88,610.4,BENIGN
21,43101,14,108.86,667.7,BENIGN
3306,22842,57,342.33,61.51,BENIGN
8080,81589,56,276.12,980.43,BENIGN
443,88973,52,352.45,805.07,BENIGN
80,19714,78,623.16,449.41,BENIGN
22,798,245,993.06,30.63,DDoS
53,90006,58,855.99,384.57,BENIGN
53,70397,47,382.31,656.57,BENIGN
443,27,268,848.84,41.42,DDoS
443,35311,34,645.47,230.28,BENIGN
25,27237,16,156.73,92.57,BENIGN
25,90,287,1245.54,67.64,DDoS
8080,94000,9,513.0,304.56,BENIGN
53,729,261,1441.86,51.02,DDoS
22,16907,26,721.18,252.0,BENIGN
8080,73616,74,357.26,807.59,BENIGN
443,9617,40,382.42,722.59,BENIGN
3306,54665,74,103.43,972.93,BENIGN
25,62057,67,336.28,880.4,BENIGN
53,17912,56,472.46,870.85,BENIGN
53,40862,22,179.29,936.04,BENIGN
21,867,100,900.48,50.8,DDoS
53,82922,39,568.41,111.56,BENIGN
53,23439,80,659.74,613.04,BENIGN
80,4718,11,79.1,648.62,BENIGN
22,75991,54,571.57,49.68,BENIGN
21,85136,39,455.33,808.59,BENIGN
21,60446,10,632.21,174.92,BENIGN
25,27741,44,561.73,326.33,BENIGN
8080,53260,17,694.17,524.68,BENIGN
22,478,111,913.98,19.83,DDoS
21,969,178,1391.33,33.45,DDoS
53,43917,74,660.17,206.04,BENIGN
25,511,158,1097.9,7.2,DDoS
25,32552,28,541.68,67.68,BENIGN
25,293,217,706.54,8.6,DDoS
21,745,173,1311.09,29.27,DDoS
22,48516,71,288.2,398.62,BENIGN
21,82689,79,142.18,975.58,BENIGN
8080,74116,47,689.27,215.08,BENIGN
80,6938,5,157.85,346.38,BENIGN
25,20521,78,808.09,156.99,BENIGN
8080,22299,51,891.93,744.53,BENIGN
8080,520,292,1107.77,39.19,DDoS
25,3180,48,324.87,127.41,BENIGN
21,96069,4,553.34,280.22,BENIGN
22,95555,7,541.83,187.1,BENIGN
3306,20369,32,67.15,949.24,BENIGN
80,452,160,1035.02,33.04,DDoS
25,894,297,1288.67,4.98,DDoS
22,575,163,1498.5,38.27,DDoS
53,61249,69,334.4,367.2,BENIGN
21,80963,62,205.35,261.59,BENIGN
22,40008,37,646.21,696.44,BENIGN
25,46718,72,842.98,799.5,BENIGN
443,588,253,1134.55,71.66,DDoS
8080,20198,38,76.18,956.21,BENIGN
25,672,145,1297.87,17.12,DDoS
21,74664,35,158.05,623.36,BENIGN
22,7653,68,234.08,248.18,BENIGN
8080,735,200,780.44,61.66,DDoS
53,417,247,1448.03,70.27,DDoS
22,38649,42,285.46,77.98,BENIGN
22,71143,5,825.38,191.56,BENIGN
53,5763,51,717.65,202.59,BENIGN
21,5910,2,296.62,610.73,BENIGN
8080,38298,59,890.63,552.43,BENIGN
53,67088,60,274.64,812.64,BENIGN
25,85972,33,657.99,33.8,BENIGN
21,75420,25,190.93,859.02,BENIGN
3306,68538,42,114.59,675.87,BENIGN
53,489,162,1448.66,0.55,DDoS
25,99796,35,860.47,315.91,BENIGN
80,35282,47,635.78,80.88,BENIGN
21,164,183,1248.86,73.85,DDoS
21,91477,16,589.29,941.82,BENIGN
22,29721,18,451.24,465.88,BENIGN
8080,55505,71,825.01,762.2,BENIGN
22,33435,77,790.9,100.23,BENIGN
8080,11237,73,136.5,832.2,BENIGN
22,76065,69,168.87,341.56,BENIGN
443,90167,27,656.55,499.05,BENIGN
25,8292,59,153.47,427.12,BENIGN
25,89181,40,662.02,408.03,BENIGN
22,76800,10,78.95,357.64,BENIGN
80,958,97,1488.91,37.77,DDoS
53,788,114,1312.66,78.27,DDoS
3306,50081,49,425.74,918.77,BENIGN
443,90486,70,154.37,863.08,BENIGN
3306,542,112,1282.29,17.82,DDoS
80,306,198,1238.8,43.56,DDoS
22,33441,59,337.7,290.14,BENIGN
443,5222,54,568.83,937.51,BENIGN
22,28011,9,126.77,52.9,BENIGN
80,33077,6,385.95,249.65,BENIGN
80,144,208,1494.79,18.73,DDoS
8080,76690,77,704.38,822.01,BENIGN
53,677,213,876.83,24.04,DDoS
53,642,253,1041.76,39.65,DDoS
3306,69742,41,638.83,420.09,BENIGN
53,773,217,1078.82,67.95,DDoS
53,61689,8,523.65,968.43,BENIGN
53,51910,32,259.3,343.66,BENIGN
25,868,174,773.97,57.97,DDoS
21,387,252,1183.98,3.16,DDoS
22,491,133,1395.58,26.64,DDoS
80,28762,25,867.39,134.97,BENIGN
25,32797,78,645.24,408.7,BENIGN
8080,795,152,1004.53,42.69,DDoS
21,48139,66,799.22,476.68,BENIGN
25,42973,27,358.81,425.65,BENIGN
22,98157,19,53.95,562.25,BENIGN
3306,39691,20,208.72,245.42,BENIGN
22,66444,71,602.96,691.15,BENIGN
25,990,265,1213.36,39.25,DDoS
8080,174,115,1276.25,39.07,DDoS
80,69674,5,761.6,92.84,BENIGN
80,1836,53,158.24,638.09,BENIGN
53,10,135,1104.59,29.86,DDoS
25,87413,63,53.53,541.57,BENIGN
80,70391,36,500.73,300.95,BENIGN
3306,24496,14,829.52,533.9,BENIGN
21,835,170,913.86,31.75,DDoS
3306,61161,73,249.16,703.29,BENIGN
443,670,299,1219.92,2.53,DDoS
3306,73443,61,88.26,29.26,BENIGN
25,866,191,1215.93,26.5,DDoS
443,70226,6,237.6,903.25,BENIGN
25,36532,6,834.78,690.74,BENIGN
80,184,297,951.59,76.92,DDoS
3306,11084,39,179.71,255.66,BENIGN
3306,89740,70,325.29,760.5,BENIGN
443,513,270,1479.46,4.3,DDoS
443,45642,78,701.34,955.76,BENIGN
8080,4883,35,713.85,461.54,BENIGN
3306,443,127,1243.76,52.85,DDoS
21,818,143,1270.49,6.56,DDoS
53,758,179,953.34,8.52,DDoS
21,456,172,1309.08,8.18,DDoS
3306,460,222,1143.79,32.64,DDoS
8080,568,103,1177.54,62.76,DDoS
80,39253,53,373.51,103.01,BENIGN
22,75967,67,185.84,393.12,BENIGN
21,275,206,816.75,13.38,DDoS
21,496,280,761.54,20.14,DDoS
25,609,237,856.44,8.56,DDoS
3306,44544,80,366.71,864.95,BENIGN
3306,86332,77,157.07,334.25,BENIGN
22,63784,41,192.77,410.27,BENIGN
25,76481,32,320.26,294.69,BENIGN
8080,15927,73,211.83,997.32,BENIGN
80,976,266,1069.3,56.67,DDoS
21,91811,9,744.31,799.74,BENIGN
25,19242,39,248.14,665.49,BENIGN
3306,10694,58,892.0,489.65,BENIGN
3306,72256,5,720.02,372.34,BENIGN
443,15335,32,605.54,367.91,BENIGN
80,74822,52,871.46,344.96,BENIGN
443,2382,13,262.51,520.46,BENIGN
22,59429,48,376.38,776.9,BENIGN
53,46215,4,455.18,309.52,BENIGN
443,16213,19,339.56,356.21,BENIGN
25,46652,61,123.96,727.55,BENIGN
443,40356,6,736.76,132.78,BENIGN
443,89754,22,839.73,745.68,BENIGN
53,44383,72,406.68,472.81,BENIGN
53,25430,56,380.2,742.64,BENIGN
25,78621,55,374.4,710.64,BENIGN
443,592,106,1339.6,42.95,DDoS
22,60972,15,265.62,865.38,BENIGN
8080,79246,50,565.73,595.26,BENIGN
25,81918,23,739.81,711.87,BENIGN
443,689,114,950.55,19.09,DDoS
8080,711,116,1108.66,33.46,DDoS
3306,434,127,1089.34,42.99,DDoS
53,73733,22,461.09,157.49,BENIGN
25,82187,7,784.35,952.81,BENIGN
22,51324,72,474.68,505.07,BENIGN
3306,94079,57,460.28,101.02,BENIGN
22,300,88,919.88,43.01,DDoS
25,580,270,1318.04,39.63,DDoS
443,36112,70,748.02,379.52,BENIGN
80,95238,57,509.86,989.98,BENIGN
22,305,88,1059.79,27.89,DDoS
25,16386,31,220.5,742.86,BENIGN
3306,22755,79,159.74,222.49,BENIGN
80,584,169,1125.82,47.75,DDoS
21,297,226,913.87,68.64,DDoS
443,18771,53,830.14,992.64,BENIGN
53,92937,17,254.72,717.17,BENIGN
3306,65154,19,536.59,283.34,BENIGN
25,10898,12,386.45,754.81,BENIGN
8080,60597,63,321.47,22.42,BENIGN
443,96804,59,585.96,703.34,BENIGN
3306,29551,55,749.37,504.82,BENIGN
21,45270,71,537.02,574.82,BENIGN
8080,90463,7,79.51,633.66,BENIGN
80,17284,21,419.51,20.66,BENIGN
22,91255,17,798.65,315.83,BENIGN
21,13234,47,255.33,384.41,BENIGN
53,7787,51,578.02,731.47,BENIGN
3306,86915,12,645.18,21.06,BENIGN
53,78814,29,486.72,456.17,BENIGN
8080,837,110,1490.52,33.79,DDoS
443,235,178,771.46,64.48,DDoS
8080,903,156,809.7,61.88,DDoS
53,85092,19,98.83,572.03,BENIGN
53,58684,45,661.29,635.52,BENIGN
3306,631,255,1053.91,17.38,DDoS
53,99624,16,547.03,396.35,BENIGN
8080,19327,32,278.19,102.56,BENIGN
21,91502,4,769.19,665.24,BENIGN
22,99021,51,294.17,73.48,BENIGN
22,65865,50,136.96,509.59,BENIGN
80,48329,41,153.51,863.6,BENIGN
8080,72612,23,695.94,955.36,BENIGN
80,77986,9,51.86,231.43,BENIGN
3306,67402,37,580.57,511.03,BENIGN
3306,11803,69,502.38,169.63,BENIGN
443,524,132,1479.45,12.43,DDoS
443,41654,56,667.76,849.54,BENIGN
443,947,191,792.79,48.98,DDoS
53,123,83,1266.32,56.12,DDoS
8080,536,212,1326.39,57.66,DDoS
53,768,279,1398.77,58.63,DDoS
80,344,286,1043.46,41.91,DDoS
443,509,196,1108.63,4.44,DDoS
53,49193,21,259.4,120.85,BENIGN
443,30937,66,42.21,861.52,BENIGN
80,484,173,1006.38,12.01,DDoS
80,73465,54,233.08,263.3,BENIGN
8080,36554,10,531.52,137.01,BENIGN
80,24507,29,731.73,981.79,BENIGN
443,61960,37,705.23,324.48,BENIGN
25,9,174,860.54,45.1,DDoS
22,61807,48,548.85,503.49,BENIGN
22,97005,70,694.01,260.22,BENIGN
3306,25,139,1133.24,50.88,DDoS
80,44911,1,692.68,388.75,BENIGN
21,14624,27,495.64,253.4,BENIGN
80,19661,36,120.0,922.85,BENIGN
3306,92861,48,434.27,752.94,BENIGN
53,84521,51,104.35,576.46,BENIGN
53,32034,38,264.45,328.71,BENIGN
8080,42688,58,273.88,93.19,BENIGN
443,160,107,831.5,37.28,DDoS
8080,28215,58,305.14,279.71,BENIGN
53,827,255,943.37,56.38,DDoS
22,43964,19,118.44,263.25,BENIGN
80,89759,39,263.74,990.86,BENIGN
3306,876,195,1144.76,44.01,DDoS
443,824,283,811.83,0.96,DDoS
22,18133,26,748.36,384.79,BENIGN
443,77326,76,262.59,816.49,BENIGN
443,203,245,1054.75,10.3,DDoS
8080,17059,6,850.36,69.62,BENIGN
3306,95952,51,466.67,395.07,BENIGN
8080,29143,24,276.48,457.09,BENIGN
22,663,155,1099.11,70.62,DDoS
443,37670,50,158.02,215.47,BENIGN
22,83674,70,723.57,989.62,BENIGN
8080,63873,70,712.03,357.15,BENIGN
8080,51905,35,194.64,332.5,BENIGN
21,60,287,1493.23,42.35,DDoS
22,21922,13,253.16,256.33,BENIGN
80,29758,74,767.99,801.44,BENIGN
53,24081,31,549.57,810.09,BENIGN
80,93202,46,854.9,572.33,BENIGN
22,65517,70,305.79,500.63,BENIGN
22,617,136,715.94,38.24,DDoS
22,18103,44,656.57,920.41,BENIGN
8080,8806,3,167.03,710.6,BENIGN
443,867,214,1388.54,76.84,DDoS
3306,77810,13,329.44,336.15,BENIGN
3306,84789,63,598.3,190.72,BENIGN
8080,30260,76,740.43,390.82,BENIGN
21,17691,23,666.79,949.81,BENIGN
3306,75381,5,196.59,331.85,BENIGN
22,84839,73,129.53,506.26,BENIGN
443,32194,45,884.85,184.53,BENIGN
443,93925,43,424.1,279.91,BENIGN
443,359,145,1329.62,57.63,DDoS
25,751,187,1475.28,70.76,DDoS
3306,47036,70,362.8,832.23,BENIGN
22,22319,58,103.39,848.85,BENIGN
8080,268,106,759.36,13.61,DDoS
443,72702,12,330.64,985.57,BENIGN
80,57534,22,562.29,445.52,BENIGN
8080,211,128,1027.42,44.33,DDoS
21,87585,37,295.76,114.0,BENIGN
25,21131,7,350.31,439.05,BENIGN
25,205,104,720.59,13.67,DDoS
443,485,296,792.41,62.79,DDoS
21,12945,70,373.27,383.6,BENIGN
53,59428,6,266.43,475.76,BENIGN
21,578,95,820.9,55.72,DDoS
8080,828,218,1031.19,60.52,DDoS
80,861,179,1354.72,33.49,DDoS
25,76066,31,449.59,97.38,BENIGN
80,66811,74,814.39,804.44,BENIGN
53,16765,58,188.68,984.68,BENIGN
22,17539,6,404.1,988.51,BENIGN
53,78994,34,314.98,732.56,BENIGN
443,51868,72,381.73,339.6,BENIGN
25,940,83,1329.24,49.84,DDoS
3306,15748,54,168.69,575.26,BENIGN
443,14845,73,710.41,790.03,BENIGN
8080,54856,34,369.42,495.87,BENIGN
80,23570,36,386.56,625.88,BENIGN
3306,6083,51,805.03,344.86,BENIGN
25,943,148,1417.63,1.62,DDoS
21,41756,36,764.85,861.07,BENIGN
22,18614,39,877.83,454.25,BENIGN
21,96525,54,560.28,107.5,BENIGN
3306,98117,63,693.16,869.85,BENIGN
53,9600,40,650.23,415.32,BENIGN
80,23772,25,792.66,216.71,BENIGN
80,468,92,1434.42,56.37,DDoS
25,518,181,1208.33,9.91,DDoS
8080,501,232,1056.88,76.84,DDoS
8080,46121,21,760.38,273.49,BENIGN
443,38364,4,372.45,179.65,BENIGN
22,30012,29,622.82,283.7,BENIGN
80,90417,2,447.72,149.67,BENIGN
80,230,144,1186.68,75.44,DDoS
21,56549,49,772.36,469.82,BENIGN
21,694,213,1359.45,31.77,DDoS
8080,575,245,1175.02,22.61,DDoS
25,9367,44,889.99,647.78,BENIGN
21,86998,39,201.99,526.95,BENIGN
80,825,299,1341.89,48.0,DDoS
53,95540,4,603.64,997.52,BENIGN
3306,415,179,1289.39,46.64,DDoS
22,45979,29,630.23,645.55,BENIGN
8080,67494,39,767.06,843.83,BENIGN
53,39506,13,444.87,746.1,BENIGN
53,90091,43,602.81,237.81,BENIGN
21,431,281,1409.47,29.73,DDoS
25,16437,61,86.16,641.71,BENIGN
443,62894,25,470.41,870.15,BENIGN
21,55146,7,788.93,167.76,BENIGN
8080,54633,73,807.85,986.92,BENIGN
53,798,100,1090.06,50.48,DDoS
80,5,195,918.82,60.9,DDoS
53,502,281,1310.86,7.04,DDoS
3306,53873,55,870.18,395.65,BENIGN
22,749,175,1460.05,71.36,DDoS
22,3348,1,578.95,263.85,BENIGN
8080,41906,17,128.33,513.27,BENIGN
443,6992,39,855.68,466.81,BENIGN
8080,57841,18,334.75,903.36,BENIGN
22,22611,52,56.45,239.83,BENIGN
22,97216,3,547.14,185.61,BENIGN
80,50177,33,703.27,630.67,BENIGN
80,87765,14,602.07,39.35,BENIGN
3306,59237,49,146.29,267.68,BENIGN
22,92120,2,298.96,668.43,BENIGN
21,82631,78,642.62,430.45,BENIGN
443,38054,15,714.89,507.78,BENIGN
21,69569,26,347.81,421.56,BENIGN
25,933,133,1250.56,38.45,DDoS
80,688,102,1425.5,66.82,DDoS
53,12807,66,104.54,729.1,BENIGN
22,60867,38,267.15,69.08,BENIGN
80,39085,47,729.37,326.45,BENIGN
443,7014,2,772.72,670.09,BENIGN
8080,916,192,1464.07,21.46,DDoS
8080,45921,24,137.9,412.25,BENIGN
3306,91426,62,727.91,655.87,BENIGN
443,18368,8,884.15,847.46,BENIGN
25,822,225,1242.71,14.5,DDoS
8080,81131,4,781.82,882.35,BENIGN
53,64318,63,137.13,423.06,BENIGN
21,671,160,709.89,69.47,DDoS
22,88797,44,486.43,694.48,BENIGN
3306,87732,32,454.46,670.44,BENIGN
53,74183,79,86.93,650.53,BENIGN
25,873,206,1395.53,5.99,DDoS
22,44371,36,83.3,238.25,BENIGN
3306,31801,11,434.82,805.24,BENIGN
25,59598,41,142.09,507.43,BENIGN
443,53879,53,70.82,558.12,BENIGN
21,67628,72,217.89,678.04,BENIGN
8080,8113,29,766.11,345.33,BENIGN
25,94933,47,655.69,131.74,BENIGN
22,1287,44,345.42,640.99,BENIGN
8080,93025,14,79.37,180.87,BENIGN
3306,110,145,1188.68,15.0,DDoS
3306,29257,59,749.12,206.77,BENIGN
3306,7094,76,145.97,893.92,BENIGN
53,66382,1,496.11,67.6,BENIGN
25,67628,23,634.96,190.18,BENIGN
443,51778,77,561.3,335.41,BENIGN
3306,80822,32,275.29,964.32,BENIGN
25,18481,18,394.96,706.01,BENIGN
21,92946,71,780.21,717.64,BENIGN
22,27330,27,576.78,304.77,BENIGN
53,94113,23,473.35,700.43,BENIGN
443,47168,72,453.12,579.23,BENIGN
3306,89374,69,285.9,850.36,BENIGN
443,4312,49,164.98,676.85,BENIGN
53,294,254,900.45,67.15,DDoS
21,27738,70,67.78,817.75,BENIGN
22,761,245,1149.02,19.01,DDoS
21,91824,7,836.78,399.8,BENIGN
8080,73368,7,51.15,266.31,BENIGN
25,30563,48,689.39,555.68,BENIGN
22,39558,58,192.59,689.01,BENIGN
53,753,211,795.48,3.25,DDoS
21,134,121,1167.19,20.4,DDoS
53,6235,20,838.62,604.94,BENIGN
21,65297,74,513.14,91.42,BENIGN
22,25100,67,98.63,515.04,BENIGN
3306,13051,45,230.23,229.09,BENIGN
8080,39479,28,857.27,625.91,BENIGN
80,16036,45,423.27,906.41,BENIGN
22,6226,42,367.98,800.28,BENIGN
21,554,265,926.26,72.91,DDoS
8080,68411,66,423.18,62.97,BENIGN
22,42984,66,110.82,114.04,BENIGN
80,83173,9,221.27,636.92,BENIGN
3306,856,106,864.46,66.3,DDoS
3306,85746,10,682.33,170.68,BENIGN
8080,5965,12,102.99,194.43,BENIGN
443,589,290,882.12,20.69,DDoS
3306,57757,41,54.53,679.83,BENIGN
443,98773,75,79.14,851.29,BENIGN
443,38989,39,561.65,295.89,BENIGN
3306,52788,4,447.63,542.8,BENIGN
3306,816,284,1379.57,23.6,DDoS
21,89773,48,863.36,30.93,BENIGN
53,17152,6,44.33,604.72,BENIGN
443,40936,27,683.54,905.48,BENIGN
3306,85663,66,162.51,200.31,BENIGN
21,26470,15,195.97,803.67,BENIGN
25,85498,71,102.9,678.25,BENIGN
22,744,228,1089.75,26.47,DDoS
22,103,152,1195.61,72.01,DDoS
25,44036,79,607.1,699.59,BENIGN
8080,828,160,1466.93,13.49,DDoS
22,94349,56,277.94,372.3,BENIGN
8080,63908,60,423.01,779.27,BENIGN
443,24038,78,110.5,295.0,BENIGN
22,35502,10,665.59,894.26,BENIGN
80,77269,75,388.42,598.24,BENIGN
21,72233,70,446.01,779.69,BENIGN
22,78280,38,155.14,511.1,BENIGN
8080,515,82,1230.14,67.84,DDoS
53,68388,18,423.75,195.56,BENIGN
53,97458,62,847.69,59.61,BENIGN
22,9239,34,357.71,61.95,BENIGN
8080,398,200,1434.32,70.52,DDoS
8080,106,260,1474.75,50.69,DDoS
21,593,219,1156.13,30.13,DDoS
443,68720,33,363.64,909.1,BENIGN
8080,46224,63,721.69,889.43,BENIGN
53,451,122,883.99,41.16,DDoS
53,192,120,989.78,57.38,DDoS
22,425,287,964.18,9.07,DDoS
25,28617,76,178.67,836.7,BENIGN
80,131,226,1173.88,10.78,DDoS
53,8328,22,262.1,196.44,BENIGN
80,95312,37,854.64,232.26,BENIGN
25,64133,22,228.65,422.55,BENIGN
53,639,248,1108.64,13.42,DDoS
25,79188,76,99.2,390.65,BENIGN
80,208,213,1387.67,40.35,DDoS
53,80365,13,192.58,903.58,BENIGN
443,13214,62,607.08,903.95,BENIGN
80,89940,56,488.96,382.97,BENIGN
3306,235,285,1085.7,61.49,DDoS
443,56769,18,258.89,770.54,BENIGN
443,38128,77,794.02,420.47,BENIGN
80,592,213,794.26,0.58,DDoS
8080,54588,47,131.66,437.55,BENIGN
21,71268,55,525.62,619.64,BENIGN
3306,99955,27,395.38,788.11,BENIGN
8080,74281,72,456.03,988.74,BENIGN
3306,97440,18,775.3,666.1,BENIGN
25,92660,21,126.24,518.18,BENIGN
80,22068,50,869.53,25.18,BENIGN
53,483,233,1048.3,5.13,DDoS
443,624,89,1279.6,74.45,DDoS
21,94271,77,89.42,778.14,BENIGN
25,450,82,861.37,52.55,DDoS
21,26525,5,714.21,520.34,BENIGN
53,89345,5,349.38,661.92,BENIGN
443,37167,52,343.69,407.24,BENIGN
80,97590,9,830.49,558.6,BENIGN
8080,46544,36,234.61,963.8,BENIGN
3306,76354,1,264.55,418.99,BENIGN
443,516,155,971.97,9.36,DDoS
21,71504,74,255.12,453.91,BENIGN
25,32886,44,866.67,469.67,BENIGN
80,64172,15,261.72,395.02,BENIGN
22,89724,30,728.14,424.18,BENIGN
80,92857,34,253.5,111.15,BENIGN
8080,10965,71,841.0,487.02,BENIGN
21,24957,25,469.14,215.67,BENIGN
21,28102,30,214.38,264.7,BENIGN
53,14983,16,831.36,682.3,BENIGN
80,71972,6,769.29,383.77,BENIGN
21,65330,24,886.58,917.69,BENIGN
22,769,227,802.6,42.06,DDoS
80,66860,45,378.6,692.61,BENIGN
443,716,212,1068.06,55.14,DDoS
22,389,228,780.6,28.93,DDoS
53,72901,34,243.94,481.92,BENIGN
8080,25105,64,404.59,430.71,BENIGN
8080,53506,36,427.63,579.98,BENIGN
22,14090,35,731.52,564.23,BENIGN
22,20116,20,446.77,29.55,BENIGN
53,83660,67,499.23,329.41,BENIGN
21,74680,73,81.03,117.0,BENIGN
22,834,145,1081.23,50.39,DDoS
8080,35048,47,349.86,566.34,BENIGN
8080,3599,53,144.26,870.02,BENIGN
22,76609,74,598.88,547.67,BENIGN
21,47544,42,618.95,497.74,BENIGN
443,50947,79,286.41,639.08,BENIGN
53,656,286,1442.85,33.75,DDoS
3306,10351,11,179.32,243.65,BENIGN
21,94117,35,560.63,407.55,BENIGN
8080,99028,76,488.0,461.28,BENIGN
80,129,266,887.7,20.13,DDoS
443,28600,22,381.46,113.64,BENIGN
25,72884,7,62.67,409.07,BENIGN
443,14622,34,571.57,102.63,BENIGN
3306,41549,30,252.76,298.49,BENIGN
53,70041,22,64.57,670.28,BENIGN
8080,63410,60,878.48,549.77,BENIGN
25,139,258,1131.43,47.27,DDoS
3306,69610,69,306.31,360.22,BENIGN
443,58915,40,354.57,274.61,BENIGN
80,69592,18,335.74,479.81,BENIGN
25,970,273,1081.65,0.73,DDoS
21,79250,30,725.22,557.25,BENIGN
3306,405,143,830.62,58.97,DDoS
3306,29913,34,108.12,632.82,BENIGN
21,38313,69,735.58,424.65,BENIGN
53,18907,38,134.91,466.24,BENIGN
25,25613,42,56.68,68.64,BENIGN
53,14405,37,271.51,720.89,BENIGN
22,12822,20,52.66,232.84,BENIGN
25,49679,60,639.36,51.1,BENIGN
53,58,148,1320.52,5.71,DDoS
22,33778,49,752.3,139.52,BENIGN
22,51436,57,252.56,994.64,BENIGN
443,534,250,1485.69,37.83,DDoS
21,43344,21,581.08,61.34,BENIGN
443,34202,62,589.13,214.75,BENIGN
22,15801,31,584.3,338.02,BENIGN
21,599,110,1016.65,19.45,DDoS
25,91230,77,173.29,775.38,BENIGN
25,94,255,1194.92,74.47,DDoS
80,8834,46,594.33,707.3,BENIGN
53,64942,30,312.4,567.18,BENIGN
8080,58503,25,58.36,390.21,BENIGN
21,6175,63,647.7,567.84,BENIGN
25,25874,73,200.5,360.71,BENIGN
21,79470,71,177.9,540.51,BENIGN
21,71989,47,430.51,780.4,BENIGN
53,3453,80,776.87,780.5,BENIGN
443,675,217,1355.24,15.19,DDoS
53,81352,37,317.44,648.09,BENIGN
443,45,293,1450.24,14.29,DDoS
443,498,129,779.0,45.68,DDoS
25,69920,80,643.13,270.82,BENIGN
443,2715,27,603.94,929.84,BENIGN
25,84744,8,350.4,748.61,BENIGN
8080,93855,8,748.33,280.5,BENIGN
443,855,157,762.35,17.27,DDoS
443,96049,30,497.23,205.67,BENIGN
22,75714,23,520.24,566.98,BENIGN
8080,89407,59,644.19,438.53,BENIGN
53,564,182,1103.75,52.6,DDoS
25,47179,41,513.07,996.91,BENIGN
3306,84000,56,750.49,336.98,BENIGN
22,385,276,1140.19,59.57,DDoS
25,59654,51,40.17,53.97,BENIGN
80,531,114,1494.73,24.15,DDoS
22,29157,41,58.66,825.5,BENIGN
21,73569,66,518.44,927.4,BENIGN
80,472,171,824.89,21.2,DDoS
22,31539,33,737.52,110.07,BENIGN
22,97241,10,662.28,797.05,BENIGN
443,610,244,940.31,58.46,DDoS
443,8329,43,339.22,820.8,BENIGN
443,30716,78,838.64,641.21,BENIGN
80,40948,68,75.42,549.13,BENIGN
22,157,92,1238.91,79.79,DDoS
443,30109,56,289.21,406.44,BENIGN
443,488,226,1296.25,43.85,DDoS
3306,514,191,1319.06,10.43,DDoS
22,500,181,1221.8,15.69,DDoS
22,32760,10,268.98,441.46,BENIGN
443,15749,53,404.24,361.34,BENIGN
80,40953,22,889.38,623.9,BENIGN
25,82681,19,418.8,925.73,BENIGN
8080,160,273,1282.79,6.87,DDoS
22,82396,19,787.13,823.73,BENIGN
443,313,195,1076.95,26.55,DDoS
22,27712,70,490.01,273.48,BENIGN
53,92104,3,363.88,907.92,BENIGN
21,23324,8,284.25,793.4,BENIGN
80,61943,2,97.27,667.17,BENIGN
8080,15141,3,291.55,885.73,BENIGN
3306,67655,13,817.33,494.97,BENIGN
443,25434,26,470.56,468.83,BENIGN
80,6210,32,833.15,318.83,BENIGN
53,3408,45,628.51,368.27,BENIGN
21,9127,33,795.66,892.59,BENIGN
80,73737,36,234.0,354.95,BENIGN
53,12507,49,487.82,684.43,BENIGN
22,55700,31,532.69,437.94,BENIGN
8080,59873,70,153.32,659.42,BENIGN
22,19102,40,632.14,900.67,BENIGN
3306,20025,73,828.72,331.15,BENIGN
443,25134,41,761.99,162.61,BENIGN
8080,902,185,1468.96,24.27,DDoS
21,20917,25,131.82,201.05,BENIGN
21,80377,73,566.63,604.43,BENIGN
80,368,100,1250.51,38.13,DDoS
25,94325,48,198.22,399.71,BENIGN
53,26330,29,67.72,769.25,BENIGN
21,974,185,878.04,53.71,DDoS
22,68,125,1441.68,78.85,DDoS
25,91159,42,785.43,889.84,BENIGN
80,80682,49,659.37,406.27,BENIGN
80,69242,14,428.38,830.47,BENIGN
22,532,217,1016.49,58.81,DDoS
80,25884,38,418.02,886.71,BENIGN
21,61469,22,403.32,620.87,BENIGN
53,475,292,1216.88,7.24,DDoS
53,77735,70,156.36,425.29,BENIGN
53,60464,76,811.09,897.88,BENIGN
443,33778,42,634.88,909.02,BENIGN
443,12952,15,647.35,641.39,BENIGN
3306,745,282,1480.15,48.97,DDoS
3306,45,276,836.71,26.82,DDoS
53,22249,19,193.83,717.81,BENIGN
21,96703,58,288.35,197.08,BENIGN
22,1463,80,698.24,31.96,BENIGN
25,72237,1,562.87,503.6,BENIGN
25,465,184,1053.5,48.1,DDoS
21,635,240,1146.04,66.02,DDoS
53,57,247,979.22,11.63,DDoS
21,340,102,739.23,33.36,DDoS
21,626,249,1253.21,47.6,DDoS
53,60682,75,349.76,55.12,BENIGN
8080,49309,49,745.43,763.27,BENIGN
443,39382,61,155.71,700.73,BENIGN
3306,538,133,1256.66,48.96,DDoS
443,496,265,1250.92,74.71,DDoS
21,56974,78,769.11,274.47,BENIGN
8080,18001,79,523.87,529.31,BENIGN
25,24580,79,240.14,304.68,BENIGN
443,25,199,1200.37,9.43,DDoS
3306,55269,6,327.06,569.21,BENIGN
80,84967,26,633.41,269.33,BENIGN
21,519,220,959.14,0.49,DDoS
8080,52910,73,569.75,48.54,BENIGN
8080,854,166,1437.82,38.33,DDoS
80,85626,18,454.09,634.66,BENIGN
8080,61616,53,837.9,74.9,BENIGN
8080,73768,69,56.1,585.85,BENIGN
8080,9678,20,281.2,50.55,BENIGN
53,75839,78,375.03,603.29,BENIGN
21,93440,41,650.46,286.07,BENIGN
22,381,195,1363.57,24.21,DDoS
53,15710,48,715.05,782.23,BENIGN
25,67321,4,727.16,906.86,BENIGN
8080,946,203,1285.95,41.89,DDoS
53,13878,67,621.98,150.06,BENIGN
25,51801,67,139.62,324.76,BENIGN
443,342,199,1411.35,8.25,DDoS
21,3946,74,692.3,646.07,BENIGN
22,198,153,921.32,25.53,DDoS
443,36737,20,175.45,132.17,BENIGN
443,28076,70,341.27,332.12,BENIGN
21,588,142,837.02,24.91,DDoS
25,7648,17,64.93,905.23,BENIGN
3306,56,102,1041.17,14.32,DDoS
25,81781,46,308.7,821.09,BENIGN
443,62039,73,153.34,816.59,BENIGN
25,13748,59,306.94,651.53,BENIGN
25,31368,29,163.6,897.79,BENIGN
8080,402,126,1259.69,53.21,DDoS
8080,60412,63,66.03,485.83,BENIGN
25,23387,37,700.43,612.35,BENIGN
443,416,289,1271.42,8.56,DDoS
443,40599,69,436.44,598.73,BENIGN
22,562,120,1479.11,30.71,DDoS
3306,58062,73,717.1,553.64,BENIGN
443,758,262,1159.35,38.93,DDoS
25,43647,72,123.98,456.31,BENIGN
3306,10123,77,133.52,817.79,BENIGN
3306,43914,64,594.69,80.25,BENIGN
53,909,228,1422.6,50.89,DDoS
53,677,118,1062.38,23.32,DDoS
25,26646,27,626.1,330.27,BENIGN
21,57980,45,891.65,591.07,BENIGN
3306,17718,38,93.67,903.05,BENIGN
80,93190,72,745.85,372.06,BENIGN
80,31833,56,643.91,406.38,BENIGN
3306,54219,49,414.26,226.99,BENIGN
53,193,222,1007.68,73.96,DDoS
53,38810,17,155.48,90.31,BENIGN
25,674,191,1479.98,10.86,DDoS
3306,881,196,1414.87,55.63,DDoS
53,60558,66,404.75,823.67,BENIGN
22,25352,55,559.93,586.38,BENIGN
22,94340,65,271.56,928.03,BENIGN
80,5963,73,455.61,381.21,BENIGN
443,19623,68,885.88,984.0,BENIGN
25,68757,11,490.09,617.87,BENIGN
443,701,242,1131.36,46.37,DDoS
8080,71127,2,443.23,522.41,BENIGN
8080,56183,46,866.1,802.26,BENIGN
80,712,232,1299.54,58.16,DDoS
80,83483,61,537.2,581.4,BENIGN
21,97649,80,63.48,495.06,BENIGN
443,872,280,922.28,10.6,DDoS
21,15,269,789.24,13.97,DDoS
53,87396,58,358.0,191.89,BENIGN
22,64559,24,727.46,864.77,BENIGN
443,20014,77,843.19,171.07,BENIGN
3306,51222,31,608.17,731.48,BENIGN
8080,56,244,911.52,65.56,DDoS
25,409,201,941.09,59.69,DDoS
22,50781,50,448.15,162.25,BENIGN
80,38852,58,368.52,329.37,BENIGN
80,13761,69,588.18,957.06,BENIGN
21,44904,35,269.7,116.31,BENIGN
3306,61438,31,671.51,596.95,BENIGN
8080,694,256,1494.57,25.06,DDoS
80,852,97,709.57,7.82,DDoS
25,360,136,1280.2,20.15,DDoS
443,59,232,1225.28,66.84,DDoS
443,93808,16,114.29,612.59,BENIGN
53,15528,24,257.87,477.62,BENIGN
25,37226,55,635.31,674.23,BENIGN
21,22229,10,278.47,81.14,BENIGN
80,34847,34,193.02,88.01,BENIGN
22,80993,51,193.46,502.22,BENIGN
3306,224,237,1214.67,73.01,DDoS
443,5569,10,100.55,732.99,BENIGN
80,66234,20,601.46,20.85,BENIGN
3306,273,118,1260.04,72.37,DDoS
25,63670,56,387.36,733.21,BENIGN
443,71795,29,42.84,955.07,BENIGN
25,16886,73,500.36,991.77,BENIGN
21,53509,8,583.75,959.65,BENIGN
8080,83,295,1067.71,61.32,DDoS
53,73676,6,872.06,667.52,BENIGN
3306,918,107,1204.49,28.74,DDoS
25,753,128,811.95,15.45,DDoS
22,65124,50,94.17,549.74,BENIGN
25,3151,5,331.79,350.96,BENIGN
3306,16491,28,734.11,673.97,BENIGN
53,98131,75,240.37,90.59,BENIGN
25,86699,3,445.25,919.66,BENIGN
53,15,124,1206.13,72.37,DDoS
443,60793,79,186.79,599.22,BENIGN
443,15965,64,551.68,623.32,BENIGN
22,437,166,1349.22,78.58,DDoS
8080,16833,74,509.46,335.16,BENIGN
22,6975,76,189.16,81.96,BENIGN
3306,173,258,995.94,13.2,DDoS
80,137,105,1332.84,50.58,DDoS
53,3048,63,109.42,27.08,BENIGN
21,55555,61,635.43,222.04,BENIGN
25,55005,31,846.76,618.33,BENIGN
53,735,207,1189.64,7.04,DDoS
21,46593,54,43.93,250.93,BENIGN
443,634,172,1390.18,78.94,DDoS
25,83111,27,277.73,209.84,BENIGN
25,66210,23,177.39,924.22,BENIGN
8080,292,133,1047.74,26.74,DDoS
25,6677,14,676.76,926.36,BENIGN
80,497,211,792.85,71.61,DDoS
8080,55927,26,682.49,900.41,BENIGN
443,334,138,778.45,59.02,DDoS
3306,29922,10,445.05,494.72,BENIGN
53,29333,79,431.29,399.58,BENIGN
22,648,171,1480.44,16.18,DDoS
80,288,114,788.89,37.24,DDoS
8080,29816,38,559.13,793.76,BENIGN
53,76775,71,775.3,104.74,BENIGN
25,29369,76,447.2,473.51,BENIGN
3306,754,143,898.27,34.74,DDoS
53,936,226,1418.6,33.42,DDoS
25,752,276,1103.37,34.06,DDoS
443,60302,64,246.84,567.32,BENIGN
3306,973,135,806.17,23.66,DDoS
443,3087,62,615.37,178.57,BENIGN
80,60616,60,703.78,876.72,BENIGN
8080,83157,60,645.36,21.34,BENIGN
3306,91538,43,496.59,310.66,BENIGN
22,90740,11,573.59,348.98,BENIGN
8080,7758,15,369.34,476.05,BENIGN
8080,180,245,1147.03,5.36,DDoS
22,19141,43,245.22,131.29,BENIGN
22,99719,29,315.6,899.97,BENIGN
3306,37325,7,94.5,358.32,BENIGN
443,62625,69,623.35,542.2,BENIGN
8080,820,252,1456.29,64.7,DDoS
443,25687,59,115.09,402.87,BENIGN
443,112,122,920.75,55.77,DDoS
22,69247,3,292.13,970.18,BENIGN
53,63115,45,401.31,742.96,BENIGN
22,65,85,1397.43,18.59,DDoS
8080,54961,75,334.8,653.13,BENIGN
25,61031,39,527.84,900.32,BENIGN
21,30724,62,359.84,302.38,BENIGN
53,47284,37,432.1,183.04,BENIGN
21,24891,23,761.83,699.0,BENIGN
53,22135,31,140.55,993.9,BENIGN
25,35132,48,198.67,571.24,BENIGN
8080,353,117,998.33,43.19,DDoS
21,125,86,1023.65,39.95,DDoS
25,951,161,824.84,77.61,DDoS
8080,85835,38,447.56,304.03,BENIGN
53,75086,57,331.27,130.07,BENIGN
80,19274,71,140.51,44.3,BENIGN
22,59454,46,119.53,73.93,BENIGN
22,37428,26,59.39,547.64,BENIGN
443,68081,51,207.23,331.4,BENIGN
80,88394,47,381.9,721.64,BENIGN
3306,49867,2,284.8,364.33,BENIGN
443,29271,57,677.71,427.3,BENIGN
53,96420,55,666.6,425.91,BENIGN
443,19827,27,300.78,988.61,BENIGN
8080,9665,76,690.26,106.68,BENIGN
21,55331,23,518.0,716.04,BENIGN
53,27117,24,755.76,303.67,BENIGN
21,77704,39,464.93,745.06,BENIGN
80,158,147,940.14,51.24,DDoS
443,86696,37,398.75,502.05,BENIGN
22,4728,16,697.66,503.19,BENIGN
8080,77161,62,526.39,870.98,BENIGN
25,91996,16,360.95,738.3,BENIGN
21,167,228,746.81,25.57,DDoS
53,47843,21,85.48,373.94,BENIGN
8080,7385,38,290.83,646.17,BENIGN
22,785,240,846.6,7.56,DDoS
8080,42446,39,273.45,704.01,BENIGN
8080,19837,2,157.78,295.79,BENIGN
3306,45605,21,128.08,171.46,BENIGN
22,815,223,1190.74,66.51,DDoS
443,55702,59,827.79,134.23,BENIGN
80,492,169,949.26,29.01,DDoS
8080,23571,39,64.73,818.28,BENIGN
53,705,138,945.94,16.79,DDoS
3306,91546,15,106.85,779.2,BENIGN
80,26736,14,68.2,666.59,BENIGN
25,16587,33,77.22,315.61,BENIGN
443,802,111,1436.08,16.43,DDoS
53,88896,45,65.16,162.65,BENIGN
21,76989,45,342.89,858.04,BENIGN
22,67179,73,98.77,823.19,BENIGN
22,94822,25,869.27,188.34,BENIGN
80,96072,13,834.84,922.07,BENIGN
25,49033,76,199.21,680.06,BENIGN
8080,389,188,871.42,18.2,DDoS
8080,127,199,788.25,10.87,DDoS
21,74024,6,110.73,503.84,BENIGN
25,79694,40,630.86,844.27,BENIGN
3306,298,298,1042.37,68.54,DDoS
25,90015,48,194.2,998.75,BENIGN
443,52952,57,489.49,682.99,BENIGN
3306,411,257,1172.45,8.14,DDoS
53,9481,47,878.68,351.86,BENIGN
3306,17090,30,760.77,730.7,BENIGN
21,775,282,1340.79,75.46,DDoS
3306,64508,66,279.85,772.64,BENIGN
21,502,207,884.66,75.39,DDoS
80,851,97,1098.51,2.14,DDoS
8080,157,157,1197.57,7.71,DDoS
25,812,199,861.55,52.97,DDoS
21,72098,44,736.15,549.72,BENIGN
80,441,110,1006.9,25.16,DDoS
25,5716,5,192.11,666.22,BENIGN
53,65419,56,155.66,721.41,BENIGN
443,75560,63,607.67,691.67,BENIGN
25,74695,21,475.75,403.56,BENIGN
3306,81863,46,699.16,298.75,BENIGN
80,132,294,993.13,64.76,DDoS
8080,50882,13,408.21,992.11,BENIGN
80,87670,32,252.95,655.12,BENIGN
443,40965,15,330.33,39.32,BENIGN
25,87214,55,528.52,903.38,BENIGN
25,603,85,1488.61,30.22,DDoS
443,65010,13,634.14,221.79,BENIGN
8080,22840,79,297.59,970.04,BENIGN
443,861,297,1128.67,22.99,DDoS
3306,824,137,1199.66,76.64,DDoS
443,78576,44,275.09,575.1,BENIGN
3306,28490,45,724.26,658.51,BENIGN
21,57742,70,309.48,426.03,BENIGN
25,688,275,1138.05,70.47,DDoS
53,76608,64,223.14,962.87,BENIGN
25,36118,69,735.68,855.72,BENIGN
80,69454,26,353.28,164.79,BENIGN
21,865,191,1028.21,68.81,DDoS
22,55059,35,748.39,653.12,BENIGN
22,416,141,790.85,15.35,DDoS
21,476,204,1147.86,34.89,DDoS
80,27475,21,274.53,48.56,BENIGN
21,87333,71,191.35,855.47,BENIGN
25,3609,8,779.24,102.25,BENIGN
443,54347,47,617.64,888.0,BENIGN
53,31938,15,531.04,510.24,BENIGN
21,509,103,890.46,9.78,DDoS
8080,77588,50,733.02,749.08,BENIGN
22,19910,14,190.63,970.53,BENIGN
21,78264,8,461.71,387.21,BENIGN
8080,72531,55,448.37,261.42,BENIGN
53,372,201,1272.54,65.71,DDoS
80,862,269,1229.78,75.27,DDoS
22,34158,71,370.83,646.17,BENIGN
443,71111,31,777.58,400.7,BENIGN
3306,34493,39,117.62,826.25,BENIGN
22,881,121,1432.71,50.51,DDoS
3306,5440,36,785.14,826.73,BENIGN
25,97592,53,836.79,346.07,BENIGN
443,22016,34,475.45,364.82,BENIGN
8080,60409,4,695.3,648.55,BENIGN
25,811,244,808.87,32.05,DDoS
8080,76472,11,135.31,264.61,BENIGN
53,78858,53,721.67,333.01,BENIGN
53,35167,23,631.22,830.23,BENIGN
22,12062,54,356.14,405.62,BENIGN
22,3717,3,833.88,654.16,BENIGN
443,61610,26,265.13,854.79,BENIGN
3306,615,146,819.4,76.64,DDoS
443,15,263,1120.67,61.87,DDoS
25,16533,29,653.66,206.73,BENIGN
21,38743,64,368.58,442.68,BENIGN
22,844,152,1281.37,15.15,DDoS
53,30,154,1480.9,18.84,DDoS
22,49449,75,628.47,469.0,BENIGN
53,893,162,1479.52,31.8,DDoS
3306,726,188,1288.88,20.5,DDoS
80,54,165,1444.85,37.67,DDoS
80,1702,33,473.91,393.32,BENIGN
8080,18332,72,75.37,195.78,BENIGN
25,953,166,1402.32,10.55,DDoS
3306,19585,34,140.48,63.28,BENIGN
21,766,172,1440.99,22.63,DDoS
21,68760,41,414.77,181.68,BENIGN
25,20826,72,773.61,664.27,BENIGN
80,25762,20,86.93,199.48,BENIGN
53,93531,60,415.33,995.3,BENIGN
80,58870,46,890.38,569.64,BENIGN
443,95340,19,146.34,111.71,BENIGN
53,23058,66,747.41,571.98,BENIGN
22,77486,1,492.37,579.37,BENIGN
443,33264,64,622.14,889.62,BENIGN
443,404,175,1172.27,76.1,DDoS
53,4784,11,435.8,713.55,BENIGN
21,78883,1,323.31,62.97,BENIGN
25,43587,73,151.22,866.01,BENIGN
21,43358,8,679.67,556.21,BENIGN
443,53279,33,193.09,965.75,BENIGN
443,3688,27,180.13,783.9,BENIGN
53,124,156,1092.68,34.59,DDoS
21,90779,78,152.91,672.21,BENIGN
22,65175,58,801.46,486.91,BENIGN
3306,12825,55,737.46,621.59,BENIGN
3306,13182,6,481.47,973.81,BENIGN
53,65922,68,581.42,534.18,BENIGN
3306,82,285,1082.09,11.89,DDoS
21,862,143,1118.47,23.64,DDoS
443,940,91,1110.73,40.85,DDoS
25,87619,73,739.03,368.35,BENIGN
80,15933,60,194.41,198.56,BENIGN
443,55558,39,309.99,729.61,BENIGN
25,82764,34,333.55,919.75,BENIGN
22,25259,11,682.45,611.97,BENIGN
443,57858,69,55.41,407.04,BENIGN
25,472,257,1024.07,52.62,DDoS
25,40688,80,739.29,624.41,BENIGN
3306,40669,12,147.58,33.6,BENIGN
80,713,128,1387.21,16.74,DDoS
22,58119,69,204.19,314.9,BENIGN
25,56296,3,140.15,904.37,BENIGN
25,64576,61,56.88,460.53,BENIGN
21,584,292,1367.07,4.07,DDoS
3306,426,297,1096.56,46.29,DDoS
21,5851,63,383.73,523.09,BENIGN
25,31396,8,494.35,433.56,BENIGN
443,36107,54,804.66,134.6,BENIGN
8080,59762,56,57.89,302.25,BENIGN
8080,449,139,1106.11,47.01,DDoS
25,18191,38,661.78,402.56,BENIGN
8080,62908,21,574.78,296.81,BENIGN
25,17920,23,211.56,613.63,BENIGN
3306,966,206,942.92,16.75,DDoS
80,368,146,985.64,12.69,DDoS
80,9344,44,410.33,625.21,BENIGN
22,499,146,1494.93,62.79,DDoS
21,20815,66,559.69,122.06,BENIGN
25,819,197,1470.12,60.46,DDoS
443,74724,6,476.28,183.71,BENIGN
22,933,172,825.63,23.37,DDoS
25,97017,13,172.69,376.46,BENIGN
443,27462,57,873.89,773.83,BENIGN
25,350,153,1104.02,6.82,DDoS
3306,48270,32,170.39,758.44,BENIGN
22,19087,55,395.53,421.12,BENIGN
8080,4901,57,165.2,29.75,BENIGN
443,12112,44,310.73,982.31,BENIGN
80,403,274,729.67,73.8,DDoS
80,647,262,1339.26,70.07,DDoS
3306,53691,71,791.25,727.12,BENIGN
8080,2035,36,814.18,618.19,BENIGN
3306,457,244,864.11,43.55,DDoS
25,92418,45,803.4,785.93,BENIGN
22,40522,11,71.79,347.8,BENIGN
53,69219,70,284.18,110.96,BENIGN
8080,84320,21,60.14,892.51,BENIGN
21,32632,39,664.8,987.22,BENIGN
80,862,175,907.81,40.6,DDoS
443,460,156,1157.95,0.42,DDoS
22,98748,75,526.41,896.45,BENIGN
22,46919,39,284.7,789.09,BENIGN
53,94631,49,486.91,262.68,BENIGN
22,48352,59,124.27,717.41,BENIGN
443,13091,8,405.4,147.46,BENIGN
443,379,253,1121.0,47.06,DDoS
3306,35562,75,468.99,434.95,BENIGN
25,96907,54,748.48,161.46,BENIGN
25,133,260,1110.55,42.33,DDoS
25,63043,5,681.99,945.19,BENIGN
443,79852,53,134.89,382.19,BENIGN
53,121,175,943.94,29.96,DDoS
80,811,116,813.71,47.17,DDoS
21,911,152,872.47,65.53,DDoS
443,72766,45,98.11,63.79,BENIGN
21,75155,58,814.25,785.72,BENIGN
53,19156,65,587.36,766.45,BENIGN
53,96402,42,116.81,632.28,BENIGN
3306,31516,51,331.54,64.9,BENIGN
25,97457,36,595.49,868.63,BENIGN
21,74537,16,593.77,103.45,BENIGN
80,75743,67,202.88,486.32,BENIGN
443,87278,69,194.58,38.59,BENIGN
22,93486,75,422.04,810.78,BENIGN
3306,78187,6,462.67,935.17,BENIGN
53,55386,4,779.3,331.03,BENIGN
443,102,218,834.52,11.52,DDoS
443,158,158,1461.73,54.29,DDoS
8080,186,86,1270.64,23.84,DDoS
53,423,162,906.35,75.33,DDoS
80,27549,31,686.84,594.31,BENIGN
3306,16083,35,92.14,475.53,BENIGN
25,4788,53,584.85,915.46,BENIGN
443,253,275,1143.77,62.82,DDoS
3306,59455,11,767.8,510.42,BENIGN
53,49929,70,887.37,786.38,BENIGN
3306,73764,58,75.94,816.39,BENIGN
21,86597,22,40.47,934.84,BENIGN
21,90128,49,899.35,845.59,BENIGN
21,47,121,1291.35,45.05,DDoS
3306,92544,16,754.23,730.57,BENIGN
3306,28636,79,474.15,806.02,BENIGN
8080,84252,34,882.49,713.6,BENIGN
8080,350,133,1067.84,47.96,DDoS
53,662,80,1187.03,0.34,DDoS
53,424,222,1416.21,56.26,DDoS
443,86078,10,503.24,894.72,BENIGN
25,89112,16,343.58,816.53,BENIGN
8080,51692,23,761.67,815.63,BENIGN
443,61646,48,845.17,455.69,BENIGN
80,777,151,1244.44,56.74,DDoS
21,828,263,876.92,78.41,DDoS
80,37799,64,817.88,712.83,BENIGN
22,841,243,1016.87,69.59,DDoS
25,23344,71,206.64,744.04,BENIGN
53,9566,76,150.29,83.75,BENIGN
22,903,213,1283.12,21.95,DDoS
80,91831,69,568.43,687.07,BENIGN
80,56982,7,774.32,336.54,BENIGN
3306,36918,16,624.95,477.25,BENIGN
80,95531,29,80.39,920.02,BENIGN
8080,1676,51,207.36,100.17,BENIGN
80,97658,29,881.16,435.34,BENIGN
22,202,122,963.38,5.03,DDoS
80,63910,56,734.93,600.68,BENIGN
8080,33821,32,132.74,253.59,BENIGN
80,44724,67,722.94,944.68,BENIGN
25,13539,58,537.88,103.82,BENIGN
80,387,160,1412.07,55.47,DDoS
80,58923,8,299.27,633.66,BENIGN
80,573,93,935.93,30.52,DDoS
3306,239,233,1329.98,49.92,DDoS
25,57112,80,572.54,352.82,BENIGN
80,60516,67,322.25,208.63,BENIGN
443,608,282,1372.62,72.35,DDoS
21,364,187,1085.12,49.67,DDoS
53,817,91,748.39,24.93,DDoS
8080,41788,75,801.29,779.99,BENIGN
21,618,167,932.85,77.62,DDoS
53,8512,31,476.11,838.47,BENIGN
3306,46064,26,879.8,647.74,BENIGN
443,350,128,1234.29,55.58,DDoS
8080,76813,73,868.24,623.78,BENIGN
53,14742,59,793.45,912.33,BENIGN
80,84724,29,636.17,477.21,BENIGN
25,753,276,1462.07,26.52,DDoS
22,53469,24,750.43,26.59,BENIGN
8080,31,222,792.15,23.25,DDoS
8080,45,87,859.3,22.73,DDoS
21,737,124,971.85,44.36,DDoS
80,181,295,909.43,8.1,DDoS
53,50666,15,331.01,226.03,BENIGN
8080,49804,22,849.4,977.56,BENIGN
3306,94184,9,141.9,885.07,BENIGN
22,197,216,1002.56,29.94,DDoS
22,7054,79,545.1,857.35,BENIGN
53,336,143,742.61,63.65,DDoS
25,28425,11,714.81,795.18,BENIGN
53,67665,50,686.12,652.17,BENIGN
25,69012,60,193.94,718.24,BENIGN
25,94801,64,447.43,589.56,BENIGN
80,28158,29,809.6,463.04,BENIGN
22,314,188,1410.97,45.71,DDoS
8080,34361,71,112.89,756.59,BENIGN
8080,236,229,732.91,40.98,DDoS
25,62282,56,391.7,808.41,BENIGN
3306,4239,23,419.85,280.31,BENIGN
443,302,295,1101.41,43.73,DDoS
21,949,138,778.73,5.71,DDoS
22,342,130,1240.09,20.0,DDoS
21,25987,78,898.28,998.44,BENIGN
21,2118,39,282.39,359.7,BENIGN
3306,77015,2,445.92,522.39,BENIGN
53,53101,30,235.16,754.15,BENIGN
25,95700,60,332.97,104.16,BENIGN
3306,92480,54,220.24,460.97,BENIGN
8080,19212,74,791.43,319.46,BENIGN
25,87356,46,332.25,430.76,BENIGN
3306,91507,69,297.69,595.22,BENIGN
80,19236,20,880.43,994.37,BENIGN
3306,50980,27,855.88,82.44,BENIGN
25,15239,43,529.78,462.5,BENIGN
443,23468,14,620.4,194.08,BENIGN
25,4517,24,211.14,913.12,BENIGN
22,31544,38,607.23,88.58,BENIGN
80,176,163,1387.77,32.87,DDoS
443,133,217,1034.73,59.45,DDoS
22,18030,27,306.39,821.54,BENIGN
53,80129,74,847.67,595.74,BENIGN
25,37102,26,46.4,159.84,BENIGN
3306,620,286,897.47,26.31,DDoS
25,61319,60,535.47,742.54,BENIGN
25,356,259,1374.11,63.39,DDoS
53,55401,32,194.44,625.38,BENIGN
3306,87386,24,640.73,113.62,BENIGN
80,32417,21,275.45,635.52,BENIGN
443,715,265,1277.93,17.38,DDoS
443,49330,10,689.64,514.31,BENIGN
3306,60105,22,257.38,515.94,BENIGN
443,84737,60,367.79,751.04,BENIGN
3306,5951,2,255.52,714.92,BENIGN
25,497,198,754.59,43.87,DDoS
25,144,200,1356.34,67.33,DDoS
80,622,105,841.79,9.93,DDoS
53,11169,2,622.55,170.43,BENIGN
22,94639,5,807.71,541.65,BENIGN
80,84203,67,591.27,722.08,BENIGN
3306,91485,40,421.83,606.24,BENIGN
3306,786,131,1443.06,29.97,DDoS
443,17,187,722.36,1.16,DDoS
443,29910,13,725.35,833.84,BENIGN
53,46,186,1110.0,65.25,DDoS
22,82877,27,843.52,407.16,BENIGN
22,29020,14,346.66,190.15,BENIGN
8080,2570,50,222.98,235.69,BENIGN
21,86189,80,357.32,85.98,BENIGN
21,786,233,1099.66,79.24,DDoS
53,34022,13,555.89,981.79,BENIGN
53,44522,23,586.4,886.29,BENIGN
25,9849,43,55.18,913.86,BENIGN
22,66984,76,645.98,33.03,BENIGN
443,317,140,1290.33,60.58,DDoS
80,19029,48,468.9,217.97,BENIGN
80,32203,77,890.15,454.85,BENIGN
53,37454,41,593.5,765.28,BENIGN
3306,85940,37,685.47,244.43,BENIGN
8080,32752,27,503.81,908.5,BENIGN
22,91092,29,562.93,393.86,BENIGN
25,83546,1,95.57,501.81,BENIGN
80,84147,19,846.92,143.05,BENIGN
22,242,209,762.53,58.0,DDoS
22,33102,55,191.73,263.99,BENIGN
25,991,242,861.12,68.99,DDoS
8080,53198,49,184.28,452.55,BENIGN
3306,21431,62,57.04,393.79,BENIGN
21,79011,69,171.41,732.12,BENIGN
25,314,196,926.58,44.97,DDoS
8080,18911,61,208.32,917.81,BENIGN
8080,504,183,1440.55,75.22,DDoS
8080,51336,63,304.72,987.77,BENIGN
80,944,111,1007.86,45.25,DDoS
3306,981,145,1317.02,60.13,DDoS
25,84228,48,638.95,657.89,BENIGN
22,32765,62,69.68,816.86,BENIGN
80,92418,19,264.74,466.36,BENIGN
21,33429,78,537.37,669.35,BENIGN
443,790,103,1215.52,73.35,DDoS
443,68965,25,793.37,182.51,BENIGN
21,66620,69,606.3,395.13,BENIGN
3306,99626,12,133.98,581.16,BENIGN
53,36261,27,839.81,410.01,BENIGN
53,65451,1,123.31,778.27,BENIGN
3306,86789,37,670.42,187.22,BENIGN
53,26954,63,196.51,949.51,BENIGN
22,25331,26,90.72,199.07,BENIGN
21,54581,57,579.08,631.93,BENIGN
53,11460,38,113.71,142.19,BENIGN
80,600,140,1082.32,53.82,DDoS
80,273,272,1464.17,53.23,DDoS
80,13693,28,489.21,27.12,BENIGN
21,64691,61,690.94,612.28,BENIGN
8080,42317,31,849.25,671.78,BENIGN
80,47665,43,733.39,23.02,BENIGN
3306,96056,18,62.09,140.44,BENIGN
22,49290,58,571.78,665.7,BENIGN
3306,87537,25,42.69,645.31,BENIGN
8080,3179,47,791.15,970.21,BENIGN
25,31612,78,456.7,744.42,BENIGN
8080,57087,61,888.71,859.96,BENIGN
3306,39517,78,207.77,160.3,BENIGN
80,17759,64,725.27,315.32,BENIGN
25,23027,58,861.34,492.53,BENIGN
22,28740,22,687.8,666.55,BENIGN
3306,733,87,828.19,74.32,DDoS
21,29885,33,612.7,952.47,BENIGN
53,71063,63,117.78,697.95,BENIGN
443,85408,44,364.23,723.09,BENIGN
3306,86710,72,870.97,448.22,BENIGN
21,119,154,770.14,7.13,DDoS
22,98598,15,532.64,144.87,BENIGN
3306,76617,1,307.29,598.26,BENIGN
3306,434,161,1317.02,63.8,DDoS
53,69124,78,548.07,124.45,BENIGN
25,324,117,1352.92,23.75,DDoS
25,151,233,926.71,59.76,DDoS
80,79496,41,305.65,990.53,BENIGN
25,647,292,872.56,23.32,DDoS
80,44665,20,751.98,226.4,BENIGN
22,92803,7,833.92,780.52,BENIGN
3306,40203,21,892.31,556.98,BENIGN
25,46653,51,376.31,537.29,BENIGN
22,718,299,1138.41,7.79,DDoS
80,94007,39,433.48,180.42,BENIGN
25,299,117,867.81,64.35,DDoS
80,371,265,1384.91,8.16,DDoS
53,50355,55,624.32,184.86,BENIGN
8080,998,201,843.71,4.2,DDoS
8080,78777,56,873.97,634.43,BENIGN
80,16571,31,381.11,316.64,BENIGN
53,86563,49,707.23,991.34,BENIGN
443,61774,49,276.69,660.13,BENIGN
443,16286,11,144.96,648.58,BENIGN
22,4018,76,532.76,581.18,BENIGN
443,814,231,844.88,38.74,DDoS
3306,40107,74,147.7,338.72,BENIGN
53,54127,3,378.67,821.11,BENIGN
25,9379,67,759.94,548.2,BENIGN
443,99763,27,870.49,899.65,BENIGN
53,6,222,1057.79,25.14,DDoS
22,669,121,770.26,20.54,DDoS
443,17346,65,296.78,966.95,BENIGN
80,255,156,736.93,75.66,DDoS
21,87397,69,422.63,585.53,BENIGN
8080,80452,69,479.11,694.17,BENIGN
80,32077,5,201.74,313.72,BENIGN
53,79924,71,225.79,371.88,BENIGN
3306,77,220,903.97,30.54,DDoS
3306,60777,11,852.48,683.0,BENIGN
53,71242,27,100.68,738.02,BENIGN
22,94643,48,524.73,654.82,BENIGN
53,56009,20,312.07,792.03,BENIGN
22,11161,35,147.17,127.79,BENIGN
443,44169,12,352.02,346.85,BENIGN
22,281,82,778.36,78.36,DDoS
443,802,111,840.59,58.27,DDoS
25,13522,68,340.05,580.71,BENIGN
21,623,105,1417.26,13.66,DDoS
3306,24681,45,733.23,684.26,BENIGN
3306,63503,76,149.71,29.31,BENIGN
53,87188,17,162.7,576.21,BENIGN
8080,725,279,899.29,48.7,DDoS
53,58535,46,726.68,512.18,BENIGN
3306,534,263,1405.11,65.12,DDoS
443,41063,53,702.7,848.34,BENIGN
443,96676,31,852.59,181.81,BENIGN
21,568,206,1346.68,0.86,DDoS
53,63869,64,482.91,998.0,BENIGN
443,54145,2,570.01,912.67,BENIGN
3306,93090,69,684.71,259.34,BENIGN
80,80609,58,869.6,681.03,BENIGN
22,23913,10,355.66,150.65,BENIGN
80,56407,64,366.02,385.82,BENIGN
22,852,218,1380.62,68.62,DDoS
25,301,147,870.45,59.04,DDoS
22,40953,66,750.13,54.72,BENIGN
25,8536,46,45.07,471.15,BENIGN
443,6,169,1412.16,14.89,DDoS
443,57466,63,209.89,538.51,BENIGN
3306,17232,63,45.94,774.06,BENIGN
25,405,175,939.43,34.27,DDoS
21,112,192,1225.02,35.15,DDoS
3306,6,171,1406.86,56.74,DDoS
21,42,114,1015.64,59.51,DDoS
53,88320,26,855.6,960.5,BENIGN
443,56193,63,513.11,803.82,BENIGN
8080,99446,52,471.6,925.09,BENIGN
3306,18225,15,863.6,796.86,BENIGN
8080,513,83,1313.91,18.92,DDoS
8080,57317,77,674.19,445.64,BENIGN
25,85,274,1043.16,49.41,DDoS
53,33698,36,699.39,866.88,BENIGN
22,88337,55,210.63,712.33,BENIGN
53,25729,76,580.86,165.75,BENIGN
3306,40,150,1492.32,74.33,DDoS
22,12919,7,367.1,534.47,BENIGN
22,30068,44,406.43,80.12,BENIGN
80,40883,15,271.55,294.94,BENIGN
3306,33370,41,809.79,198.12,BENIGN
8080,218,153,1077.65,72.68,DDoS
53,259,205,990.86,24.35,DDoS
80,700,221,1316.37,10.42,DDoS
8080,98377,76,494.82,384.16,BENIGN
22,77588,50,115.02,124.24,BENIGN
443,6379,76,872.76,886.36,BENIGN
22,93361,58,835.93,93.38,BENIGN
8080,40515,61,891.09,217.96,BENIGN
80,17755,25,399.66,717.37,BENIGN
8080,48973,58,581.68,135.08,BENIGN
25,55919,68,840.95,513.79,BENIGN
21,714,113,931.73,76.46,DDoS
22,759,288,1018.0,54.78,DDoS
443,22694,57,685.63,396.47,BENIGN
3306,80589,35,217.96,23.53,BENIGN
80,68213,59,473.28,726.17,BENIGN
22,304,261,914.81,9.53,DDoS
22,299,90,1211.69,75.36,DDoS
53,277,282,741.22,78.4,DDoS
22,71070,15,41.2,360.51,BENIGN
8080,43540,11,853.93,886.31,BENIGN
53,419,236,935.92,78.82,DDoS
80,47593,29,668.21,294.1,BENIGN
80,551,248,1483.01,62.25,DDoS
443,95712,49,853.26,272.2,BENIGN
22,58958,29,318.87,219.84,BENIGN
3306,21400,58,239.28,731.76,BENIGN
25,13280,64,196.1,201.33,BENIGN
22,75666,63,851.29,196.8,BENIGN
21,167,125,1354.0,54.99,DDoS
53,74,189,896.2,72.73,DDoS
443,95936,68,158.07,755.44,BENIGN
443,387,178,716.57,66.12,DDoS
80,18324,32,702.3,282.3,BENIGN
80,2231,14,506.44,821.89,BENIGN
443,27518,18,453.17,571.59,BENIGN
53,41289,43,451.86,258.93,BENIGN
21,83245,70,145.84,828.43,BENIGN
21,106,210,1409.17,33.22,DDoS
22,25,138,1041.71,11.79,DDoS
22,90707,50,630.62,720.55,BENIGN
25,23224,15,233.09,957.34,BENIGN
443,631,165,794.68,73.87,DDoS
80,80233,20,193.14,539.87,BENIGN
3306,20689,39,577.29,301.27,BENIGN
21,66437,48,842.28,814.51,BENIGN
443,1285,20,708.89,163.66,BENIGN
25,739,283,1328.44,38.27,DDoS
3306,983,266,922.78,7.24,DDoS
53,51465,46,314.61,435.36,BENIGN
3306,79871,43,158.87,945.15,BENIGN
3306,55874,71,467.51,543.1,BENIGN
22,51413,11,539.63,433.4,BENIGN
22,93155,12,242.27,22.81,BENIGN
80,48500,72,447.58,150.92,BENIGN
8080,370,297,1379.46,62.29,DDoS
25,148,293,1382.65,77.75,DDoS
22,28621,29,88.04,155.05,BENIGN
53,50474,4,638.67,436.21,BENIGN
443,679,228,759.02,66.99,DDoS
80,20252,47,161.5,260.14,BENIGN
3306,154,275,845.94,59.48,DDoS
21,62628,53,661.4,455.09,BENIGN
80,38587,15,174.06,883.53,BENIGN
53,516,121,708.69,66.61,DDoS
25,73634,34,830.47,511.83,BENIGN
3306,21552,35,876.89,531.07,BENIGN
53,98404,28,384.35,74.88,BENIGN
443,91757,60,450.58,659.65,BENIGN
3306,22603,7,730.87,653.71,BENIGN
443,107,99,990.16,62.3,DDoS
22,37989,21,505.75,84.01,BENIGN
21,25607,71,213.48,930.62,BENIGN
443,584,224,735.9,78.92,DDoS
80,42232,12,851.42,28.31,BENIGN
21,53184,65,207.6,756.81,BENIGN
53,93098,13,324.93,898.58,BENIGN
53,4104,76,724.62,487.41,BENIGN
80,39026,21,170.32,473.84,BENIGN
443,95170,30,800.59,811.33,BENIGN
53,66748,67,893.36,616.56,BENIGN
8080,59652,17,331.56,373.11,BENIGN
3306,6244,50,245.64,997.07,BENIGN
53,75304,64,123.77,34.64,BENIGN
21,72714,12,469.06,465.71,BENIGN
21,166,97,924.09,29.07,DDoS
53,728,277,1068.59,78.89,DDoS
25,86235,18,848.25,972.25,BENIGN
8080,38568,52,391.77,627.29,BENIGN
25,49068,66,766.56,953.0,BENIGN
3306,67314,58,266.03,878.03,BENIGN
80,98129,32,641.78,569.58,BENIGN
443,298,176,826.56,31.94,DDoS
3306,896,198,1235.32,27.92,DDoS
25,15302,11,195.04,126.18,BENIGN
3306,57769,26,385.31,83.18,BENIGN
25,28870,61,138.32,465.49,BENIGN
25,20072,28,315.36,50.7,BENIGN
3306,9178,47,719.02,978.99,BENIGN
22,889,85,1462.12,54.69,DDoS
53,86,116,755.41,32.41,DDoS
25,893,187,1119.82,53.57,DDoS
80,95,189,973.62,60.25,DDoS
8080,965,187,1085.3,42.84,DDoS
3306,47490,74,374.66,29.73,BENIGN
22,11198,75,570.2,337.26,BENIGN
8080,2859,20,810.99,935.14,BENIGN
8080,15890,53,266.01,727.84,BENIGN
53,84138,58,589.47,586.81,BENIGN
22,431,258,1136.87,13.29,DDoS
8080,28494,25,875.7,585.3,BENIGN
8080,17,157,1417.32,40.17,DDoS
25,86054,59,396.09,364.69,BENIGN
3306,69572,43,137.51,192.3,BENIGN
53,73450,77,179.89,447.16,BENIGN
3306,650,152,1261.67,75.03,DDoS
443,12484,14,117.09,36.1,BENIGN
443,66064,80,837.42,117.71,BENIGN
80,88518,38,772.47,227.63,BENIGN
3306,16007,26,776.45,951.54,BENIGN
25,55124,51,46.54,387.15,BENIGN
21,275,248,911.6,67.08,DDoS
3306,89250,31,43.58,910.88,BENIGN
80,158,282,999.52,65.34,DDoS
8080,44920,22,864.88,992.97,BENIGN
3306,198,237,1215.55,66.28,DDoS
3306,17891,50,880.53,190.24,BENIGN
53,58331,30,125.64,805.15,BENIGN
3306,83223,34,760.11,175.87,BENIGN
443,13224,4,416.18,636.32,BENIGN
80,82015,70,831.71,97.2,BENIGN
53,60468,46,200.44,659.47,BENIGN
22,549,295,896.2,62.4,DDoS
21,87410,7,276.47,936.28,BENIGN
443,15540,59,837.39,140.23,BENIGN
21,917,126,774.22,39.54,DDoS
22,52222,13,462.29,41.52,BENIGN
443,216,255,1035.93,71.18,DDoS
25,22116,24,296.93,905.57,BENIGN
80,16362,44,894.62,494.23,BENIGN
80,21760,67,677.86,928.05,BENIGN
80,549,85,1114.4,60.88,DDoS
8080,118,135,723.6,11.09,DDoS
53,275,150,1085.26,76.26,DDoS
21,62216,64,415.01,947.42,BENIGN
21,23670,26,630.87,889.57,BENIGN
3306,106,229,1334.52,47.01,DDoS
22,977,264,1090.27,70.63,DDoS
21,42779,80,132.5,395.38,BENIGN
8080,383,241,1355.47,35.95,DDoS
21,77922,53,292.39,830.15,BENIGN
8080,53206,4,138.6,812.86,BENIGN
53,47890,32,102.47,663.82,BENIGN
8080,17030,2,313.99,30.68,BENIGN
25,75379,42,812.92,570.41,BENIGN
22,70109,28,128.51,292.49,BENIGN
443,76228,54,626.63,446.5,BENIGN
22,26837,7,730.34,508.68,BENIGN
3306,16631,16,429.4,609.4,BENIGN
22,76551,3,285.13,650.79,BENIGN
80,61525,37,152.71,967.52,BENIGN
80,346,245,713.02,37.59,DDoS
3306,95798,39,276.22,758.62,BENIGN
8080,65725,79,80.48,312.47,BENIGN
25,85029,16,765.05,938.95,BENIGN
22,49,291,708.32,8.41,DDoS
3306,30667,22,115.69,729.63,BENIGN
80,91209,7,263.33,789.25,BENIGN
21,77,147,963.46,49.02,DDoS
21,92575,22,835.38,591.78,BENIGN
8080,883,117,1302.43,71.02,DDoS
3306,84480,58,614.68,531.33,BENIGN
25,678,205,1481.08,25.75,DDoS
22,13032,34,698.93,717.15,BENIGN
22,87439,27,637.67,93.64,BENIGN
22,2720,28,442.61,397.36,BENIGN
8080,28349,76,694.98,523.65,BENIGN
21,93866,59,603.55,850.85,BENIGN
53,225,173,1008.46,36.19,DDoS
22,53455,25,99.03,434.63,BENIGN
443,20305,60,793.53,750.13,BENIGN
25,192,148,722.87,52.95,DDoS
21,16509,71,112.3,442.84,BENIGN
3306,521,165,742.53,21.81,DDoS
3306,750,188,855.15,15.16,DDoS
21,543,235,1094.89,34.69,DDoS
22,15559,29,139.06,897.16,BENIGN
22,9630,69,126.89,241.94,BENIGN
3306,52368,51,127.12,739.25,BENIGN
21,65903,27,187.09,219.5,BENIGN
21,97191,1,121.05,513.18,BENIGN
25,97874,40,773.2,694.18,BENIGN
443,171,127,965.72,36.42,DDoS
25,57088,43,57.91,974.88,BENIGN
53,90024,2,550.84,970.15,BENIGN
25,33441,61,134.07,822.55,BENIGN
21,30922,68,472.71,759.89,BENIGN
443,40924,43,429.25,740.12,BENIGN
21,87954,63,258.04,469.58,BENIGN
21,94081,43,806.58,779.04,BENIGN
25,15779,35,629.77,733.65,BENIGN
3306,877,136,1227.49,11.33,DDoS
22,76705,56,349.1,749.48,BENIGN
3306,655,107,1472.36,70.17,DDoS
25,70062,23,268.17,685.49,BENIGN
3306,78220,54,852.93,290.72,BENIGN
8080,855,236,798.37,63.63,DDoS
8080,38802,15,873.74,508.95,BENIGN
25,90249,20,489.94,303.99,BENIGN
53,40799,63,287.9,803.79,BENIGN
80,223,152,1360.38,9.87,DDoS
80,57403,46,607.82,20.63,BENIGN
8080,900,152,1328.21,40.16,DDoS
53,12272,35,162.67,738.39,BENIGN
443,39116,29,67.64,934.28,BENIGN
3306,433,182,1473.53,7.85,DDoS
21,612,159,838.64,34.87,DDoS
53,90564,26,255.02,427.99,BENIGN
21,88,156,1153.33,50.27,DDoS
3306,58264,13,159.2,453.06,BENIGN
8080,62391,46,407.8,432.1,BENIGN
80,74257,4,863.44,432.5,BENIGN
21,32804,75,480.5,144.73,BENIGN
21,8017,51,148.3,676.68,BENIGN
25,8123,11,87.04,833.3,BENIGN
8080,78901,13,746.87,574.13,BENIGN
80,16917,75,620.0,744.58,BENIGN
22,529,116,1149.64,77.38,DDoS
53,309,240,948.71,79.13,DDoS
25,639,256,860.56,5.37,DDoS
443,533,104,897.76,8.29,DDoS
25,401,94,1440.84,23.99,DDoS
53,31792,70,263.83,620.5,BENIGN
443,57669,19,587.13,201.11,BENIGN
22,23383,66,677.83,555.75,BENIGN
21,38938,13,864.82,503.1,BENIGN
3306,51570,14,439.01,817.22,BENIGN
21,469,110,1151.37,0.88,DDoS
25,6587,46,868.01,478.55,BENIGN
21,2195,21,347.66,858.72,BENIGN
8080,93566,68,375.94,81.51,BENIGN
8080,86974,73,331.79,720.88,BENIGN
21,87303,39,834.19,86.85,BENIGN
25,50351,61,561.02,196.77,BENIGN
21,17963,42,546.41,589.11,BENIGN
3306,9856,6,65.39,738.22,BENIGN
443,512,253,1081.13,60.79,DDoS
22,14819,23,666.22,396.4,BENIGN
443,9116,79,255.42,56.67,BENIGN
25,50063,78,582.91,48.87,BENIGN
443,716,195,1002.1,79.11,DDoS
22,26653,33,462.35,685.27,BENIGN
53,445,288,1122.82,63.2,DDoS
80,645,251,776.96,2.66,DDoS
80,369,278,1026.42,43.73,DDoS
53,699,266,1466.19,58.26,DDoS
22,28194,74,751.72,510.83,BENIGN
53,9802,57,407.66,388.6,BENIGN
443,131,280,1113.8,8.07,DDoS
80,79838,70,324.59,239.54,BENIGN
21,52173,46,98.44,874.04,BENIGN
443,71047,74,247.6,527.4,BENIGN
21,53326,80,88.72,703.57,BENIGN
25,960,147,1222.59,2.58,DDoS
22,44848,8,159.79,556.15,BENIGN
80,31882,64,102.7,949.04,BENIGN
80,46330,10,856.92,606.18,BENIGN
443,73276,62,854.08,285.1,BENIGN
80,509,209,880.2,28.02,DDoS
22,3810,8,62.66,786.19,BENIGN
3306,699,255,1290.34,44.2,DDoS
3306,713,112,1043.77,34.15,DDoS
25,121,237,1486.03,29.42,DDoS
3306,941,94,890.54,7.36,DDoS
3306,766,272,1410.67,63.45,DDoS
80,95349,32,738.85,95.08,BENIGN
53,290,91,951.3,48.19,DDoS
21,18002,78,382.12,664.43,BENIGN
443,33794,70,217.04,711.15,BENIGN
22,59135,39,849.63,784.6,BENIGN
22,540,148,955.09,43.31,DDoS
8080,923,185,1264.4,49.75,DDoS
22,934,115,1373.14,41.68,DDoS
22,17088,48,663.42,792.18,BENIGN
22,716,192,1219.93,36.3,DDoS
25,857,88,916.24,47.06,DDoS
443,8827,36,774.93,396.26,BENIGN
3306,394,193,735.53,16.46,DDoS
3306,546,93,1228.32,2.5,DDoS
80,80788,44,833.52,909.3,BENIGN
22,4584,44,664.18,629.1,BENIGN
80,15314,71,373.78,726.87,BENIGN
25,56552,74,658.53,773.63,BENIGN
3306,479,270,1494.09,19.06,DDoS
21,90469,36,113.56,264.93,BENIGN
8080,75852,51,73.2,288.78,BENIGN
21,802,247,1348.21,48.64,DDoS
8080,857,147,1378.07,35.5,DDoS
80,478,89,1472.71,38.42,DDoS
22,54557,8,538.43,97.96,BENIGN
8080,9394,57,194.63,770.66,BENIGN
25,131,138,1204.27,11.75,DDoS
80,31496,15,602.96,200.57,BENIGN
25,77007,41,76.08,723.01,BENIGN
21,999,145,712.89,67.59,DDoS
80,79719,31,340.77,95.93,BENIGN
443,32061,27,320.18,383.93,BENIGN
3306,10357,55,793.23,160.22,BENIGN
8080,44907,53,811.76,387.22,BENIGN
21,82515,4,177.87,63.72,BENIGN
80,14924,78,221.87,326.84,BENIGN
8080,29163,49,754.43,51.95,BENIGN
3306,86093,11,861.45,959.45,BENIGN
3306,71643,16,768.93,537.2,BENIGN
25,676,214,1116.27,25.36,DDoS
21,933,142,962.95,63.92,DDoS
22,60745,41,683.44,133.11,BENIGN
3306,371,100,981.59,40.45,DDoS
25,80327,30,426.11,430.47,BENIGN
53,71466,32,707.75,419.47,BENIGN
53,80370,34,724.44,354.74,BENIGN
3306,432,209,1486.6,46.08,DDoS
22,24581,59,53.34,138.37,BENIGN
25,761,105,801.12,2.73,DDoS
53,10570,17,482.81,538.72,BENIGN
3306,47447,17,385.99,565.8,BENIGN
443,45146,44,548.67,624.3,BENIGN
80,10666,46,856.93,912.46,BENIGN
3306,38917,62,642.1,738.77,BENIGN
443,20956,1,550.46,382.48,BENIGN
3306,43000,57,191.98,728.08,BENIGN
443,238,156,1094.63,3.86,DDoS
3306,38389,42,370.3,762.15,BENIGN
80,97288,27,410.26,292.69,BENIGN
8080,14037,45,284.92,136.18,BENIGN
25,230,123,930.78,73.42,DDoS
443,31366,36,161.26,222.71,BENIGN
53,4584,77,816.19,960.66,BENIGN
22,1873,63,755.95,45.26,BENIGN
3306,750,193,1116.72,66.48,DDoS
443,734,260,1435.35,9.6,DDoS
25,35479,12,783.47,993.22,BENIGN
443,47362,11,680.08,237.99,BENIGN
53,520,165,920.89,50.45,DDoS
443,93642,41,807.35,57.59,BENIGN
8080,195,295,1146.54,67.01,DDoS
80,33232,18,544.26,874.67,BENIGN
22,272,200,821.15,65.11,DDoS
21,18274,26,585.9,106.94,BENIGN
22,1419,56,97.84,566.58,BENIGN
53,40,187,1250.39,49.07,DDoS
22,84586,45,456.44,663.8,BENIGN
21,861,139,1400.03,53.44,DDoS
3306,79360,46,507.34,309.51,BENIGN
21,430,194,960.32,52.99,DDoS
25,980,161,1228.49,27.81,DDoS
53,64404,63,556.91,693.48,BENIGN
21,520,135,1411.85,62.63,DDoS
8080,268,252,954.09,31.31,DDoS
3306,35170,7,270.75,733.62,BENIGN
80,41437,58,392.44,581.06,BENIGN
22,799,240,788.25,77.46,DDoS
53,80293,70,57.13,727.78,BENIGN
443,93370,43,824.52,771.51,BENIGN
80,68980,27,351.4,214.47,BENIGN
3306,881,263,883.47,64.1,DDoS
8080,55184,28,515.54,263.73,BENIGN
80,774,214,782.02,31.83,DDoS
53,38105,39,60.85,638.92,BENIGN
80,36711,16,739.18,390.3,BENIGN
21,12130,10,103.55,727.67,BENIGN
3306,3641,2,678.68,550.86,BENIGN
443,97452,76,721.65,210.4,BENIGN
21,43431,55,480.63,42.96,BENIGN
22,103,147,1475.41,46.1,DDoS
3306,13197,29,871.52,569.78,BENIGN
22,51123,3,894.11,733.01,BENIGN
443,60279,29,536.98,44.39,BENIGN
25,49473,62,524.31,649.96,BENIGN
443,13502,72,185.56,867.53,BENIGN
22,11995,19,386.75,841.31,BENIGN
22,8724,64,256.74,325.23,BENIGN
53,5785,42,632.54,606.76,BENIGN
21,91491,27,689.33,798.8,BENIGN
8080,86460,31,316.78,714.69,BENIGN
443,14768,55,641.36,388.17,BENIGN
53,69149,16,182.93,448.85,BENIGN
80,56598,64,186.82,807.09,BENIGN
3306,53350,2,295.21,446.77,BENIGN
21,536,162,1192.08,29.73,DDoS
53,39036,67,629.12,806.76,BENIGN
8080,69076,78,256.07,473.62,BENIGN
53,22527,68,654.97,484.39,BENIGN
53,20706,61,97.66,977.44,BENIGN
22,27118,13,502.45,344.41,BENIGN
25,609,120,753.42,50.91,DDoS
8080,83420,2,837.98,289.09,BENIGN
3306,77607,40,355.86,771.65,BENIGN
22,11154,76,171.08,736.04,BENIGN
21,578,106,801.36,41.79,DDoS
3306,44274,74,703.9,600.33,BENIGN
25,215,123,702.14,18.55,DDoS
53,147,122,1080.37,0.02,DDoS
80,141,210,1345.79,34.03,DDoS
21,66585,16,247.06,405.38,BENIGN
25,47529,40,761.24,330.63,BENIGN
22,979,122,1456.39,66.69,DDoS
3306,74464,57,461.48,793.19,BENIGN
3306,86471,45,193.09,868.82,BENIGN
8080,96484,55,223.85,568.6,BENIGN
22,51129,48,193.94,752.68,BENIGN
25,370,214,855.91,46.9,DDoS
8080,34260,65,832.54,614.64,BENIGN
21,658,202,1018.64,79.66,DDoS
21,82955,8,875.18,826.86,BENIGN
25,80632,59,461.66,483.98,BENIGN
443,6006,48,64.8,896.38,BENIGN
53,892,297,805.32,33.57,DDoS
80,59114,8,310.24,860.73,BENIGN
22,671,237,1289.96,26.61,DDoS
8080,93970,22,818.92,595.11,BENIGN
80,88096,52,398.09,674.37,BENIGN
22,845,274,1101.22,58.32,DDoS
25,46,150,1186.82,55.1,DDoS
80,41784,36,522.08,135.36,BENIGN
443,75211,60,115.82,919.65,BENIGN
443,191,161,1172.92,77.26,DDoS
80,29511,48,435.9,879.65,BENIGN
21,90245,25,682.77,743.35,BENIGN
3306,93525,37,193.08,157.62,BENIGN
22,25673,35,799.87,193.57,BENIGN
25,271,103,1091.91,46.3,DDoS
25,83709,22,71.59,838.03,BENIGN
22,93037,56,338.35,814.69,BENIGN
22,45850,65,514.39,748.27,BENIGN
22,265,135,1074.15,2.52,DDoS
53,487,115,1073.8,25.84,DDoS
80,43253,14,581.35,871.94,BENIGN
3306,487,165,969.34,72.24,DDoS
8080,314,121,1073.47,14.89,DDoS
25,608,227,1255.6,58.48,DDoS
22,34105,48,556.81,492.91,BENIGN
80,31710,65,132.76,437.38,BENIGN
3306,608,87,831.22,13.31,DDoS
22,75447,18,151.71,346.48,BENIGN
443,41537,19,729.28,469.54,BENIGN
80,675,117,860.33,13.77,DDoS
53,31957,27,415.43,729.65,BENIGN
8080,6,202,827.46,7.99,DDoS
3306,92590,28,825.04,675.07,BENIGN
22,13559,50,150.51,767.78,BENIGN
8080,920,152,1355.83,58.43,DDoS
3306,71007,10,338.31,676.48,BENIGN
80,30057,78,193.22,250.45,BENIGN
80,81028,77,686.45,916.29,BENIGN
53,66529,25,78.05,315.9,BENIGN
3306,670,126,1040.57,22.8,DDoS
25,5564,34,864.32,433.3,BENIGN
443,477,286,766.11,54.89,DDoS
3306,823,286,709.78,25.52,DDoS
3306,90954,59,49.97,660.74,BENIGN
3306,8144,39,405.48,747.22,BENIGN
25,515,175,1324.8,56.96,DDoS
8080,15637,23,883.43,541.08,BENIGN
443,20711,1,329.92,935.49,BENIGN
22,68488,79,665.76,465.89,BENIGN
21,41,111,1394.32,36.82,DDoS
8080,259,188,969.97,23.69,DDoS
21,24426,38,346.92,37.17,BENIGN
80,79089,15,347.23,55.88,BENIGN
22,23968,11,500.09,143.53,BENIGN
25,442,150,976.31,36.64,DDoS
25,6326,10,320.87,57.52,BENIGN
443,51058,66,883.03,97.19,BENIGN
21,56381,52,59.25,951.35,BENIGN
443,857,190,1472.13,63.49,DDoS
21,81685,66,503.68,797.85,BENIGN
80,50051,74,446.71,765.5,BENIGN
53,37287,65,617.44,612.53,BENIGN
21,36740,1,390.18,38.34,BENIGN
53,37014,35,437.7,794.45,BENIGN
443,30009,29,55.54,338.12,BENIGN
21,746,262,1187.45,36.85,DDoS
8080,71969,50,449.02,566.5,BENIGN
8080,46398,57,170.53,857.27,BENIGN
53,89209,50,259.9,51.62,BENIGN
443,83756,63,522.74,358.39,BENIGN
8080,312,154,1300.69,36.12,DDoS
53,82902,75,183.39,364.59,BENIGN
80,99485,37,518.54,500.94,BENIGN
53,388,235,1459.06,9.88,DDoS
22,15500,74,288.84,867.6,BENIGN
3306,73098,53,342.74,233.4,BENIGN
21,42864,47,582.04,670.95,BENIGN
8080,66838,69,497.96,240.6,BENIGN
25,38523,58,174.99,875.88,BENIGN
80,70817,43,696.12,663.07,BENIGN
443,51246,75,601.67,974.76,BENIGN
80,82117,29,159.17,627.52,BENIGN
3306,3992,42,564.44,183.13,BENIGN
443,49535,3,678.95,885.84,BENIGN
22,22152,59,357.4,877.16,BENIGN
22,331,113,934.39,71.56,DDoS
25,471,142,1246.94,35.49,DDoS
53,997,198,1100.17,8.89,DDoS
8080,21875,32,437.5,963.22,BENIGN
80,699,253,1025.08,41.58,DDoS
3306,10222,54,863.51,885.69,BENIGN
80,58477,62,751.87,78.59,BENIGN
80,48628,52,656.3,521.33,BENIGN
3306,17260,14,165.55,277.25,BENIGN
443,95633,22,355.16,663.41,BENIGN
22,815,203,868.07,7.77,DDoS
443,61062,63,687.15,761.84,BENIGN
25,44340,58,641.62,576.87,BENIGN
53,20401,67,288.05,236.6,BENIGN
8080,94559,38,303.73,721.52,BENIGN
21,63296,57,619.02,171.35,BENIGN
53,20205,78,291.41,396.54,BENIGN
80,28742,75,300.54,592.55,BENIGN
3306,489,238,1420.0,77.79,DDoS
8080,69594,48,365.06,927.56,BENIGN
25,23988,62,811.53,33.95,BENIGN
8080,30468,40,217.53,167.09,BENIGN
443,86196,26,346.59,470.14,BENIGN
80,98813,68,812.4,746.55,BENIGN
80,53231,13,858.74,517.27,BENIGN
443,994,284,744.78,45.34,DDoS
21,817,269,846.15,74.91,DDoS
22,91392,59,192.59,979.79,BENIGN
21,94,270,852.01,66.46,DDoS
53,536,157,748.69,18.21,DDoS
25,61852,13,501.76,785.78,BENIGN
443,26745,62,140.11,101.72,BENIGN
22,613,204,939.97,0.77,DDoS
443,95369,57,708.56,210.9,BENIGN
25,1064,33,688.92,609.33,BENIGN
53,44075,65,455.62,298.08,BENIGN
21,70755,32,333.38,684.29,BENIGN
25,15610,24,459.32,332.82,BENIGN
25,65983,21,193.76,765.23,BENIGN
443,59090,44,588.58,547.82,BENIGN
443,782,139,870.57,40.14,DDoS
25,14489,39,837.69,226.09,BENIGN
8080,21498,25,699.1,790.09,BENIGN
53,43687,67,883.79,660.42,BENIGN
21,30979,34,445.9,859.11,BENIGN
53,41138,43,664.97,832.65,BENIGN
21,56744,73,378.45,428.78,BENIGN
3306,8249,53,344.11,809.26,BENIGN
21,3553,26,219.4,722.34,BENIGN
8080,25,162,1042.0,30.59,DDoS
22,29177,80,472.53,859.28,BENIGN
22,165,163,1278.28,75.32,DDoS
80,87431,50,631.51,910.71,BENIGN
21,80522,76,362.52,119.41,BENIGN
21,71503,48,416.79,298.55,BENIGN
443,43538,53,748.91,876.47,BENIGN
22,74641,12,416.9,341.29,BENIGN
21,73964,68,742.89,695.78,BENIGN
443,892,281,1259.4,59.12,DDoS
8080,59437,28,198.36,478.96,BENIGN
8080,27081,34,259.61,752.7,BENIGN
443,658,185,1041.86,64.49,DDoS
80,68143,48,53.93,448.46,BENIGN
8080,810,217,1093.61,45.99,DDoS
443,75095,12,877.84,784.98,BENIGN
443,76225,60,564.63,993.09,BENIGN
3306,37289,60,428.11,882.93,BENIGN
8080,10571,24,597.14,353.01,BENIGN
3306,3815,52,534.27,26.23,BENIGN
80,2119,29,317.25,167.49,BENIGN
8080,70778,59,602.11,216.32,BENIGN
8080,94703,74,171.24,777.53,BENIGN
53,104,86,1126.74,75.56,DDoS
53,554,169,1463.73,26.2,DDoS
22,87267,27,213.46,180.02,BENIGN
22,29473,46,63.47,880.08,BENIGN
443,50166,4,421.8,749.06,BENIGN
3306,7450,58,417.15,214.66,BENIGN
443,13170,23,475.76,586.74,BENIGN
53,28477,16,849.0,745.83,BENIGN
8080,55411,25,220.88,108.98,BENIGN
25,34460,66,136.31,467.81,BENIGN
3306,410,299,780.05,28.83,DDoS
443,57904,39,237.25,707.19,BENIGN
3306,62782,3,858.13,289.22,BENIGN
8080,6946,19,768.78,193.81,BENIGN
53,144,257,1075.85,3.12,DDoS
22,97973,38,359.67,426.58,BENIGN
53,179,212,1472.24,59.36,DDoS
53,48850,15,716.44,49.38,BENIGN
3306,641,175,1427.18,21.21,DDoS
80,44461,4,804.39,53.54,BENIGN
3306,7094,70,364.25,606.54,BENIGN
53,14122,2,339.85,238.25,BENIGN
443,15733,61,439.41,426.78,BENIGN
25,18616,78,736.11,20.71,BENIGN
21,17803,42,604.48,378.27,BENIGN
443,63624,64,683.9,854.93,BENIGN
22,528,113,1344.36,11.41,DDoS
443,95013,52,282.78,622.71,BENIGN
21,190,266,1227.5,26.29,DDoS
21,18263,42,402.94,667.98,BENIGN
80,99033,50,583.42,798.31,BENIGN
80,19737,5,758.43,253.07,BENIGN
80,75984,62,456.11,357.02,BENIGN
3306,60258,28,429.75,277.55,BENIGN
21,86912,66,834.54,350.51,BENIGN
21,45693,63,703.93,467.19,BENIGN
8080,782,212,910.29,62.56,DDoS
80,72213,17,121.34,975.59,BENIGN
443,73150,38,148.62,360.67,BENIGN
443,67155,24,381.9,942.42,BENIGN
22,19574,29,707.28,214.7,BENIGN
53,74778,68,491.54,804.25,BENIGN
22,91923,68,183.41,175.57,BENIGN
22,99448,20,505.11,956.03,BENIGN
22,37493,7,864.79,949.92,BENIGN
3306,916,201,1074.4,10.89,DDoS
80,10813,33,649.17,674.76,BENIGN
443,61,273,1028.3,11.5,DDoS
22,52280,21,595.63,403.18,BENIGN
8080,73,137,1470.69,22.1,DDoS
443,96155,75,852.13,168.81,BENIGN
21,43922,2,587.61,530.21,BENIGN
25,31432,57,296.99,142.37,BENIGN
25,21142,10,797.0,759.17,BENIGN
21,6370,49,760.66,270.34,BENIGN
3306,77674,22,793.57,697.61,BENIGN
21,30443,67,128.62,997.65,BENIGN
8080,32626,64,759.57,963.98,BENIGN
443,37726,36,818.07,647.46,BENIGN
21,47748,11,51.12,718.83,BENIGN
25,30017,76,413.04,280.44,BENIGN
25,74488,78,760.17,388.31,BENIGN
3306,6518,78,132.71,841.44,BENIGN
443,76448,13,141.03,768.75,BENIGN
3306,52608,6,338.68,792.37,BENIGN
80,53257,56,615.4,45.13,BENIGN
80,83643,43,124.97,922.26,BENIGN
25,34228,46,743.8,357.17,BENIGN
22,37258,58,713.99,338.02,BENIGN
21,22049,27,520.29,866.21,BENIGN
3306,99739,45,711.63,188.62,BENIGN
443,44747,46,570.11,745.06,BENIGN
22,42488,40,127.12,727.5,BENIGN
8080,82500,64,589.95,761.43,BENIGN
25,360,166,1344.72,71.66,DDoS
53,43304,3,135.87,590.21,BENIGN
21,74389,69,193.0,626.1,BENIGN
443,93,262,1178.38,70.15,DDoS
21,20105,44,498.23,408.82,BENIGN
443,97506,38,567.54,971.33,BENIGN
22,59004,6,251.48,171.91,BENIGN
80,65814,29,756.59,983.6,BENIGN
22,451,245,1349.22,11.63,DDoS
80,879,236,1086.62,35.12,DDoS
22,55044,24,769.2,589.28,BENIGN
3306,98883,34,647.8,982.28,BENIGN
21,57533,48,353.48,927.0,BENIGN
8080,79,257,807.59,68.8,DDoS
22,71552,75,150.74,981.39,BENIGN
25,71170,41,130.13,829.77,BENIGN
8080,735,259,1215.97,44.33,DDoS
25,36275,74,759.49,471.03,BENIGN
3306,9474,22,59.02,459.5,BENIGN
8080,63472,19,94.85,367.32,BENIGN
21,75678,33,854.72,733.21,BENIGN
25,57469,18,888.14,230.9,BENIGN
21,44323,30,530.08,878.45,BENIGN
53,71728,76,310.43,26.64,BENIGN
8080,77997,16,706.17,89.59,BENIGN
3306,748,121,1286.05,19.9,DDoS
53,24755,4,598.49,505.08,BENIGN
443,97,183,1159.2,75.92,DDoS
3306,50976,61,159.12,356.43,BENIGN
8080,182,261,1044.29,20.16,DDoS
21,412,131,881.31,78.85,DDoS
8080,60208,13,490.53,39.99,BENIGN
80,90484,48,122.12,21.69,BENIGN
80,1610,42,370.89,47.1,BENIGN
8080,10094,23,202.09,628.45,BENIGN
22,1000,168,777.57,54.65,DDoS
8080,588,125,1413.15,56.51,DDoS
53,67496,20,740.35,456.2,BENIGN
443,41850,38,132.69,689.37,BENIGN
53,14070,64,206.12,172.15,BENIGN
8080,60594,71,755.32,788.38,BENIGN
443,45347,32,354.5,254.66,BENIGN
22,53990,6,348.16,918.28,BENIGN
443,69136,12,610.62,334.14,BENIGN
3306,72615,26,283.0,152.77,BENIGN
21,83095,55,387.64,389.53,BENIGN
25,14673,42,522.68,617.47,BENIGN
21,90660,8,493.69,60.8,BENIGN
21,78000,74,506.8,648.11,BENIGN
80,7187,39,371.02,364.73,BENIGN
3306,97801,66,490.63,194.72,BENIGN
80,29114,13,433.22,201.99,BENIGN
8080,75,262,862.89,16.54,DDoS
80,6928,49,217.19,695.6,BENIGN
80,32508,43,886.59,987.34,BENIGN
8080,53685,6,174.1,606.78,BENIGN
21,56422,74,650.75,904.05,BENIGN
21,54635,2,397.66,425.37,BENIGN
22,837,279,1090.57,48.01,DDoS
3306,6478,58,150.84,695.71,BENIGN
443,119,120,1421.77,39.08,DDoS
8080,172,269,905.2,54.47,DDoS
3306,38330,69,286.34,858.4,BENIGN
443,405,290,1408.48,16.17,DDoS
25,206,112,1114.58,2.86,DDoS
443,30968,5,756.46,200.79,BENIGN
443,32686,56,569.18,449.35,BENIGN
80,679,208,1313.43,15.12,DDoS
8080,45,225,711.37,12.22,DDoS
21,24006,45,437.35,903.53,BENIGN
3306,157,154,1104.48,18.02,DDoS
8080,87246,57,61.77,451.72,BENIGN
21,73987,21,163.29,964.89,BENIGN
443,420,212,1127.42,49.49,DDoS
8080,380,89,814.79,8.3,DDoS
3306,4,224,746.73,31.0,DDoS
22,83350,5,524.73,92.45,BENIGN
25,75906,50,282.92,623.73,BENIGN
22,90506,63,566.84,358.24,BENIGN
25,63800,20,430.63,881.86,BENIGN
21,653,267,839.48,77.39,DDoS
53,49244,3,411.29,313.86,BENIGN
3306,728,218,1381.35,79.0,DDoS
8080,214,183,1036.91,33.42,DDoS
25,51913,60,352.66,339.49,BENIGN
22,33244,28,652.83,577.02,BENIGN
8080,61735,71,781.7,796.24,BENIGN
21,28985,51,161.55,126.48,BENIGN
21,82735,53,83.76,232.83,BENIGN
53,87461,50,845.92,443.15,BENIGN
80,91959,27,371.93,673.65,BENIGN
53,657,182,1160.06,64.07,DDoS
8080,480,142,1394.42,10.44,DDoS
8080,81000,79,496.31,635.52,BENIGN
443,806,96,768.6,0.69,DDoS
80,44451,12,309.43,903.77,BENIGN
53,981,134,946.05,5.28,DDoS
8080,77473,58,448.58,709.53,BENIGN
443,822,223,827.85,70.44,DDoS
443,546,238,1027.74,44.93,DDoS
21,91434,32,879.47,670.59,BENIGN
25,100,273,731.5,70.42,DDoS
25,23342,3,544.11,988.02,BENIGN
25,77662,74,196.38,896.11,BENIGN
8080,45535,11,802.38,87.51,BENIGN
21,694,180,1433.41,8.88,DDoS
22,84128,42,291.42,796.93,BENIGN
8080,80011,64,53.72,893.23,BENIGN
53,48869,33,205.14,294.64,BENIGN
80,65174,41,819.0,70.97,BENIGN
21,270,194,1496.92,27.0,DDoS
25,676,100,966.34,2.51,DDoS
80,97290,74,56.52,393.06,BENIGN
3306,51907,5,637.95,284.88,BENIGN
8080,68185,55,390.19,355.29,BENIGN
21,73401,25,460.39,281.34,BENIGN
443,88323,41,780.87,897.9,BENIGN
53,826,275,785.64,5.95,DDoS
53,75961,31,709.83,866.42,BENIGN
80,755,286,972.91,72.71,DDoS
25,647,164,1328.91,8.47,DDoS
53,205,270,1441.25,14.85,DDoS
443,1503,56,720.77,248.41,BENIGN
443,397,162,1200.36,15.41,DDoS
25,80358,24,443.52,736.93,BENIGN
80,59001,24,476.52,97.97,BENIGN
21,19860,70,534.87,205.56,BENIGN
443,193,127,1378.89,60.5,DDoS
3306,651,294,1173.85,48.12,DDoS
21,29607,55,255.82,357.86,BENIGN
80,671,254,901.33,60.34,DDoS
443,506,168,1422.15,4.83,DDoS
3306,11479,58,50.32,749.38,BENIGN
8080,715,254,1184.41,76.74,DDoS
8080,60085,46,678.29,490.84,BENIGN
25,42087,70,899.22,206.48,BENIGN
80,91553,46,392.37,882.38,BENIGN
3306,61768,60,428.87,159.24,BENIGN
3306,4208,18,717.91,393.83,BENIGN
53,53352,47,52.0,795.55,BENIGN
53,20796,76,853.6,232.65,BENIGN
25,154,149,969.85,1.73,DDoS
21,73001,36,235.86,496.8,BENIGN
3306,58030,21,459.11,672.47,BENIGN
443,9769,42,647.18,615.66,BENIGN
25,823,135,1033.08,1.04,DDoS
53,45378,40,628.29,440.42,BENIGN
53,543,152,972.88,29.87,DDoS
53,49439,73,874.57,81.86,BENIGN
3306,33258,27,852.34,694.52,BENIGN
8080,84082,61,716.65,563.9,BENIGN
8080,92531,25,815.6,966.16,BENIGN
22,93812,76,564.07,817.06,BENIGN
25,912,84,950.77,70.46,DDoS
53,82737,42,109.92,501.12,BENIGN
21,9772,58,375.04,209.32,BENIGN
53,48681,8,447.42,238.87,BENIGN
8080,845,238,1086.04,11.69,DDoS
8080,497,160,1183.82,42.9,DDoS
22,79326,78,143.51,738.75,BENIGN
22,69616,65,282.91,794.9,BENIGN
80,40082,34,215.65,310.18,BENIGN
3306,81,174,1071.95,72.78,DDoS
3306,569,120,1175.08,60.68,DDoS
21,467,150,858.22,48.52,DDoS
53,331,84,799.13,69.42,DDoS
8080,19579,41,755.35,387.53,BENIGN
3306,662,162,1016.43,26.13,DDoS
80,85360,37,318.65,761.36,BENIGN
80,741,263,1270.93,39.73,DDoS
53,20866,14,489.59,941.32,BENIGN
8080,996,171,970.53,33.01,DDoS
25,53502,70,93.45,428.03,BENIGN
53,72840,12,740.35,459.53,BENIGN
21,233,141,745.21,54.68,DDoS
22,491,90,733.74,60.68,DDoS
53,66612,41,317.74,760.84,BENIGN
80,67879,38,463.32,676.25,BENIGN
443,6259,26,547.12,224.66,BENIGN
80,46794,11,540.16,380.76,BENIGN
53,53059,28,170.94,27.2,BENIGN
21,35818,72,361.9,400.65,BENIGN
21,44841,26,321.27,275.14,BENIGN
21,463,87,1056.43,77.42,DDoS
3306,27816,24,136.92,399.7,BENIGN
22,205,274,1156.17,59.78,DDoS
22,78759,39,350.41,73.28,BENIGN
21,29417,66,60.48,32.11,BENIGN
8080,28047,64,854.24,400.8,BENIGN
3306,79880,22,831.9,490.57,BENIGN
22,11180,79,132.24,20.27,BENIGN
80,878,82,1457.43,74.41,DDoS
3306,96518,73,866.64,115.29,BENIGN
22,56465,48,105.45,429.14,BENIGN
80,921,110,941.64,21.02,DDoS
22,16771,4,797.05,933.4,BENIGN
443,89,265,887.84,69.58,DDoS
21,36398,3,644.47,490.13,BENIGN
53,29242,9,381.88,389.88,BENIGN
3306,851,199,1029.94,77.83,DDoS
80,87063,9,865.11,878.85,BENIGN
25,27568,35,61.0,286.52,BENIGN
22,91397,58,736.9,995.92,BENIGN
3306,573,259,1090.82,18.52,DDoS
80,38554,47,116.04,379.95,BENIGN
53,49924,48,664.53,549.95,BENIGN
8080,54346,23,538.98,384.67,BENIGN
21,20350,64,621.11,419.67,BENIGN
443,79925,33,800.9,346.15,BENIGN
25,60083,70,781.15,180.99,BENIGN
53,614,167,1132.17,66.56,DDoS
53,836,282,864.65,55.46,DDoS
3306,902,108,1492.4,43.52,DDoS
80,34386,71,611.59,181.41,BENIGN
8080,501,109,960.39,66.92,DDoS
3306,69566,51,228.4,364.11,BENIGN
443,30597,59,173.9,700.06,BENIGN
80,67127,14,465.87,917.53,BENIGN
21,32697,52,300.46,225.06,BENIGN
22,4080,3,66.74,138.65,BENIGN
443,69,144,1062.08,9.52,DDoS
3306,2385,77,298.19,399.99,BENIGN
3306,635,230,1435.64,50.82,DDoS
25,5131,64,314.88,50.42,BENIGN
3306,99686,69,702.02,434.25,BENIGN
8080,90764,63,895.39,392.37,BENIGN
443,63242,33,507.61,101.31,BENIGN
443,60596,49,684.18,256.55,BENIGN
80,43319,40,515.26,709.96,BENIGN
3306,13445,2,628.09,601.56,BENIGN
80,67361,57,99.43,197.61,BENIGN
3306,821,217,1222.96,3.9,DDoS
25,23795,58,292.31,179.49,BENIGN
8080,437,108,1249.45,77.49,DDoS
25,498,143,704.55,62.06,DDoS
53,50377,6,299.96,238.95,BENIGN
25,30980,57,735.24,949.08,BENIGN
53,143,113,1292.29,75.73,DDoS
25,66030,47,723.13,441.37,BENIGN
8080,84208,70,131.44,484.18,BENIGN
3306,69,96,769.79,70.22,DDoS
25,53602,65,830.58,908.48,BENIGN
443,4160,21,114.28,203.05,BENIGN
8080,571,147,1082.3,77.67,DDoS
3306,16184,72,74.19,218.4,BENIGN
3306,2467,48,91.59,792.33,BENIGN
21,600,215,707.09,70.43,DDoS
22,882,202,1340.98,15.09,DDoS
25,29065,13,188.28,561.97,BENIGN
443,20151,17,777.75,162.49,BENIGN
25,68290,10,526.9,262.13,BENIGN
8080,30536,34,389.5,757.32,BENIGN
8080,800,181,722.13,53.73,DDoS
3306,59959,78,759.28,240.23,BENIGN
25,81595,66,804.32,653.12,BENIGN
53,32632,77,488.28,507.19,BENIGN
80,428,96,1149.35,56.36,DDoS
80,49433,36,378.21,475.22,BENIGN
8080,40779,69,560.55,920.94,BENIGN
25,68035,63,372.04,873.74,BENIGN
53,62515,44,118.25,499.88,BENIGN
443,33976,35,843.38,877.26,BENIGN
22,42032,42,820.21,574.69,BENIGN
21,26145,43,485.2,423.31,BENIGN
3306,686,248,850.68,49.04,DDoS
21,25899,47,652.85,561.85,BENIGN
25,596,213,838.73,57.97,DDoS
22,27965,77,719.35,833.78,BENIGN
25,384,142,1013.3,57.36,DDoS
25,71439,44,165.85,613.86,BENIGN
3306,833,220,1487.09,0.26,DDoS
21,951,206,1063.81,79.27,DDoS
21,67993,73,401.62,280.39,BENIGN
25,79023,14,449.68,399.15,BENIGN
53,126,172,1308.1,79.54,DDoS
443,285,107,1138.79,21.47,DDoS
3306,27855,6,806.53,575.24,BENIGN
8080,640,264,921.74,34.38,DDoS
21,951,221,982.84,18.91,DDoS
8080,781,136,837.47,77.31,DDoS
80,22023,12,531.27,621.85,BENIGN
25,17326,13,251.73,418.27,BENIGN
53,914,124,1434.1,22.36,DDoS
21,446,228,1388.72,67.97,DDoS
22,14155,11,391.34,455.25,BENIGN
3306,872,237,1300.56,1.84,DDoS
22,89252,63,415.52,877.64,BENIGN
80,66409,65,569.45,841.45,BENIGN
8080,19941,10,556.82,704.95,BENIGN
3306,28149,28,310.22,417.0,BENIGN
21,921,139,1003.56,70.22,DDoS
22,85603,9,428.93,804.1,BENIGN
8080,48123,49,57.62,447.57,BENIGN
3306,12725,56,259.24,243.99,BENIGN
21,63721,21,184.95,856.57,BENIGN
22,5757,49,353.53,765.5,BENIGN
53,95,237,1256.25,4.01,DDoS
21,464,118,934.52,68.68,DDoS
53,235,184,949.28,41.64,DDoS
443,636,93,1158.09,62.65,DDoS
53,38780,71,444.41,434.8,BENIGN
80,828,130,1182.11,6.16,DDoS
21,24426,69,146.76,473.29,BENIGN
53,21017,69,841.65,260.73,BENIGN
53,785,149,1110.6,1.66,DDoS
80,52616,18,183.62,479.69,BENIGN
22,80818,48,533.52,293.69,BENIGN
53,728,108,1270.74,12.97,DDoS
80,9791,49,156.88,301.46,BENIGN
25,89804,51,513.27,731.71,BENIGN
25,85849,67,344.38,613.41,BENIGN
3306,99517,33,490.18,419.52,BENIGN
25,17546,5,217.93,607.8,BENIGN
21,16143,78,817.58,394.92,BENIGN
80,323,204,858.96,1.28,DDoS
53,59974,76,719.85,754.24,BENIGN
21,52951,32,162.39,902.49,BENIGN
21,64802,52,441.06,475.9,BENIGN
25,18093,54,865.27,260.46,BENIGN
443,303,175,742.5,37.21,DDoS
3306,11239,77,292.8,824.67,BENIGN
80,63843,9,343.13,209.61,BENIGN
53,2449,13,165.51,716.88,BENIGN
80,522,135,1204.54,29.7,DDoS
8080,81337,59,338.36,340.01,BENIGN
443,58461,63,412.73,523.69,BENIGN
443,21097,49,323.93,719.99,BENIGN
21,19868,19,695.41,212.41,BENIGN
21,52694,29,76.03,316.85,BENIGN
22,55837,73,206.55,803.48,BENIGN
3306,72703,73,259.43,917.75,BENIGN
443,168,299,729.97,58.18,DDoS
22,62381,22,835.35,503.61,BENIGN
25,832,167,1193.44,78.36,DDoS
21,76634,72,511.22,903.3,BENIGN
8080,70036,20,614.27,838.65,BENIGN
21,78837,32,234.53,41.78,BENIGN
8080,67694,39,469.03,729.79,BENIGN
21,34769,14,748.7,563.91,BENIGN
22,33602,60,818.45,927.53,BENIGN
8080,55086,52,400.59,344.59,BENIGN
53,639,203,1458.79,53.03,DDoS
80,58098,52,740.95,170.97,BENIGN
80,44749,48,141.67,250.97,BENIGN
25,52949,76,224.06,441.5,BENIGN
22,626,285,831.92,12.74,DDoS
3306,11863,13,110.6,800.27,BENIGN
3306,505,103,1447.5,63.49,DDoS
53,7731,1,445.24,52.03,BENIGN
8080,696,255,1434.47,56.0,DDoS
443,6299,22,807.88,343.54,BENIGN
443,41,237,700.17,73.8,DDoS
3306,65272,14,269.9,305.6,BENIGN
443,81312,37,159.21,473.09,BENIGN
53,85340,66,122.66,614.35,BENIGN
80,52562,44,611.91,701.01,BENIGN
8080,67699,40,292.54,711.54,BENIGN
22,41543,42,221.07,472.06,BENIGN
80,11414,8,545.41,135.36,BENIGN
25,130,118,1278.22,22.6,DDoS
8080,76926,31,658.03,446.63,BENIGN
21,960,261,867.82,37.86,DDoS
53,401,129,976.07,3.91,DDoS
21,52060,24,738.77,474.23,BENIGN
8080,59931,18,741.57,750.38,BENIGN
8080,99502,73,786.6,200.28,BENIGN
53,33846,54,120.17,878.01,BENIGN
80,19394,31,480.99,505.45,BENIGN
22,739,126,1034.3,61.67,DDoS
8080,81593,48,329.97,122.51,BENIGN
22,28664,19,325.97,665.49,BENIGN
21,70582,51,805.04,993.76,BENIGN
22,58008,6,431.26,724.73,BENIGN
25,6834,37,326.04,419.19,BENIGN
443,63195,54,838.98,915.82,BENIGN
22,42311,76,231.69,279.41,BENIGN
80,31077,75,258.56,280.06,BENIGN
80,30071,58,245.52,22.21,BENIGN
443,822,285,918.91,65.15,DDoS
3306,3142,65,786.95,738.1,BENIGN
21,79675,7,467.11,588.57,BENIGN
21,16187,31,836.04,401.25,BENIGN
53,72442,26,52.22,440.91,BENIGN
22,63896,3,125.54,932.46,BENIGN
53,87174,38,617.76,427.26,BENIGN
22,96572,21,350.83,769.79,BENIGN
443,79,119,1398.58,68.24,DDoS
22,68,279,1316.27,60.68,DDoS
53,117,275,1061.03,9.72,DDoS
25,67948,16,453.87,622.08,BENIGN
8080,13062,46,191.7,810.47,BENIGN
21,96068,3,823.39,627.94,BENIGN
443,9314,21,165.4,177.13,BENIGN
22,63742,45,65.62,856.44,BENIGN
3306,14575,66,707.24,414.41,BENIGN
25,793,230,1298.19,5.35,DDoS
22,87117,64,519.41,468.7,BENIGN
8080,27098,6,71.29,204.32,BENIGN
80,88107,48,597.9,427.22,BENIGN
8080,61749,11,155.31,114.06,BENIGN
443,78710,18,447.15,562.51,BENIGN
8080,16696,80,737.31,790.42,BENIGN
22,41902,69,747.06,307.58,BENIGN
80,40348,18,638.48,819.38,BENIGN
21,45556,53,883.93,975.63,BENIGN
25,41420,39,389.91,45.62,BENIGN
53,729,103,1395.6,74.51,DDoS
443,48517,15,121.84,278.92,BENIGN
443,24936,74,222.59,804.36,BENIGN
21,319,295,1308.51,60.39,DDoS
443,94429,71,844.28,872.89,BENIGN
21,14164,52,686.98,59.92,BENIGN
3306,13185,43,271.38,71.01,BENIGN
80,110,202,734.02,64.76,DDoS
443,35640,21,548.13,569.97,BENIGN
443,44786,22,199.21,919.8,BENIGN
443,83685,3,444.47,734.17,BENIGN
22,418,81,1245.13,70.01,DDoS
22,65572,71,244.6,441.13,BENIGN
3306,26227,68,291.73,153.49,BENIGN
3306,76803,37,271.65,624.06,BENIGN
3306,34423,78,468.0,978.26,BENIGN
22,98882,33,634.52,585.08,BENIGN
443,88952,32,153.91,59.4,BENIGN
80,96846,10,628.3,150.3,BENIGN
443,589,80,1221.48,57.38,DDoS
80,55179,14,333.57,458.13,BENIGN
443,890,174,960.09,32.89,DDoS
21,59118,26,777.67,163.0,BENIGN
22,88275,32,461.33,950.16,BENIGN
21,1400,56,438.68,80.18,BENIGN
80,99084,59,490.88,219.76,BENIGN
21,145,152,923.46,34.09,DDoS
443,601,196,978.27,51.54,DDoS
21,63499,50,271.89,490.74,BENIGN
53,3247,31,594.89,396.89,BENIGN
53,15394,35,660.27,531.59,BENIGN
21,87283,67,727.54,751.47,BENIGN
443,248,152,901.68,19.54,DDoS
53,83250,64,880.61,23.3,BENIGN
8080,91392,71,400.96,354.47,BENIGN
53,15216,40,659.96,436.35,BENIGN
21,77833,26,580.81,676.44,BENIGN
8080,13594,49,445.79,212.34,BENIGN
80,879,166,985.5,60.71,DDoS
25,30829,56,863.45,36.1,BENIGN
53,237,185,1393.24,16.4,DDoS
443,14449,71,419.5,153.01,BENIGN
22,49611,13,71.49,31.46,BENIGN
443,37754,76,805.23,895.24,BENIGN
22,627,110,774.81,20.03,DDoS
22,6789,61,632.54,550.25,BENIGN
80,65166,28,724.32,889.72,BENIGN
22,948,227,922.14,34.17,DDoS
8080,99740,58,518.41,181.01,BENIGN
80,88464,36,205.59,825.87,BENIGN
80,751,125,856.68,16.73,DDoS
25,63,249,1059.57,49.49,DDoS
22,376,240,1305.27,60.89,DDoS
3306,21175,9,756.91,175.89,BENIGN
53,50091,5,498.41,690.75,BENIGN
443,12118,21,222.14,170.66,BENIGN
22,717,288,832.95,57.1,DDoS
8080,60382,21,752.75,602.38,BENIGN
22,59859,55,188.04,839.96,BENIGN
8080,35108,78,224.17,738.75,BENIGN
80,26725,52,294.16,777.11,BENIGN
443,77205,15,725.08,144.24,BENIGN
443,574,202,1015.69,51.97,DDoS
53,7924,67,194.62,878.28,BENIGN
22,7652,66,778.14,552.8,BENIGN
443,348,214,1130.05,20.77,DDoS
53,24371,6,407.84,853.24,BENIGN
22,716,242,771.51,11.83,DDoS
3306,95492,70,108.93,764.94,BENIGN
21,45260,4,68.47,31.3,BENIGN
80,884,287,1278.47,6.69,DDoS
443,85,256,852.34,76.25,DDoS
8080,59,281,1204.68,77.49,DDoS
53,362,160,1003.24,9.21,DDoS
21,99635,38,264.29,103.34,BENIGN
25,38641,63,489.11,772.63,BENIGN
21,514,239,1330.65,25.13,DDoS
3306,62251,4,77.97,67.88,BENIGN
22,50531,45,587.53,106.91,BENIGN
21,70472,20,388.46,571.74,BENIGN
53,817,148,1109.35,79.25,DDoS
80,48999,40,746.56,789.44,BENIGN
80,73422,6,577.51,71.98,BENIGN
3306,617,299,1191.37,36.8,DDoS
80,82841,68,198.9,83.22,BENIGN
80,951,111,1392.2,20.23,DDoS
80,35289,34,867.45,650.9,BENIGN
25,66332,32,483.47,390.53,BENIGN
443,53390,35,248.32,679.54,BENIGN
3306,634,253,936.12,13.67,DDoS
21,54430,39,176.39,257.86,BENIGN
53,49268,68,410.56,122.01,BENIGN
21,11769,60,791.16,825.6,BENIGN
3306,161,170,1456.91,29.89,DDoS
80,192,183,1330.93,57.69,DDoS
53,39513,25,864.93,913.2,BENIGN
443,482,176,946.18,63.37,DDoS
80,30604,14,356.8,564.97,BENIGN
53,37101,43,663.93,151.57,BENIGN
80,89300,44,72.29,693.09,BENIGN
21,245,132,1433.19,16.71,DDoS
8080,26471,68,261.64,328.77,BENIGN
3306,96479,29,733.77,809.83,BENIGN
25,539,199,1277.0,62.99,DDoS
22,32600,76,118.62,685.21,BENIGN
53,54083,42,899.52,58.43,BENIGN
80,95812,10,862.34,919.77,BENIGN
25,43918,50,121.96,961.53,BENIGN
80,2398,24,219.49,46.04,BENIGN
443,44855,54,136.33,145.35,BENIGN
80,33032,49,327.11,644.1,BENIGN
21,79128,16,865.92,909.78,BENIGN
22,52348,48,564.38,358.88,BENIGN
443,41793,78,100.98,140.71,BENIGN
21,15267,70,291.33,246.72,BENIGN
8080,4457,76,159.79,996.99,BENIGN
53,965,135,1185.25,40.47,DDoS
25,282,165,970.16,6.14,DDoS
80,713,270,1385.82,23.52,DDoS
3306,98929,6,753.44,637.87,BENIGN
8080,32149,64,844.61,440.1,BENIGN
80,69070,13,140.2,146.21,BENIGN
80,6525,25,792.35,74.28,BENIGN
8080,52195,51,800.7,106.61,BENIGN
80,51631,20,629.02,91.23,BENIGN
22,14100,23,700.13,268.95,BENIGN
80,57333,66,513.25,447.52,BENIGN
25,435,275,1149.1,72.19,DDoS
21,39063,6,139.61,317.93,BENIGN
25,26437,44,296.66,487.35,BENIGN
53,54406,6,222.29,652.23,BENIGN
443,7999,14,613.64,462.5,BENIGN
80,67505,48,894.14,589.23,BENIGN
21,293,226,845.42,1.26,DDoS
21,77401,22,386.46,605.89,BENIGN
3306,82852,74,734.94,872.19,BENIGN
25,12751,67,294.17,544.56,BENIGN
3306,84463,73,253.45,343.75,BENIGN
80,791,208,1409.87,45.56,DDoS
22,23953,25,133.19,842.4,BENIGN
22,39591,19,707.59,441.28,BENIGN
80,54453,80,641.72,990.22,BENIGN
3306,84917,16,433.18,429.35,BENIGN
25,23795,28,306.17,944.17,BENIGN
22,43700,78,820.76,657.19,BENIGN
53,87148,72,691.03,839.25,BENIGN
80,46178,53,803.06,135.45,BENIGN
3306,350,87,1139.4,67.92,DDoS
8080,558,253,817.29,52.87,DDoS
3306,587,176,975.77,50.43,DDoS
22,2957,72,454.46,437.43,BENIGN
53,25941,68,309.78,350.12,BENIGN
443,34021,25,708.41,410.7,BENIGN
21,871,210,917.52,71.92,DDoS
53,63707,29,40.84,674.36,BENIGN
3306,52024,9,898.66,134.45,BENIGN
3306,67047,26,104.55,674.95,BENIGN
8080,4340,7,853.0,387.69,BENIGN
21,83,155,1203.89,5.85,DDoS
80,60393,53,705.34,865.64,BENIGN
25,85157,53,579.2,69.29,BENIGN
21,36405,3,810.32,451.84,BENIGN
3306,22274,8,654.31,460.04,BENIGN
3306,782,300,1029.32,10.4,DDoS
80,569,284,773.66,69.8,DDoS
25,51393,7,884.5,574.11,BENIGN
443,35543,3,381.66,533.5,BENIGN
443,26594,26,214.29,247.47,BENIGN
8080,47907,22,214.25,917.5,BENIGN
25,72393,11,439.26,220.82,BENIGN
53,89871,14,107.59,180.12,BENIGN
22,99348,55,244.66,523.03,BENIGN
53,62306,64,509.66,976.9,BENIGN
22,29606,58,103.93,674.52,BENIGN
21,607,92,1280.79,13.5,DDoS
80,19461,51,292.85,62.14,BENIGN
3306,37096,37,895.64,251.78,BENIGN
21,852,106,1018.69,42.73,DDoS
25,98113,64,613.86,186.91,BENIGN
80,854,121,1211.25,70.25,DDoS
53,14413,25,264.54,931.97,BENIGN
8080,97278,63,714.58,693.04,BENIGN
3306,31360,70,249.01,132.69,BENIGN
8080,54533,4,331.09,580.98,BENIGN
80,65595,76,508.35,643.92,BENIGN
443,60450,62,642.1,414.61,BENIGN
22,54095,67,710.7,163.61,BENIGN
8080,1295,49,504.93,102.67,BENIGN
53,30348,45,321.99,176.03,BENIGN
8080,2944,43,503.6,458.34,BENIGN
21,415,225,820.27,5.83,DDoS
53,10535,74,159.32,576.51,BENIGN
80,74076,76,499.46,688.22,BENIGN
21,803,219,1394.46,76.25,DDoS
80,872,164,1338.71,76.11,DDoS
22,87810,70,412.51,724.81,BENIGN
21,67500,38,597.6,312.17,BENIGN
443,85839,11,283.87,462.83,BENIGN
25,99457,5,637.94,452.58,BENIGN
53,31838,70,385.42,402.69,BENIGN
53,27,237,1061.61,30.44,DDoS
443,737,240,1230.95,36.91,DDoS
25,51393,70,168.93,631.17,BENIGN
25,95180,20,759.86,146.9,BENIGN
22,65737,5,719.85,541.5,BENIGN
80,53244,24,626.81,796.56,BENIGN
21,4918,47,689.79,402.35,BENIGN
8080,90864,59,529.51,50.02,BENIGN
21,922,218,840.73,59.72,DDoS
21,33926,24,843.44,405.31,BENIGN
22,19396,46,750.76,619.16,BENIGN
22,650,114,1246.82,59.15,DDoS
3306,30123,25,509.72,903.49,BENIGN
443,45588,52,181.4,98.01,BENIGN
8080,25458,69,694.89,727.97,BENIGN
53,46003,50,184.2,583.93,BENIGN
22,92042,29,335.26,615.78,BENIGN
443,30301,65,131.34,716.4,BENIGN
80,85649,63,486.28,957.13,BENIGN
8080,3048,79,315.58,498.01,BENIGN
21,30387,1,206.98,635.57,BENIGN
443,949,293,790.56,38.5,DDoS
80,27102,67,756.4,346.94,BENIGN
80,89,294,991.38,31.56,DDoS
21,465,107,961.41,26.22,DDoS
53,375,238,1408.88,65.4,DDoS
443,32214,55,424.7,330.97,BENIGN
21,976,296,819.75,69.14,DDoS
21,12421,5,707.65,193.78,BENIGN
443,92236,76,490.4,570.26,BENIGN
53,63654,1,273.65,147.18,BENIGN
8080,53716,21,805.56,936.47,BENIGN
3306,55536,8,861.77,866.75,BENIGN
3306,99866,58,503.47,293.95,BENIGN
53,65580,44,478.78,983.49,BENIGN
21,71955,44,670.28,433.53,BENIGN
8080,94411,79,287.71,511.99,BENIGN
443,11876,55,887.43,44.89,BENIGN
80,6164,6,174.11,320.7,BENIGN
22,10535,31,152.77,879.82,BENIGN
443,43726,41,99.55,25.46,BENIGN
80,69391,27,584.74,437.17,BENIGN
443,38212,39,284.55,529.41,BENIGN
3306,77865,80,895.79,500.82,BENIGN
22,56452,58,813.03,793.05,BENIGN
21,85298,53,168.75,26.24,BENIGN
53,49343,37,219.87,959.52,BENIGN
53,93742,70,734.65,123.74,BENIGN
443,130,131,1185.26,70.29,DDoS
21,82797,12,90.73,743.53,BENIGN
22,55443,34,461.0,219.88,BENIGN
8080,4175,69,181.95,482.23,BENIGN
443,88183,59,192.17,197.05,BENIGN
25,43054,34,682.27,375.92,BENIGN
25,18782,49,173.09,579.79,BENIGN
53,634,103,1108.74,62.04,DDoS
25,51123,71,247.34,120.2,BENIGN
53,736,192,1468.28,51.63,DDoS
25,704,135,858.66,62.98,DDoS
53,4836,42,196.34,172.09,BENIGN
22,98123,53,798.14,956.24,BENIGN
8080,87146,75,104.81,317.13,BENIGN
53,31992,22,319.59,376.42,BENIGN
22,42969,72,848.14,281.44,BENIGN
25,755,270,1406.01,17.51,DDoS
21,33392,3,531.1,275.82,BENIGN
25,626,263,1280.02,14.44,DDoS
25,1352,24,531.1,451.34,BENIGN
8080,253,250,1420.86,37.48,DDoS
25,95209,15,224.24,713.76,BENIGN
53,76966,72,853.39,528.57,BENIGN
80,832,252,1302.2,7.88,DDoS
3306,96578,7,511.26,189.8,BENIGN
21,73641,63,561.66,940.93,BENIGN
25,46785,27,636.25,727.6,BENIGN
8080,25203,31,588.19,406.46,BENIGN
80,207,84,922.5,24.17,DDoS
443,76060,74,315.83,471.01,BENIGN
53,28531,74,812.74,870.24,BENIGN
53,659,227,833.98,74.15,DDoS
8080,88032,4,119.53,214.86,BENIGN
22,59,236,1358.6,72.93,DDoS
25,11832,27,630.63,509.87,BENIGN
443,20029,51,81.64,167.91,BENIGN
22,162,110,1393.38,73.92,DDoS
3306,62152,18,86.01,613.72,BENIGN
443,16195,15,369.02,122.42,BENIGN
80,16854,80,660.64,457.56,BENIGN
25,33594,26,835.92,751.84,BENIGN
21,586,129,1045.16,26.99,DDoS
53,60682,39,707.92,121.56,BENIGN
21,24086,13,117.49,42.26,BENIGN
3306,82965,68,160.93,350.41,BENIGN
8080,138,118,1177.06,30.05,DDoS
22,718,296,993.38,77.41,DDoS
443,98270,1,732.61,230.33,BENIGN
8080,17803,75,467.04,36.75,BENIGN
25,122,116,920.37,33.91,DDoS
8080,71731,47,373.14,767.32,BENIGN
80,266,99,1410.48,62.28,DDoS
25,953,93,1037.97,28.95,DDoS
22,571,206,922.34,13.31,DDoS
25,95219,11,410.85,864.73,BENIGN
22,134,112,1388.01,42.48,DDoS
443,45877,41,264.51,866.77,BENIGN
80,30076,37,67.85,77.47,BENIGN
8080,930,183,1465.27,45.15,DDoS
25,49308,55,808.02,322.09,BENIGN
25,605,253,1322.7,27.84,DDoS
53,969,143,901.02,67.33,DDoS
21,473,191,702.19,3.53,DDoS
443,817,280,1111.35,3.1,DDoS
3306,568,138,780.3,31.89,DDoS
443,65092,21,404.47,61.77,BENIGN
443,832,266,1236.16,35.82,DDoS
80,890,264,786.55,27.42,DDoS
443,201,210,733.96,36.24,DDoS
25,730,138,965.71,77.5,DDoS
21,48332,68,860.34,502.19,BENIGN
3306,180,109,1263.25,1.98,DDoS
53,46735,69,779.09,682.84,BENIGN
3306,79139,33,466.71,220.47,BENIGN
8080,27078,26,561.99,173.45,BENIGN
25,34321,56,805.09,448.07,BENIGN
8080,600,96,1119.69,66.46,DDoS
25,3487,5,89.52,280.68,BENIGN
443,41711,43,579.08,44.43,BENIGN
443,52,194,1170.81,53.32,DDoS
21,39,85,1299.22,21.02,DDoS
443,841,263,1150.34,55.99,DDoS
21,76257,1,310.94,674.36,BENIGN
8080,23560,6,259.75,616.67,BENIGN
21,663,292,1178.35,39.75,DDoS
25,84739,29,597.3,214.69,BENIGN
443,55339,49,558.57,754.91,BENIGN
3306,979,105,818.75,38.8,DDoS
25,63900,74,268.91,248.63,BENIGN
8080,448,126,868.75,55.11,DDoS
21,77397,73,824.29,995.76,BENIGN
80,9781,34,182.02,442.17,BENIGN
53,4448,28,441.85,525.26,BENIGN
53,14853,12,393.24,844.21,BENIGN
80,83683,34,121.77,932.27,BENIGN
443,31829,48,628.54,755.91,BENIGN
25,20215,15,111.81,455.57,BENIGN
21,951,249,1106.57,65.23,DDoS
3306,35083,39,500.19,177.5,BENIGN
8080,535,211,1289.96,18.65,DDoS
8080,58365,2,503.63,80.48,BENIGN
80,429,201,956.16,53.33,DDoS
53,25761,49,524.55,313.56,BENIGN
443,21687,66,806.25,680.85,BENIGN
53,79630,55,521.33,514.59,BENIGN
3306,76837,62,611.54,69.02,BENIGN
8080,235,262,794.33,72.38,DDoS
3306,116,170,1041.72,39.55,DDoS
22,24203,63,284.34,895.89,BENIGN
22,44687,49,344.48,783.45,BENIGN
3306,24819,38,590.4,887.07,BENIGN
21,80930,49,370.01,263.68,BENIGN
3306,27,148,1062.45,24.99,DDoS
80,157,223,970.41,30.87,DDoS
8080,594,274,894.53,50.43,DDoS
53,1,208,1474.13,76.81,DDoS
21,71073,52,498.12,511.77,BENIGN
3306,19017,34,379.86,168.31,BENIGN
25,79897,74,98.61,41.61,BENIGN
443,40308,10,224.43,833.1,BENIGN
22,47890,77,590.48,179.98,BENIGN
22,94681,53,132.85,229.08,BENIGN
80,45791,24,883.67,62.92,BENIGN
443,411,165,1323.81,56.03,DDoS
8080,37492,39,466.21,276.94,BENIGN
3306,42665,5,790.82,703.07,BENIGN
3306,412,296,750.54,60.45,DDoS
443,68605,17,642.17,602.66,BENIGN
80,72657,70,862.53,734.9,BENIGN
25,73240,19,123.33,98.03,BENIGN
443,807,137,1371.79,49.8,DDoS
3306,35737,70,403.08,669.9,BENIGN
22,92603,75,380.41,626.17,BENIGN
3306,75346,40,632.27,869.4,BENIGN
21,42098,7,135.16,621.42,BENIGN
53,8679,62,895.43,261.47,BENIGN
80,47040,15,100.53,97.03,BENIGN
80,30762,77,502.52,775.87,BENIGN
22,56213,41,253.76,976.35,BENIGN
443,68458,75,263.52,384.94,BENIGN
25,8,92,719.82,52.49,DDoS
53,40152,68,875.3,265.21,BENIGN
3306,385,254,1392.15,62.84,DDoS
3306,57536,64,393.0,340.34,BENIGN
53,2881,40,310.68,867.87,BENIGN
25,45553,69,807.52,579.79,BENIGN
21,42803,29,205.37,516.29,BENIGN
3306,18151,32,777.05,382.14,BENIGN
3306,18145,24,702.57,349.78,BENIGN
443,407,241,967.2,48.66,DDoS
80,10,257,1445.53,34.04,DDoS
443,23925,20,292.94,964.01,BENIGN
3306,63700,61,307.13,151.65,BENIGN
443,52136,4,129.14,193.34,BENIGN
443,13097,48,823.22,854.75,BENIGN
21,70914,67,589.9,993.51,BENIGN
80,111,201,1171.05,78.56,DDoS
25,74246,17,208.46,97.55,BENIGN
8080,59207,2,840.65,287.73,BENIGN
3306,812,147,1382.19,51.09,DDoS
53,96741,15,830.79,72.4,BENIGN
22,97392,62,334.25,441.48,BENIGN
3306,99639,69,81.36,563.03,BENIGN
53,49299,34,855.27,191.33,BENIGN
22,516,163,1402.92,28.96,DDoS
21,7179,5,621.21,440.65,BENIGN
8080,38382,60,331.14,162.73,BENIGN
443,115,115,1455.57,12.33,DDoS
25,38416,69,568.71,741.75,BENIGN
443,60080,57,815.01,410.18,BENIGN
21,661,244,1242.81,13.31,DDoS
22,889,293,1144.07,30.36,DDoS
443,920,201,982.9,1.01,DDoS
443,80526,50,867.59,830.17,BENIGN
22,34,178,1187.1,63.43,DDoS
53,274,239,1415.04,26.48,DDoS
21,13,89,1386.27,69.06,DDoS
443,68463,9,655.03,408.41,BENIGN
21,68395,9,764.6,358.43,BENIGN
21,261,251,1464.41,20.93,DDoS
22,71134,47,632.05,485.61,BENIGN
25,93350,71,132.15,648.95,BENIGN
8080,32578,77,146.07,545.9,BENIGN
21,71630,50,731.36,576.54,BENIGN
53,91518,77,92.39,993.34,BENIGN
53,63828,14,275.85,460.43,BENIGN
3306,239,89,1348.18,68.95,DDoS
3306,94123,33,190.53,149.56,BENIGN
22,607,195,830.19,18.84,DDoS
443,20785,15,887.38,666.34,BENIGN
3306,21593,73,220.68,188.95,BENIGN
80,94282,74,519.06,227.85,BENIGN
80,836,109,711.92,18.4,DDoS
80,9261,67,371.91,445.29,BENIGN
80,521,295,1205.1,53.72,DDoS
25,94698,50,144.66,556.79,BENIGN
22,49846,50,725.3,302.99,BENIGN
22,73487,38,838.56,656.88,BENIGN
443,78284,66,689.4,790.45,BENIGN
53,200,160,947.46,69.31,DDoS
443,5570,1,210.76,777.63,BENIGN
3306,938,126,702.81,65.39,DDoS
8080,976,270,1170.66,35.0,DDoS
80,925,256,736.86,34.63,DDoS
3306,56323,35,119.14,32.78,BENIGN
8080,40202,12,649.7,710.0,BENIGN
22,37987,1,734.68,550.82,BENIGN
21,791,238,1075.55,41.82,DDoS
22,441,187,1138.59,23.54,DDoS
3306,164,179,1185.55,62.79,DDoS
3306,74142,72,487.23,642.57,BENIGN
25,801,237,758.12,2.45,DDoS
3306,24672,47,430.04,95.98,BENIGN
3306,4063,77,243.6,41.83,BENIGN
3306,903,259,1311.2,28.68,DDoS
53,50825,2,300.34,97.09,BENIGN
8080,19245,10,714.21,373.98,BENIGN
443,61367,63,432.95,711.95,BENIGN
53,64999,38,371.18,201.18,BENIGN
53,288,103,1186.84,47.38,DDoS
3306,35900,23,179.94,611.1,BENIGN
443,59887,7,737.6,884.01,BENIGN
21,95503,47,269.1,149.25,BENIGN
8080,90262,38,360.65,836.77,BENIGN
3306,799,209,801.14,67.59,DDoS
8080,509,292,700.05,45.96,DDoS
80,9305,52,228.82,710.04,BENIGN
21,7925,59,187.64,830.74,BENIGN
25,182,208,830.36,44.8,DDoS
21,1662,8,116.51,529.77,BENIGN
53,22091,34,656.69,255.56,BENIGN
3306,75,179,1453.28,43.38,DDoS
8080,1818,62,96.68,790.58,BENIGN
80,12988,15,533.95,975.23,BENIGN
25,15314,12,310.89,438.86,BENIGN
80,98500,47,235.57,820.6,BENIGN
80,75647,18,211.66,52.17,BENIGN
3306,608,160,1244.39,0.37,DDoS
443,67083,74,715.28,570.54,BENIGN
21,30753,19,725.81,531.46,BENIGN
22,55018,45,153.09,271.95,BENIGN
443,55187,12,865.03,797.17,BENIGN
53,63145,26,732.11,814.72,BENIGN
443,37,146,965.83,12.3,DDoS
3306,30069,24,99.1,894.55,BENIGN
8080,449,145,1119.21,70.5,DDoS
53,431,215,748.38,68.96,DDoS
3306,6101,55,425.11,596.52,BENIGN
21,913,156,1444.76,40.27,DDoS
53,42670,30,369.06,981.77,BENIGN
21,54201,18,504.57,344.23,BENIGN
25,950,150,1263.75,31.48,DDoS
8080,47194,11,353.23,409.12,BENIGN
53,747,291,707.79,2.72,DDoS
8080,15043,6,464.31,705.84,BENIGN
443,31614,13,857.9,996.85,BENIGN
3306,13419,77,888.2,38.71,BENIGN
21,93295,57,626.5,72.9,BENIGN
53,84079,4,389.27,628.56,BENIGN
8080,36133,11,627.03,998.25,BENIGN
53,24886,57,814.96,789.23,BENIGN
8080,8801,2,175.8,429.33,BENIGN
80,11346,41,135.45,230.31,BENIGN
53,46485,76,263.28,641.04,BENIGN
80,58417,37,77.69,838.06,BENIGN
25,722,128,1375.62,37.1,DDoS
8080,93837,76,619.7,651.04,BENIGN
443,7310,2,885.01,302.09,BENIGN
22,40854,2,214.81,899.32,BENIGN
21,357,112,1450.15,70.26,DDoS
21,9442,10,506.77,634.32,BENIGN
22,86713,44,797.23,624.27,BENIGN
8080,355,274,1300.03,72.74,DDoS
8080,20203,6,350.76,89.25,BENIGN
25,584,227,710.44,1.54,DDoS
80,10658,70,372.7,450.45,BENIGN
22,491,208,913.64,54.42,DDoS
22,87797,25,530.44,303.2,BENIGN
8080,30494,3,42.39,500.96,BENIGN
53,44800,42,46.92,177.47,BENIGN
80,10552,64,222.76,391.89,BENIGN
3306,189,153,784.61,42.98,DDoS
80,643,127,1229.19,45.81,DDoS
22,30009,40,324.69,113.34,BENIGN
80,586,90,1214.52,71.39,DDoS
80,47683,32,44.83,769.02,BENIGN
3306,67903,33,248.96,168.44,BENIGN
443,51335,51,421.9,798.69,BENIGN
80,37908,43,863.61,925.06,BENIGN
25,43372,73,780.21,105.97,BENIGN
3306,41853,22,379.91,246.33,BENIGN
3306,88954,23,725.71,887.05,BENIGN
8080,363,213,849.23,20.47,DDoS
80,92082,77,148.43,909.18,BENIGN
8080,863,121,880.52,60.15,DDoS
22,442,259,1465.95,7.92,DDoS
53,9850,46,819.94,533.94,BENIGN
25,741,81,1249.12,45.24,DDoS
443,66946,56,221.83,384.0,BENIGN
443,96725,76,797.42,577.6,BENIGN
25,22951,13,368.28,526.43,BENIGN
8080,31976,62,500.08,812.13,BENIGN
22,9803,71,882.02,616.48,BENIGN
25,921,124,1342.96,22.09,DDoS
21,8001,13,896.07,155.34,BENIGN
25,22300,1,86.42,560.18,BENIGN
53,82955,30,156.33,946.6,BENIGN
443,285,151,1089.82,22.3,DDoS
53,947,271,1388.2,59.82,DDoS
8080,592,234,1268.43,56.09,DDoS
80,17722,5,585.28,979.1,BENIGN
53,225,298,804.96,57.36,DDoS
53,92154,14,249.58,723.5,BENIGN
53,516,103,1034.34,70.91,DDoS
3306,26826,1,626.68,828.38,BENIGN
22,58667,59,435.26,409.93,BENIGN
22,18304,10,628.06,658.73,BENIGN
443,55488,10,443.92,390.56,BENIGN
53,77289,68,227.63,945.23,BENIGN
22,863,269,1132.97,22.07,DDoS
3306,22260,20,528.04,805.43,BENIGN
443,430,204,711.19,4.47,DDoS
8080,55746,51,436.03,758.08,BENIGN
3306,31653,51,839.68,102.43,BENIGN
3306,48454,47,91.98,589.59,BENIGN
21,40387,5,419.24,442.86,BENIGN
21,80253,25,656.86,576.2,BENIGN
21,85832,78,364.16,464.54,BENIGN
53,395,114,1047.07,66.72,DDoS
53,262,135,1328.66,53.24,DDoS
8080,86792,72,638.07,281.22,BENIGN
80,547,268,1094.39,78.91,DDoS
443,97980,80,840.06,164.57,BENIGN
21,930,290,1268.97,52.64,DDoS
3306,35559,29,212.87,352.06,BENIGN
53,738,152,1457.79,77.93,DDoS
8080,683,94,991.74,18.87,DDoS
22,973,288,727.79,55.16,DDoS
8080,869,251,1123.2,32.45,DDoS
21,49469,60,709.39,402.6,BENIGN
21,66454,43,724.62,413.35,BENIGN
21,95600,43,854.41,373.28,BENIGN
8080,578,200,1492.9,21.67,DDoS
3306,9333,56,219.41,294.75,BENIGN
8080,293,174,717.7,55.82,DDoS
8080,948,294,1449.48,73.37,DDoS
443,45786,24,693.96,604.03,BENIGN
8080,76460,49,381.48,847.35,BENIGN
22,14,196,1396.09,22.09,DDoS
443,273,126,1007.84,74.65,DDoS
21,667,219,1166.82,19.82,DDoS
3306,16249,39,708.01,888.41,BENIGN
80,464,225,1030.12,52.62,DDoS
443,90216,3,65.79,652.7,BENIGN
25,70576,46,830.99,159.25,BENIGN
8080,748,220,1057.31,73.29,DDoS
8080,21502,27,351.96,970.07,BENIGN
53,444,209,1338.01,20.78,DDoS
25,7371,15,467.61,649.96,BENIGN
80,709,215,1028.74,27.31,DDoS
53,30171,57,438.01,149.42,BENIGN
8080,54311,25,207.68,23.34,BENIGN
80,662,291,737.31,61.06,DDoS
53,58583,69,94.08,929.02,BENIGN
80,5766,4,831.87,494.17,BENIGN
53,9613,40,200.23,473.85,BENIGN
22,16717,55,62.76,315.1,BENIGN
443,29523,51,495.01,635.0,BENIGN
53,931,88,858.77,15.85,DDoS
8080,93954,20,485.56,402.95,BENIGN
80,79765,24,535.03,638.54,BENIGN
22,46084,17,658.46,967.03,BENIGN
22,31753,19,185.32,647.14,BENIGN
25,30732,79,203.49,531.77,BENIGN
80,38660,47,773.46,697.37,BENIGN
22,47404,29,151.11,434.76,BENIGN
8080,996,88,1075.63,7.33,DDoS
25,47,210,849.95,48.57,DDoS
443,67278,21,753.6,215.91,BENIGN
80,504,111,824.78,7.98,DDoS
22,74174,72,583.62,199.23,BENIGN
25,683,283,1373.45,34.78,DDoS
21,71009,34,710.24,488.91,BENIGN
21,18173,19,220.45,970.47,BENIGN
53,146,121,1435.71,40.67,DDoS
21,34260,20,337.65,990.58,BENIGN
53,95025,24,193.63,959.19,BENIGN
3306,24991,80,893.9,350.78,BENIGN
80,52067,32,756.48,642.72,BENIGN
22,9738,15,497.15,286.12,BENIGN
25,37146,14,751.8,26.19,BENIGN
22,74254,40,704.07,660.14,BENIGN
80,87506,10,228.99,397.66,BENIGN
80,67678,37,611.01,244.65,BENIGN
25,87094,47,372.06,327.55,BENIGN
25,47,172,954.74,45.49,DDoS
443,49272,12,408.18,725.97,BENIGN
8080,338,189,917.3,45.57,DDoS
3306,78650,28,548.2,461.84,BENIGN
53,8890,62,730.95,814.98,BENIGN
53,446,120,1233.33,5.69,DDoS
25,13595,18,666.91,108.01,BENIGN
22,75917,32,686.63,441.4,BENIGN
3306,61654,69,527.22,464.83,BENIGN
25,221,98,831.98,39.24,DDoS
443,79897,24,153.39,658.99,BENIGN
80,61343,44,638.09,964.56,BENIGN
25,86032,70,401.51,252.49,BENIGN
22,83701,74,814.09,704.32,BENIGN
443,79986,12,581.77,394.59,BENIGN
80,68173,75,587.76,198.06,BENIGN
80,163,110,1168.87,28.16,DDoS
8080,498,286,1002.51,79.45,DDoS
25,38236,62,45.92,68.94,BENIGN
25,406,158,947.35,53.23,DDoS
3306,40025,74,425.13,461.14,BENIGN
443,56022,26,371.66,360.61,BENIGN
80,34676,43,68.4,418.57,BENIGN
22,62637,26,72.37,744.33,BENIGN
3306,81800,24,868.08,452.55,BENIGN
8080,141,225,1256.76,17.82,DDoS
8080,608,199,1275.21,14.34,DDoS
53,70339,21,437.9,680.93,BENIGN
22,11271,41,568.11,917.84,BENIGN
8080,81179,51,339.87,296.06,BENIGN
22,40129,43,688.2,877.17,BENIGN
21,98691,29,304.36,272.25,BENIGN
21,627,111,1016.42,74.24,DDoS
22,93495,34,277.18,461.87,BENIGN
21,899,184,911.04,42.07,DDoS
53,20150,29,81.06,341.62,BENIGN
25,95836,28,889.96,675.63,BENIGN
21,14075,32,175.62,967.99,BENIGN
25,17919,8,634.49,132.84,BENIGN
80,63774,42,299.17,854.59,BENIGN
21,83614,53,358.67,483.17,BENIGN
53,5887,32,48.74,315.74,BENIGN
21,51004,9,167.61,618.72,BENIGN
80,19538,46,131.71,783.21,BENIGN
25,342,299,1014.79,28.5,DDoS
3306,25944,43,540.82,635.44,BENIGN
80,73794,56,874.93,97.3,BENIGN
22,10015,34,647.0,561.5,BENIGN
8080,407,179,877.03,5.8,DDoS
8080,7299,27,295.1,199.9,BENIGN
53,88916,18,68.8,263.69,BENIGN
21,25000,34,389.66,662.9,BENIGN
22,680,195,1271.36,33.25,DDoS
3306,71814,4,68.1,795.64,BENIGN
8080,94160,19,529.41,294.97,BENIGN
80,21052,12,596.1,972.83,BENIGN
21,9442,60,266.61,993.68,BENIGN
8080,8660,20,236.41,798.06,BENIGN
80,22413,21,740.96,617.31,BENIGN
3306,347,126,1058.76,26.94,DDoS
53,27079,26,154.79,994.14,BENIGN
22,2221,18,53.97,343.59,BENIGN
443,29249,27,794.92,245.13,BENIGN
21,419,199,1052.78,58.73,DDoS
3306,803,196,992.16,65.26,DDoS
3306,19611,62,564.32,360.43,BENIGN
22,99093,8,189.26,648.92,BENIGN
443,965,124,1428.19,58.78,DDoS
21,64915,22,242.09,232.45,BENIGN
53,7116,17,504.56,469.28,BENIGN
80,12910,59,657.22,958.46,BENIGN
53,39361,7,797.73,77.32,BENIGN
3306,34940,70,437.81,780.66,BENIGN
25,658,242,1252.79,25.69,DDoS
443,638,281,1365.92,74.86,DDoS
21,52,178,987.81,43.33,DDoS
25,21196,61,580.87,352.69,BENIGN
443,24577,20,312.33,59.3,BENIGN
8080,51499,51,692.09,296.11,BENIGN
53,970,143,1088.37,50.18,DDoS
443,25419,13,151.79,104.23,BENIGN
25,990,211,733.57,55.75,DDoS
3306,98353,79,83.0,918.0,BENIGN
443,60561,7,782.14,495.04,BENIGN
22,79415,20,343.17,596.0,BENIGN
21,92022,46,193.25,331.97,BENIGN
443,65748,14,188.49,159.26,BENIGN
3306,99099,33,254.81,566.41,BENIGN
80,370,299,931.41,11.55,DDoS
3306,90014,42,629.19,275.46,BENIGN
3306,26212,25,676.43,21.48,BENIGN
22,27523,38,293.21,453.96,BENIGN
80,40941,65,762.93,509.11,BENIGN
8080,2539,35,439.58,808.35,BENIGN
8080,629,254,1002.02,40.6,DDoS
8080,25833,58,467.28,631.44,BENIGN
3306,56985,27,177.56,880.1,BENIGN
3306,31562,35,199.09,922.86,BENIGN
53,21973,46,527.83,37.19,BENIGN
3306,358,218,766.97,64.76,DDoS
8080,587,265,1441.96,12.07,DDoS
443,331,276,1028.41,3.36,DDoS
8080,88141,75,385.91,447.17,BENIGN
53,85640,53,188.23,629.97,BENIGN
53,44,190,1001.59,26.82,DDoS
80,662,251,1140.98,7.77,DDoS
443,229,247,1130.65,68.11,DDoS
22,722,299,825.63,65.51,DDoS
53,97,292,838.32,6.1,DDoS
443,94222,48,502.96,872.34,BENIGN
25,53620,39,808.52,121.9,BENIGN
8080,35359,72,502.02,401.67,BENIGN
53,89305,1,76.62,400.5,BENIGN
25,58965,68,453.18,835.27,BENIGN
3306,84598,52,282.32,872.81,BENIGN
443,79091,56,662.83,233.36,BENIGN
443,81021,19,654.78,447.4,BENIGN
443,198,126,713.69,55.21,DDoS
53,627,144,1125.52,63.67,DDoS
25,961,210,1433.63,45.47,DDoS
443,12802,61,781.92,457.58,BENIGN
3306,78087,79,550.89,620.71,BENIGN
443,86418,21,481.77,215.18,BENIGN
80,8472,29,792.66,433.8,BENIGN
53,724,80,749.91,27.83,DDoS
53,553,166,854.71,31.68,DDoS
80,43174,6,320.91,195.87,BENIGN
22,564,261,701.53,28.42,DDoS
3306,81733,22,607.59,573.26,BENIGN
80,60126,51,499.22,443.55,BENIGN
3306,32990,30,192.49,564.69,BENIGN
3306,89234,27,224.46,493.98,BENIGN
443,67277,44,586.1,885.61,BENIGN
3306,24204,51,431.19,262.88,BENIGN
443,1107,10,203.29,670.55,BENIGN
22,30571,78,171.02,679.57,BENIGN
22,46787,24,436.53,608.08,BENIGN
25,43646,3,389.21,897.74,BENIGN
443,86281,6,403.34,636.57,BENIGN
53,1822,69,489.48,859.17,BENIGN
22,10838,80,149.59,614.56,BENIGN
443,61377,65,637.52,365.3,BENIGN
22,71912,39,340.95,507.53,BENIGN
80,94872,20,643.29,389.33,BENIGN
3306,70974,50,696.8,619.4,BENIGN
443,19135,42,425.47,321.89,BENIGN
53,46013,42,232.22,287.37,BENIGN
80,59240,39,802.47,587.74,BENIGN
25,36142,61,162.74,625.0,BENIGN
21,9248,57,533.72,408.43,BENIGN
80,567,280,1176.23,24.56,DDoS
21,74288,46,629.6,853.6,BENIGN
21,78,210,854.83,48.66,DDoS
21,15751,53,437.36,303.2,BENIGN
8080,28034,52,670.45,545.71,BENIGN
3306,39399,75,498.99,279.92,BENIGN
53,87885,66,733.34,878.32,BENIGN
53,16501,5,181.06,156.75,BENIGN
3306,53456,38,515.47,903.7,BENIGN
53,278,216,1366.85,28.69,DDoS
22,1,222,1401.81,45.85,DDoS
80,338,203,944.1,65.18,DDoS
25,35329,14,515.87,427.67,BENIGN
80,20579,58,717.94,916.89,BENIGN
22,48,253,975.93,31.23,DDoS
443,78617,77,346.07,219.24,BENIGN
8080,51777,38,123.5,275.84,BENIGN
25,71957,38,411.51,578.09,BENIGN
25,95504,3,602.12,540.2,BENIGN
80,32,108,1204.82,16.32,DDoS
443,7239,30,273.39,309.71,BENIGN
21,18239,77,551.96,62.4,BENIGN
8080,56304,72,816.05,412.85,BENIGN
53,40437,5,364.93,791.65,BENIGN
8080,933,168,1189.03,34.9,DDoS
8080,56767,23,198.44,858.01,BENIGN
80,340,140,872.36,50.82,DDoS
25,4853,34,469.06,490.79,BENIGN
21,90749,42,360.23,238.38,BENIGN
53,13633,30,499.56,326.29,BENIGN
443,18980,37,326.39,360.74,BENIGN
80,4,269,899.31,10.22,DDoS
443,953,97,1443.44,62.33,DDoS
53,649,198,1095.72,34.05,DDoS
22,633,168,1144.55,56.99,DDoS
8080,23409,24,542.63,319.17,BENIGN
8080,19342,41,127.21,133.34,BENIGN
25,49266,79,112.27,85.23,BENIGN
80,70349,7,352.41,607.3,BENIGN
25,315,148,1077.29,61.17,DDoS
8080,19500,39,416.99,538.35,BENIGN
21,15697,60,142.41,588.97,BENIGN
25,27140,34,288.87,903.28,BENIGN
8080,237,205,1108.44,2.42,DDoS
22,432,101,1399.08,5.49,DDoS
53,438,89,1110.38,40.48,DDoS
443,47219,23,452.73,485.71,BENIGN
3306,189,160,1247.42,25.08,DDoS
21,419,163,1365.39,17.02,DDoS
22,64259,66,83.0,521.65,BENIGN
8080,56686,62,201.67,293.63,BENIGN
443,97366,62,420.72,391.32,BENIGN
3306,603,96,1489.55,17.96,DDoS
53,78025,78,535.01,890.89,BENIGN
3306,35339,44,85.29,595.79,BENIGN
80,91373,5,136.46,541.62,BENIGN
25,30868,74,54.59,907.8,BENIGN
8080,22459,13,645.67,549.5,BENIGN
21,38681,22,599.47,402.07,BENIGN
21,82166,79,662.81,591.18,BENIGN
8080,65261,43,586.19,579.59,BENIGN
53,68936,15,764.62,70.32,BENIGN
25,764,229,1070.21,43.11,DDoS
443,19043,39,494.78,203.78,BENIGN
25,11741,60,52.37,341.6,BENIGN
21,35431,43,737.36,794.11,BENIGN
22,56765,64,694.07,176.68,BENIGN
443,11878,24,664.46,645.43,BENIGN
8080,771,191,1379.14,9.13,DDoS
22,625,205,1367.43,6.38,DDoS
8080,76554,2,803.26,42.21,BENIGN
53,14810,57,442.49,66.05,BENIGN
3306,56438,75,218.64,826.65,BENIGN
8080,98584,65,503.08,40.25,BENIGN
80,88678,41,207.84,679.87,BENIGN
443,125,227,892.9,46.76,DDoS
53,874,226,1487.81,24.59,DDoS
8080,46817,16,249.28,438.06,BENIGN
8080,71125,13,775.8,722.84,BENIGN
8080,63,114,939.47,57.17,DDoS
443,928,167,1446.13,63.61,DDoS
22,50691,52,160.28,451.07,BENIGN
8080,522,264,1179.67,45.47,DDoS
22,818,238,748.28,0.57,DDoS
8080,99471,56,117.7,640.21,BENIGN
22,89,246,967.45,30.87,DDoS
25,75461,24,347.08,794.06,BENIGN
3306,298,143,1014.31,54.31,DDoS
53,859,210,1428.81,37.72,DDoS
80,876,120,1135.76,33.75,DDoS
3306,54721,1,335.08,264.39,BENIGN
443,387,286,903.91,5.5,DDoS
3306,11032,5,808.24,630.98,BENIGN
8080,84179,27,327.9,874.75,BENIGN
21,54686,34,76.85,385.84,BENIGN
22,686,223,1137.49,10.83,DDoS
80,35610,19,458.48,224.36,BENIGN
443,270,242,907.33,21.65,DDoS
22,607,161,1335.4,74.13,DDoS
80,55839,64,385.83,701.27,BENIGN
80,75667,23,188.89,545.85,BENIGN
25,36339,41,688.78,363.59,BENIGN
22,44076,69,683.81,464.6,BENIGN
443,60442,35,803.91,40.85,BENIGN
443,14848,50,761.66,824.35,BENIGN
80,27620,40,854.52,598.83,BENIGN
443,67487,64,216.77,480.5,BENIGN
8080,68104,29,669.78,230.16,BENIGN
25,461,83,1363.52,7.54,DDoS
80,82617,15,850.19,362.12,BENIGN
3306,4039,24,508.66,407.98,BENIGN
53,6179,34,98.33,850.43,BENIGN
22,12140,79,69.97,659.33,BENIGN
53,1959,35,691.85,84.96,BENIGN
25,707,231,1371.09,21.77,DDoS
53,36484,48,898.13,255.39,BENIGN
443,8798,80,455.14,623.8,BENIGN
53,148,272,921.64,76.17,DDoS
25,155,270,1011.82,20.46,DDoS
3306,27828,24,192.61,96.57,BENIGN
21,19894,24,289.07,279.71,BENIGN
22,23595,54,125.72,542.9,BENIGN
80,26220,40,369.01,442.99,BENIGN
22,7587,61,50.32,555.23,BENIGN
53,8351,20,709.97,51.16,BENIGN
22,52239,54,660.44,88.68,BENIGN
3306,72264,75,66.81,352.18,BENIGN
8080,4935,8,122.37,258.53,BENIGN
80,4407,60,225.92,472.25,BENIGN
80,671,195,837.33,7.48,DDoS
3306,580,90,1294.6,37.81,DDoS
3306,508,116,848.51,2.0,DDoS
8080,94053,36,679.39,796.5,BENIGN
443,75642,22,510.56,992.95,BENIGN
80,466,145,945.11,32.56,DDoS
53,30567,39,292.1,790.79,BENIGN
53,48257,19,119.84,409.37,BENIGN
53,220,230,915.9,6.58,DDoS
80,77459,35,302.38,826.83,BENIGN
25,24631,49,570.64,224.08,BENIGN
8080,324,104,879.72,10.44,DDoS
25,79994,39,659.37,43.62,BENIGN
53,36435,45,751.36,371.91,BENIGN
443,51104,5,153.02,124.17,BENIGN
8080,71388,75,833.08,109.1,BENIGN
3306,93159,37,669.96,806.29,BENIGN
21,63779,72,408.05,881.23,BENIGN
3306,17633,28,438.7,999.14,BENIGN
21,41889,59,262.58,520.95,BENIGN
443,579,108,1157.51,39.26,DDoS
53,12239,56,298.67,69.34,BENIGN
22,52516,78,867.28,632.82,BENIGN
8080,31207,36,504.69,519.66,BENIGN
80,517,120,793.81,45.93,DDoS
8080,36955,56,201.24,720.13,BENIGN
443,171,131,1294.78,39.33,DDoS
53,2906,46,816.29,21.46,BENIGN
22,3,95,716.5,43.88,DDoS
21,98488,52,429.96,601.87,BENIGN
80,68653,67,531.69,782.58,BENIGN
443,34046,16,389.33,22.6,BENIGN
443,51394,73,687.55,635.22,BENIGN
53,90851,64,213.33,467.61,BENIGN
25,97994,80,78.47,28.73,BENIGN
8080,40348,70,890.53,951.94,BENIGN
3306,63918,34,374.12,59.82,BENIGN
21,701,136,899.23,9.5,DDoS
22,976,194,765.99,7.69,DDoS
8080,13119,78,517.55,381.99,BENIGN
53,778,226,1470.28,24.72,DDoS
22,84351,34,732.23,671.44,BENIGN
22,332,275,891.34,33.03,DDoS
8080,385,227,1185.77,20.03,DDoS
21,54008,56,419.79,721.79,BENIGN
53,274,244,1276.81,64.81,DDoS
443,91271,65,170.9,155.02,BENIGN
25,611,276,931.19,0.09,DDoS
3306,19446,5,496.56,510.78,BENIGN
21,706,163,1423.87,37.41,DDoS
8080,84515,25,393.96,176.57,BENIGN
8080,60563,3,47.24,105.45,BENIGN
53,73307,43,132.18,133.87,BENIGN
443,83358,23,716.22,975.06,BENIGN
80,38599,51,138.4,51.07,BENIGN
53,29713,8,267.47,420.23,BENIGN
53,576,142,1117.9,36.66,DDoS
53,206,112,1154.24,79.22,DDoS
443,46986,12,147.58,661.77,BENIGN
8080,12,207,1288.34,34.82,DDoS
21,41901,49,663.85,971.23,BENIGN
53,19917,57,400.31,234.39,BENIGN
3306,4296,14,574.95,346.24,BENIGN
25,737,270,1338.84,78.64,DDoS
21,65463,20,263.15,362.73,BENIGN
443,65378,53,499.89,179.92,BENIGN
443,99232,17,750.4,674.81,BENIGN
25,4,210,1013.59,33.46,DDoS
8080,92591,52,859.33,858.81,BENIGN
443,980,239,1403.46,70.71,DDoS
25,67930,35,719.49,307.58,BENIGN
443,87820,21,537.24,646.33,BENIGN
80,55104,14,733.4,317.24,BENIGN
21,20080,17,242.35,866.81,BENIGN
21,8031,40,664.41,881.13,BENIGN
53,15478,20,114.72,794.82,BENIGN
21,80246,46,180.72,271.64,BENIGN
80,53385,36,728.89,649.96,BENIGN
443,104,251,1268.21,39.44,DDoS
443,544,117,1070.88,0.2,DDoS
22,41202,29,330.13,595.02,BENIGN
53,742,96,1122.59,22.18,DDoS
80,54104,52,263.32,778.65,BENIGN
443,14206,6,196.3,177.78,BENIGN
21,26699,36,110.75,731.68,BENIGN
80,122,261,1021.16,24.88,DDoS
3306,1549,31,467.14,118.47,BENIGN
3306,7929,8,214.27,81.23,BENIGN
443,78945,58,513.65,600.38,BENIGN
80,11509,12,734.53,51.79,BENIGN
21,942,201,1350.63,19.26,DDoS
25,98981,13,547.14,477.3,BENIGN
3306,6975,14,800.78,762.52,BENIGN
53,47501,79,880.88,990.81,BENIGN
21,13913,75,597.29,848.49,BENIGN
8080,48796,2,580.67,95.5,BENIGN
8080,30288,44,495.89,712.05,BENIGN
53,572,215,1240.8,66.97,DDoS
80,62823,18,710.28,606.77,BENIGN
22,480,108,1456.39,8.46,DDoS
443,798,237,1075.99,66.78,DDoS
22,694,232,1403.29,47.05,DDoS
21,64061,63,706.41,544.76,BENIGN
22,6284,58,795.34,568.47,BENIGN
80,187,284,929.44,1.19,DDoS
8080,47123,60,785.73,510.49,BENIGN
21,686,155,855.32,61.44,DDoS
3306,988,127,829.82,65.94,DDoS
80,51390,78,615.25,394.78,BENIGN
25,35023,51,613.09,39.52,BENIGN
8080,9689,56,572.98,136.03,BENIGN
8080,92354,19,116.92,73.82,BENIGN
3306,917,156,1358.76,31.07,DDoS
80,223,130,991.18,78.34,DDoS
21,21518,37,769.74,708.76,BENIGN
22,76744,18,288.16,858.17,BENIGN
22,4091,2,299.23,124.99,BENIGN
443,3027,41,778.01,65.91,BENIGN
443,387,201,1275.76,61.09,DDoS
3306,92525,38,387.68,798.3,BENIGN
8080,239,159,1139.96,7.48,DDoS
443,37193,64,401.73,773.33,BENIGN
3306,877,111,956.05,19.74,DDoS
443,18932,70,702.57,907.72,BENIGN
8080,13908,18,241.42,384.67,BENIGN
443,45743,47,263.25,388.85,BENIGN
80,89007,77,437.2,242.54,BENIGN
53,39749,38,414.21,743.38,BENIGN
21,56423,60,442.96,55.94,BENIGN
443,28,197,862.86,66.15,DDoS
8080,51367,34,689.04,491.07,BENIGN
22,64065,8,226.2,496.94,BENIGN
22,70478,3,707.63,890.89,BENIGN
443,861,157,1102.6,25.95,DDoS
53,51242,7,179.32,189.3,BENIGN
3306,702,215,1022.26,11.8,DDoS
21,6989,58,398.29,265.66,BENIGN
3306,700,132,815.05,75.65,DDoS
22,45336,27,664.9,967.56,BENIGN
3306,91653,18,348.0,142.87,BENIGN
3306,95638,65,758.87,615.23,BENIGN
80,35504,67,829.93,532.85,BENIGN
22,24116,8,636.77,784.57,BENIGN
21,1789,45,717.86,693.56,BENIGN
53,63162,26,536.83,747.36,BENIGN
8080,79142,58,409.0,272.22,BENIGN
22,699,247,1290.29,32.92,DDoS
25,513,232,1405.47,39.98,DDoS
21,21812,56,771.46,594.96,BENIGN
22,70070,34,166.56,197.31,BENIGN
3306,768,294,804.19,58.29,DDoS
53,180,244,817.78,8.26,DDoS
25,49626,63,406.3,138.28,BENIGN
3306,22545,8,710.32,174.46,BENIGN
8080,15944,37,270.66,561.44,BENIGN
22,5244,48,191.12,121.49,BENIGN
80,28175,75,776.57,195.59,BENIGN
53,765,185,1495.92,78.72,DDoS
80,13537,35,198.57,409.57,BENIGN
443,8936,55,509.88,870.98,BENIGN
80,29316,11,384.05,210.14,BENIGN
80,45883,2,849.57,305.38,BENIGN
53,424,293,1067.07,20.3,DDoS
22,874,108,1390.42,35.25,DDoS
25,57784,31,827.66,25.22,BENIGN
80,760,181,1304.99,26.01,DDoS
8080,631,266,1190.2,78.93,DDoS
22,97752,78,233.39,472.78,BENIGN
25,185,218,1388.94,12.81,DDoS
3306,30125,45,600.91,312.5,BENIGN
3306,8798,17,754.18,724.16,BENIGN
8080,23497,59,782.19,561.91,BENIGN
22,78085,63,267.71,753.94,BENIGN
80,60328,1,474.87,555.21,BENIGN
80,55879,64,894.6,758.47,BENIGN
80,23235,6,509.25,671.81,BENIGN
53,78990,6,182.68,776.21,BENIGN
21,32220,80,68.01,273.87,BENIGN
80,77648,29,189.08,173.74,BENIGN
22,28038,23,45.64,184.42,BENIGN
80,21180,48,819.05,809.25,BENIGN
80,15879,80,800.87,241.72,BENIGN
8080,95098,5,234.39,416.72,BENIGN
21,92113,27,576.45,759.95,BENIGN
53,302,297,897.03,73.53,DDoS
53,1949,69,62.92,573.04,BENIGN
22,17049,17,755.22,792.89,BENIGN
443,22193,75,89.48,784.47,BENIGN
3306,42032,79,556.98,151.22,BENIGN
53,249,207,1021.19,6.02,DDoS
8080,37419,21,96.39,34.59,BENIGN
21,657,103,1153.09,72.13,DDoS
443,77802,17,195.5,457.41,BENIGN
443,64126,48,239.62,412.77,BENIGN
21,63056,41,169.98,855.99,BENIGN
3306,34013,50,128.48,907.59,BENIGN
3306,16789,58,735.44,244.0,BENIGN
53,676,269,1403.49,72.19,DDoS
53,36452,8,204.3,711.05,BENIGN
22,881,164,983.7,25.42,DDoS
53,103,228,1211.88,23.96,DDoS
80,68819,57,457.2,599.45,BENIGN
21,62097,78,877.49,386.87,BENIGN
53,21096,12,471.48,251.54,BENIGN
8080,92804,70,720.45,598.89,BENIGN
80,40650,70,455.47,60.62,BENIGN
3306,76311,26,867.01,883.02,BENIGN
3306,47437,13,347.85,625.16,BENIGN
8080,479,263,1134.32,23.19,DDoS
80,69126,43,587.42,789.9,BENIGN
22,97838,70,187.74,779.34,BENIGN
25,18691,52,718.14,37.63,BENIGN
3306,64210,17,606.28,783.34,BENIGN
22,84577,41,673.92,98.55,BENIGN
53,73803,21,188.45,872.18,BENIGN
443,547,126,982.14,63.67,DDoS
3306,23020,39,424.61,561.42,BENIGN
21,902,126,1216.9,7.25,DDoS
53,33202,36,114.98,578.34,BENIGN
80,807,83,1184.39,52.41,DDoS
25,6211,18,392.52,20.24,BENIGN
8080,7896,75,350.72,210.32,BENIGN
21,663,90,715.01,18.53,DDoS
443,589,136,896.49,61.04,DDoS
53,18625,21,296.18,474.41,BENIGN
22,392,298,704.63,3.74,DDoS
53,61477,63,606.81,333.96,BENIGN
443,946,255,1298.69,66.48,DDoS
3306,892,113,1012.74,17.47,DDoS
8080,2353,2,532.3,243.7,BENIGN
21,434,103,1055.75,34.05,DDoS
22,690,108,864.47,69.39,DDoS
3306,118,83,1214.33,63.41,DDoS
443,989,191,939.74,75.1,DDoS
3306,46739,36,813.94,301.95,BENIGN
22,61262,23,438.97,665.32,BENIGN
8080,63470,54,809.09,757.01,BENIGN
22,33900,78,291.39,631.2,BENIGN
21,902,189,1347.08,37.87,DDoS
443,68056,71,419.59,998.05,BENIGN
25,82228,79,525.58,188.99,BENIGN
80,23111,37,521.91,456.39,BENIGN
21,80,276,1096.97,17.52,DDoS
8080,26738,65,748.57,581.15,BENIGN
80,22693,46,791.77,777.26,BENIGN
22,50610,18,399.5,576.46,BENIGN
25,178,130,1112.57,58.72,DDoS
80,981,80,1176.5,18.17,DDoS
8080,64138,35,189.97,403.0,BENIGN
8080,799,231,1182.72,66.82,DDoS
22,489,216,762.12,53.76,DDoS
25,867,245,1208.07,58.96,DDoS
25,518,213,909.54,16.98,DDoS
3306,85,218,1301.95,67.46,DDoS
8080,55478,33,810.64,852.1,BENIGN
3306,774,139,1023.31,73.97,DDoS
443,49200,39,798.75,105.39,BENIGN
80,8839,20,429.42,926.01,BENIGN
443,12,278,1113.62,26.76,DDoS
3306,3678,38,879.61,376.07,BENIGN
3306,5360,44,813.51,243.34,BENIGN
21,937,188,1173.71,19.65,DDoS
25,661,192,1232.7,1.78,DDoS
443,72826,18,197.41,199.74,BENIGN
25,76318,36,707.45,622.02,BENIGN
25,67595,65,410.58,233.67,BENIGN
80,51752,61,686.23,581.19,BENIGN
53,714,211,1254.88,69.48,DDoS
25,53403,4,678.03,328.61,BENIGN
8080,3871,39,531.06,156.22,BENIGN
25,61,147,1218.33,44.88,DDoS
443,72442,52,627.2,453.93,BENIGN
22,25486,8,695.78,414.17,BENIGN
80,486,129,1454.8,46.42,DDoS
443,690,225,1353.12,74.44,DDoS
53,55877,42,870.57,774.08,BENIGN
22,61771,12,433.49,916.13,BENIGN
3306,843,292,946.37,20.99,DDoS
21,21674,4,217.37,701.55,BENIGN
22,12416,31,863.57,316.44,BENIGN
80,15805,37,348.56,574.27,BENIGN
25,4510,49,554.98,82.24,BENIGN
25,25884,1,356.36,996.31,BENIGN
21,31408,72,824.72,747.65,BENIGN
22,832,93,1257.9,62.62,DDoS
443,62067,69,136.02,482.05,BENIGN
80,51641,49,860.31,285.66,BENIGN
443,352,245,1122.16,69.1,DDoS
80,14494,49,599.42,267.55,BENIGN
53,86727,66,120.11,21.44,BENIGN
80,15999,61,86.78,607.1,BENIGN
21,44,194,1403.87,16.29,DDoS
80,68840,9,430.66,414.07,BENIGN
3306,73124,23,600.1,774.99,BENIGN
8080,99600,4,608.04,38.86,BENIGN
8080,975,224,847.08,51.75,DDoS
443,10864,54,504.26,434.52,BENIGN
443,95271,77,800.72,397.18,BENIGN
25,416,180,805.95,44.6,DDoS
80,32471,80,143.24,75.68,BENIGN
53,56217,25,618.37,884.72,BENIGN
22,334,285,1175.89,50.42,DDoS
21,343,213,1244.37,70.0,DDoS
443,24415,2,672.77,309.33,BENIGN
53,40093,21,605.56,386.46,BENIGN
80,77751,12,847.36,173.09,BENIGN
8080,255,82,846.11,72.76,DDoS
3306,93302,8,254.94,389.19,BENIGN
80,18283,38,248.36,331.88,BENIGN
21,6508,46,345.18,704.43,BENIGN
443,92738,69,741.03,793.98,BENIGN
21,90085,3,874.97,876.23,BENIGN
21,67849,70,166.31,365.23,BENIGN
25,66327,32,485.28,290.92,BENIGN
3306,20958,26,866.23,246.2,BENIGN
3306,827,198,1183.46,49.99,DDoS
21,77717,10,151.24,589.85,BENIGN
25,88369,23,156.0,69.49,BENIGN
3306,189,122,1469.0,45.09,DDoS
3306,427,181,758.14,36.3,DDoS
3306,24189,25,807.58,389.42,BENIGN
53,78068,78,720.37,739.34,BENIGN
8080,770,221,1287.84,69.21,DDoS
25,94076,64,427.81,203.55,BENIGN
3306,2619,39,144.42,269.71,BENIGN
21,917,235,1350.48,7.65,DDoS
22,1000,275,1179.59,12.38,DDoS
80,31,81,1417.44,23.17,DDoS
25,953,182,817.44,49.36,DDoS
443,40971,30,773.5,873.3,BENIGN
443,29537,39,141.66,220.04,BENIGN
25,43126,20,814.97,846.74,BENIGN
80,78520,79,504.53,651.54,BENIGN
3306,39944,21,678.36,673.79,BENIGN
21,2488,43,574.13,715.23,BENIGN
53,240,166,1365.32,2.48,DDoS
3306,57112,78,850.47,120.26,BENIGN
3306,17397,73,848.54,830.74,BENIGN
80,86070,48,385.98,149.07,BENIGN
25,675,173,896.8,74.82,DDoS
3306,54613,13,845.34,442.0,BENIGN
25,21045,38,770.63,26.59,BENIGN
21,503,145,796.41,13.07,DDoS
443,673,129,1085.73,49.49,DDoS
443,2668,7,466.73,505.95,BENIGN
443,66054,45,93.41,430.66,BENIGN
53,6896,19,637.71,836.66,BENIGN
443,78435,26,483.45,209.51,BENIGN
22,40094,24,736.91,854.75,BENIGN
25,38566,71,563.68,784.14,BENIGN
80,59186,69,397.75,146.1,BENIGN
443,946,81,1253.46,37.63,DDoS
443,62763,5,880.61,694.3,BENIGN
8080,12773,62,637.77,961.79,BENIGN
8080,81,148,981.34,15.41,DDoS
443,572,283,983.21,0.12,DDoS
443,96540,13,316.03,838.46,BENIGN
3306,686,173,899.1,53.31,DDoS
80,85752,63,746.28,22.64,BENIGN
22,914,292,1340.93,57.35,DDoS
21,16365,70,277.61,38.01,BENIGN
53,24358,11,731.67,43.65,BENIGN
3306,404,276,828.25,75.18,DDoS
22,68337,48,827.19,553.11,BENIGN
21,83358,3,607.66,543.49,BENIGN
3306,330,120,1186.46,27.04,DDoS
3306,38025,56,649.99,222.51,BENIGN
22,351,264,1034.02,16.01,DDoS
25,40319,34,771.0,513.07,BENIGN
80,57623,63,76.61,725.44,BENIGN
25,6578,77,184.64,979.47,BENIGN
443,71890,37,784.46,97.28,BENIGN
53,831,179,1002.86,7.7,DDoS
8080,74515,7,334.9,804.34,BENIGN
443,115,232,1224.96,2.59,DDoS
53,20233,3,309.64,608.61,BENIGN
80,63396,62,858.7,376.09,BENIGN
25,744,258,1466.86,4.54,DDoS
53,84961,26,108.74,755.7,BENIGN
443,843,238,1157.84,58.34,DDoS
3306,64690,50,898.11,149.63,BENIGN
22,43823,74,363.3,22.72,BENIGN
80,142,271,1007.49,59.19,DDoS
53,50017,63,739.14,909.07,BENIGN
3306,530,182,738.73,74.25,DDoS
22,43,181,1016.65,34.72,DDoS
80,133,267,1124.72,51.29,DDoS
3306,35862,2,576.51,596.01,BENIGN
22,601,91,1173.89,79.07,DDoS
22,655,87,814.53,10.82,DDoS
8080,21719,26,699.96,470.87,BENIGN
25,92241,77,355.33,860.32,BENIGN
53,52435,6,82.6,722.28,BENIGN
53,61747,45,828.82,948.57,BENIGN
8080,34788,35,884.07,598.73,BENIGN
8080,293,271,1145.47,48.4,DDoS
8080,30508,66,117.88,566.29,BENIGN
443,95157,71,551.91,360.9,BENIGN
22,38144,37,695.4,410.17,BENIGN
53,79265,48,168.49,503.46,BENIGN
8080,92673,53,366.7,250.04,BENIGN
443,56050,18,306.25,434.6,BENIGN
21,59839,20,691.68,903.76,BENIGN
53,26787,46,727.81,81.63,BENIGN
80,10306,48,861.21,687.28,BENIGN
22,696,265,1207.85,7.21,DDoS
443,42423,55,86.41,536.03,BENIGN
8080,17901,23,259.87,93.55,BENIGN
8080,315,193,1153.73,4.53,DDoS
21,96934,47,223.86,686.41,BENIGN
25,77483,7,314.61,471.03,BENIGN
443,85277,68,588.01,540.89,BENIGN
21,95175,52,539.43,441.09,BENIGN
443,73578,31,207.54,335.82,BENIGN
21,83208,72,435.61,556.0,BENIGN
25,51,277,848.59,19.43,DDoS
25,63134,12,506.17,259.47,BENIGN
443,578,127,831.15,48.28,DDoS
22,29444,25,771.27,160.78,BENIGN
25,28879,18,220.89,998.33,BENIGN
21,6232,24,786.98,923.13,BENIGN
53,52745,59,363.41,862.28,BENIGN
21,22671,57,447.12,252.02,BENIGN
53,30338,69,786.02,658.67,BENIGN
22,703,126,717.35,7.51,DDoS
80,9553,55,570.49,243.39,BENIGN
21,39448,18,222.68,310.98,BENIGN
53,80705,2,727.74,493.61,BENIGN
443,44025,35,633.44,144.3,BENIGN
25,43415,56,528.82,617.16,BENIGN
22,128,87,703.02,66.59,DDoS
22,28976,20,198.5,763.2,BENIGN
53,17814,64,426.48,477.52,BENIGN
443,425,265,1104.99,76.81,DDoS
3306,40156,62,64.32,806.6,BENIGN
8080,54,140,1002.76,2.76,DDoS
53,82776,65,724.69,152.57,BENIGN
80,656,201,1332.87,23.8,DDoS
25,277,84,1240.32,69.48,DDoS
8080,67366,22,408.1,431.84,BENIGN
80,57321,21,51.86,59.21,BENIGN
22,67631,46,585.49,797.98,BENIGN
21,54952,10,283.14,458.86,BENIGN
25,85631,76,219.62,532.26,BENIGN
25,767,227,1370.91,56.65,DDoS
443,34775,77,825.95,515.96,BENIGN
8080,834,160,711.36,22.57,DDoS
22,19733,54,706.57,447.79,BENIGN
53,764,136,1480.29,20.58,DDoS
53,14217,21,658.0,594.01,BENIGN
443,87577,14,323.41,302.55,BENIGN
22,33961,3,43.51,91.77,BENIGN
3306,98165,21,158.22,209.25,BENIGN
21,66235,39,188.46,891.71,BENIGN
8080,53126,60,682.01,702.16,BENIGN
53,931,112,864.02,42.07,DDoS
25,8577,43,605.25,973.08,BENIGN
3306,535,92,1007.54,6.16,DDoS
21,76436,48,384.7,478.19,BENIGN
21,52303,4,687.61,338.08,BENIGN
25,82727,35,527.94,800.84,BENIGN
22,995,80,1385.05,68.65,DDoS
22,52769,16,83.6,552.14,BENIGN
53,55680,11,370.4,149.76,BENIGN
8080,365,161,1285.96,54.75,DDoS
21,44325,64,612.34,532.28,BENIGN
8080,99514,46,804.08,365.02,BENIGN
53,34392,61,410.62,25.61,BENIGN
25,346,213,1329.52,33.19,DDoS
53,39164,8,347.38,426.43,BENIGN
8080,14960,20,190.61,271.55,BENIGN
443,68147,76,566.0,934.29,BENIGN
22,207,215,1025.23,42.75,DDoS
22,42717,61,785.85,735.59,BENIGN
22,54504,25,79.2,629.77,BENIGN
21,21169,28,480.92,422.99,BENIGN
8080,749,92,1132.45,58.87,DDoS
21,765,97,870.07,53.44,DDoS
3306,654,96,1358.94,38.05,DDoS
25,18685,35,329.51,169.8,BENIGN
22,372,179,1187.51,42.13,DDoS
80,476,132,983.15,61.61,DDoS
25,40210,66,877.37,33.88,BENIGN
22,76109,33,622.07,890.51,BENIGN
80,19396,56,40.94,722.88,BENIGN
53,667,287,1385.29,64.11,DDoS
8080,70526,77,878.46,157.11,BENIGN
80,62426,25,766.17,170.49,BENIGN
25,681,197,1076.93,42.61,DDoS
8080,15900,40,97.36,901.37,BENIGN
53,27406,1,470.74,759.52,BENIGN
8080,806,244,1116.0,31.71,DDoS
21,14896,74,401.44,259.8,BENIGN
53,57277,4,673.67,373.38,BENIGN
21,22724,59,401.19,490.95,BENIGN
22,13931,57,205.52,22.44,BENIGN
22,87140,12,359.52,982.09,BENIGN
443,62438,70,470.56,309.0,BENIGN
3306,844,172,1357.36,45.05,DDoS
80,56103,20,242.59,470.96,BENIGN
25,122,195,1199.74,75.67,DDoS
53,906,123,882.4,54.34,DDoS
80,93855,55,312.07,287.28,BENIGN
25,8291,71,281.29,476.7,BENIGN
8080,93178,34,100.72,795.24,BENIGN
8080,42140,26,550.28,95.85,BENIGN
80,60301,27,437.98,84.98,BENIGN
8080,65764,78,89.95,589.41,BENIGN
3306,22973,52,751.03,225.9,BENIGN
25,421,132,1120.1,68.9,DDoS
25,53244,11,169.81,601.8,BENIGN
53,16009,78,63.96,852.73,BENIGN
443,21275,73,596.45,549.22,BENIGN
443,67944,18,741.31,46.02,BENIGN
80,53663,50,655.13,852.81,BENIGN
443,7170,59,544.08,235.06,BENIGN
53,51806,71,561.76,246.35,BENIGN
3306,678,157,1185.98,36.33,DDoS
8080,46,187,1092.66,36.82,DDoS
22,26035,44,344.71,457.17,BENIGN
25,31949,13,698.71,843.07,BENIGN
22,14126,42,323.17,639.48,BENIGN
8080,58668,5,347.43,650.83,BENIGN
22,68708,36,651.38,294.55,BENIGN
8080,522,217,867.39,77.75,DDoS
21,64359,7,600.2,707.53,BENIGN
22,85957,42,771.72,214.48,BENIGN
25,15920,42,579.9,405.67,BENIGN
443,98472,5,541.19,449.15,BENIGN
25,71480,7,791.39,159.28,BENIGN
21,83255,35,347.16,522.13,BENIGN
25,589,287,934.76,73.2,DDoS
3306,96109,55,860.25,818.12,BENIGN
22,961,114,1190.52,38.38,DDoS
22,16600,46,540.77,508.26,BENIGN
53,79829,19,609.79,248.85,BENIGN
22,94148,5,157.57,833.27,BENIGN
8080,93434,39,592.58,996.01,BENIGN
53,308,103,1000.73,79.41,DDoS
8080,83159,33,502.29,591.42,BENIGN
80,62153,27,297.91,798.81,BENIGN
21,51957,23,665.35,358.47,BENIGN
8080,72404,37,599.26,923.15,BENIGN
443,56665,9,420.08,349.94,BENIGN
53,11082,66,611.39,416.4,BENIGN
21,13960,30,717.45,313.85,BENIGN
25,396,258,1411.49,56.42,DDoS
22,711,204,1348.69,23.02,DDoS
53,78527,17,500.97,302.84,BENIGN
22,27382,4,738.24,436.26,BENIGN
8080,99186,4,534.62,652.89,BENIGN
53,16279,72,805.99,427.3,BENIGN
443,79614,49,891.36,425.59,BENIGN
80,19291,41,682.08,916.97,BENIGN
80,138,283,1379.22,10.24,DDoS
22,36214,79,546.01,58.83,BENIGN
22,96053,57,875.88,562.65,BENIGN
25,47934,80,676.72,111.91,BENIGN
443,43912,20,586.67,290.56,BENIGN
21,39504,4,570.43,227.06,BENIGN
8080,9213,59,301.48,407.54,BENIGN
21,19364,49,739.66,127.84,BENIGN
25,99514,17,366.46,85.15,BENIGN
8080,97346,49,808.52,641.03,BENIGN
53,84802,24,457.93,449.9,BENIGN
21,13147,39,562.76,45.8,BENIGN
8080,1325,23,678.94,347.83,BENIGN
22,852,280,1474.84,62.36,DDoS
21,73001,52,453.76,196.96,BENIGN
22,76060,1,298.59,759.93,BENIGN
443,34120,47,277.35,736.59,BENIGN
8080,90998,62,291.47,832.87,BENIGN
443,118,146,1257.35,47.07,DDoS
25,78286,41,223.74,151.33,BENIGN
21,2830,75,317.12,258.98,BENIGN
3306,56695,13,481.9,70.73,BENIGN
8080,66804,7,91.41,728.62,BENIGN
22,12242,40,217.27,102.62,BENIGN
443,257,138,1046.51,42.79,DDoS
443,968,284,711.83,63.87,DDoS
25,100,91,1192.11,32.43,DDoS
3306,40477,17,324.37,465.06,BENIGN
80,147,189,1357.57,52.52,DDoS
443,382,147,843.36,59.44,DDoS
80,55,127,856.19,14.8,DDoS
8080,85807,43,822.56,38.49,BENIGN
53,23046,37,677.17,113.92,BENIGN
80,53915,53,453.14,121.03,BENIGN
8080,757,230,1153.11,1.53,DDoS
3306,56628,32,216.99,745.38,BENIGN
53,874,114,922.3,2.52,DDoS
53,25142,23,80.58,390.23,BENIGN
443,87934,79,691.46,853.33,BENIGN
22,263,216,945.4,17.89,DDoS
22,658,124,990.89,41.36,DDoS
443,29138,21,249.2,605.75,BENIGN
3306,90033,37,326.6,232.25,BENIGN
3306,306,277,1343.33,48.75,DDoS
80,23709,34,541.94,441.45,BENIGN
53,764,93,1283.75,46.67,DDoS
3306,99350,59,587.53,484.08,BENIGN
22,37271,74,513.13,632.58,BENIGN
25,851,139,984.97,66.79,DDoS
53,393,183,996.74,26.6,DDoS
21,64953,50,865.98,382.34,BENIGN
80,635,186,1033.19,8.42,DDoS
8080,29727,32,387.72,589.97,BENIGN
21,58872,35,834.47,405.93,BENIGN
22,45310,27,522.63,704.77,BENIGN
3306,17683,74,514.24,352.3,BENIGN
21,208,261,1303.98,31.06,DDoS
53,40034,14,331.33,100.16,BENIGN
3306,26757,71,840.85,337.5,BENIGN
21,421,220,962.82,59.93,DDoS
80,423,280,781.01,58.46,DDoS
25,605,243,889.09,48.67,DDoS
443,55431,13,344.86,240.11,BENIGN
443,14304,51,811.37,524.96,BENIGN
25,91,87,895.87,39.77,DDoS
53,389,95,1077.22,13.28,DDoS
80,13506,36,501.22,435.14,BENIGN
80,73867,18,372.47,289.6,BENIGN
53,126,153,1018.59,15.72,DDoS
25,53017,24,318.05,292.41,BENIGN
53,398,295,1262.03,27.56,DDoS
22,79361,14,435.61,753.09,BENIGN
21,2487,28,380.05,581.2,BENIGN
443,88525,15,196.11,425.34,BENIGN
21,75338,59,116.05,421.8,BENIGN
80,54961,71,232.81,342.06,BENIGN
80,14746,50,132.4,362.91,BENIGN
80,15888,52,707.42,261.96,BENIGN
80,99874,11,207.43,246.99,BENIGN
22,63421,54,756.58,663.66,BENIGN
21,547,283,780.31,3.65,DDoS
21,12614,8,861.31,867.68,BENIGN
22,5941,10,894.82,910.54,BENIGN
3306,11,152,1162.67,56.83,DDoS
443,4265,7,769.64,663.03,BENIGN
80,20729,68,523.17,884.07,BENIGN
443,53979,70,899.36,753.03,BENIGN
80,253,154,815.5,76.38,DDoS
21,66790,43,300.03,275.91,BENIGN
80,215,161,857.99,34.04,DDoS
443,64656,76,125.73,922.37,BENIGN
443,43457,62,125.04,707.85,BENIGN
25,119,132,1401.52,62.62,DDoS
21,949,296,1353.53,79.71,DDoS
25,88688,1,178.95,934.2,BENIGN
443,38922,12,142.54,843.58,BENIGN
21,42564,18,821.43,935.21,BENIGN
22,994,191,1081.15,40.81,DDoS
21,57190,25,560.47,254.07,BENIGN
443,5916,64,299.43,971.21,BENIGN
3306,17005,74,898.93,185.93,BENIGN
443,46659,37,794.2,94.61,BENIGN
8080,224,164,741.12,47.74,DDoS
53,51926,9,389.61,268.21,BENIGN
53,43359,23,691.59,506.91,BENIGN
443,1264,18,584.38,297.34,BENIGN
443,93744,60,542.02,605.27,BENIGN
8080,56826,50,559.88,516.55,BENIGN
22,8648,4,357.55,599.03,BENIGN
8080,57713,58,339.17,670.14,BENIGN
8080,48718,65,294.77,162.73,BENIGN
25,84643,12,431.89,401.92,BENIGN
8080,415,173,720.71,30.62,DDoS
80,680,90,766.4,68.72,DDoS
21,15579,29,44.38,822.04,BENIGN
3306,24597,34,74.85,706.43,BENIGN
443,1674,1,872.84,980.86,BENIGN
80,89121,35,889.92,808.12,BENIGN
53,550,116,706.17,32.61,DDoS
443,125,169,1396.15,52.77,DDoS
53,566,117,844.79,44.49,DDoS
21,483,163,1393.06,42.08,DDoS
21,5187,1,274.71,58.23,BENIGN
21,60293,78,730.18,243.61,BENIGN
443,93344,15,844.97,360.09,BENIGN
8080,199,161,1473.75,75.49,DDoS
53,85296,68,549.16,925.07,BENIGN
3306,297,110,1211.65,74.88,DDoS
25,73944,6,554.96,475.07,BENIGN
53,949,218,713.75,5.82,DDoS
443,82534,37,822.63,718.05,BENIGN
21,11118,79,326.31,763.87,BENIGN
443,86955,34,287.6,564.56,BENIGN
21,97044,17,513.52,191.78,BENIGN
22,3958,50,230.93,357.47,BENIGN
80,89301,30,439.61,593.48,BENIGN
53,100,136,1359.13,49.65,DDoS
25,33844,31,746.94,414.45,BENIGN
8080,44507,71,317.92,357.59,BENIGN
8080,78641,74,303.21,772.79,BENIGN
21,25454,74,809.52,20.65,BENIGN
3306,75244,7,632.94,372.1,BENIGN
3306,16,176,753.34,3.88,DDoS
25,32534,30,429.02,287.9,BENIGN
80,11878,52,313.78,455.28,BENIGN
22,429,249,1148.11,23.91,DDoS
80,19351,46,229.16,40.09,BENIGN
25,741,182,1192.77,12.86,DDoS
3306,39765,35,299.11,778.39,BENIGN
53,43350,2,497.09,681.81,BENIGN
53,923,144,839.29,24.12,DDoS
80,281,100,1063.5,10.08,DDoS
8080,351,143,1453.84,31.87,DDoS
8080,323,197,925.43,76.54,DDoS
3306,23821,64,524.27,391.25,BENIGN
53,378,195,749.15,79.74,DDoS
53,636,283,970.35,47.98,DDoS
22,11822,42,590.43,923.19,BENIGN
3306,232,91,923.63,72.93,DDoS
3306,402,127,1423.86,55.21,DDoS
25,21700,13,457.42,952.25,BENIGN
53,4465,39,114.83,474.73,BENIGN
53,16626,46,628.67,598.53,BENIGN
3306,80183,27,448.36,990.71,BENIGN
22,130,289,983.96,2.64,DDoS
22,601,120,1100.09,24.17,DDoS
8080,1994,24,170.05,429.63,BENIGN
80,14925,74,245.85,258.65,BENIGN
22,65147,78,459.0,611.63,BENIGN
80,189,261,1165.41,27.33,DDoS
53,189,295,972.41,57.24,DDoS
25,9387,66,676.37,366.82,BENIGN
80,96301,58,538.26,629.22,BENIGN
22,1061,37,722.77,357.25,BENIGN
22,18919,30,111.25,397.37,BENIGN
25,71054,10,284.98,389.31,BENIGN
21,33120,57,51.05,745.29,BENIGN
8080,26665,79,641.4,122.32,BENIGN
25,998,207,1042.33,33.66,DDoS
80,46167,23,606.6,655.14,BENIGN
443,17386,4,714.03,176.92,BENIGN
8080,489,220,743.96,52.97,DDoS
80,21431,17,251.48,681.67,BENIGN
25,4151,50,581.11,488.27,BENIGN
8080,33253,18,170.01,690.28,BENIGN
8080,600,119,757.29,11.04,DDoS
21,85819,66,356.17,236.26,BENIGN
443,38495,20,561.4,208.71,BENIGN
22,465,292,969.32,72.67,DDoS
53,32888,10,218.17,274.46,BENIGN
3306,50805,79,219.47,971.48,BENIGN
21,14537,63,606.84,217.67,BENIGN
3306,45891,73,101.56,985.72,BENIGN
53,6405,13,124.59,289.3,BENIGN
3306,47281,21,642.28,405.06,BENIGN
25,887,283,1401.46,69.72,DDoS
53,64943,24,894.34,329.6,BENIGN
22,65095,47,618.47,327.74,BENIGN
25,54835,34,494.88,521.08,BENIGN
53,22585,36,740.17,586.2,BENIGN
443,3841,40,389.84,155.33,BENIGN
3306,593,113,1476.56,33.5,DDoS
8080,15399,19,743.84,73.15,BENIGN
53,99394,58,793.2,716.74,BENIGN
22,758,161,1261.72,49.11,DDoS
22,34738,35,785.17,91.49,BENIGN
21,58289,48,814.89,202.33,BENIGN
21,65674,60,513.09,859.89,BENIGN
80,38601,45,876.32,728.58,BENIGN
53,49965,15,783.06,305.48,BENIGN
25,4175,27,237.95,618.74,BENIGN
21,464,222,1244.51,75.75,DDoS
53,32852,25,422.45,736.51,BENIGN
80,949,225,1258.97,21.58,DDoS
3306,500,182,1312.75,35.62,DDoS
3306,83593,29,616.98,851.73,BENIGN
3306,27274,1,137.03,988.67,BENIGN
53,4547,7,806.55,725.64,BENIGN
21,17580,50,742.71,777.77,BENIGN
22,27816,28,403.66,462.33,BENIGN
80,67782,22,847.11,697.51,BENIGN
25,95867,11,639.69,393.57,BENIGN
21,80506,37,805.96,879.17,BENIGN
80,74700,48,828.82,294.33,BENIGN
80,15906,25,165.19,629.2,BENIGN
443,74914,28,361.81,828.37,BENIGN
80,11150,14,813.07,305.94,BENIGN
8080,806,215,1272.32,71.57,DDoS
80,29408,68,671.02,585.54,BENIGN
80,38465,33,588.73,80.03,BENIGN
22,66,169,1024.53,71.49,DDoS
22,44276,25,489.3,661.44,BENIGN
22,489,159,1066.47,28.18,DDoS
80,640,243,709.62,73.77,DDoS
8080,50995,37,424.75,497.32,BENIGN
21,5730,12,867.38,616.03,BENIGN
25,810,248,782.17,71.8,DDoS
22,64403,14,414.9,124.57,BENIGN
3306,56612,67,880.88,130.57,BENIGN
25,51512,57,346.37,741.13,BENIGN
22,21949,53,96.48,872.39,BENIGN
80,44625,69,218.35,205.8,BENIGN
443,78078,45,402.9,450.94,BENIGN
8080,253,173,1461.48,78.99,DDoS
53,38000,21,373.59,666.27,BENIGN
25,344,223,734.65,54.51,DDoS
21,56747,55,511.33,612.66,BENIGN
22,7,118,1330.95,27.28,DDoS
25,184,202,1303.16,34.4,DDoS
22,34429,41,99.88,383.56,BENIGN
80,22575,41,148.17,527.5,BENIGN
3306,14958,31,43.8,553.48,BENIGN
80,71145,73,834.52,142.56,BENIGN
80,84743,59,698.35,239.29,BENIGN
53,64410,61,443.46,921.46,BENIGN
443,16842,65,291.54,332.66,BENIGN
25,86520,65,832.53,214.45,BENIGN
80,2129,57,820.36,163.5,BENIGN
53,734,299,922.93,15.48,DDoS
25,29391,7,339.97,665.47,BENIGN
25,62558,13,691.36,837.53,BENIGN
3306,16769,75,541.01,485.24,BENIGN
3306,46857,52,386.27,466.15,BENIGN
3306,537,298,887.62,23.01,DDoS
80,630,262,993.32,12.92,DDoS
21,19141,49,626.65,377.24,BENIGN
22,92037,24,149.38,106.48,BENIGN
21,250,239,1262.74,36.69,DDoS
21,63683,32,402.35,767.02,BENIGN
443,11828,43,71.94,708.06,BENIGN
3306,726,292,1427.62,33.52,DDoS
80,138,182,978.92,45.75,DDoS
21,865,199,1427.79,47.83,DDoS
22,29921,41,288.56,510.39,BENIGN
25,916,102,1180.1,8.62,DDoS
25,75728,12,743.65,396.72,BENIGN
3306,84043,50,773.63,685.2,BENIGN
53,24,133,773.3,79.59,DDoS
53,87166,53,404.02,163.33,BENIGN
21,52491,69,326.44,861.15,BENIGN
53,95451,64,616.04,304.3,BENIGN
80,706,268,1240.24,11.3,DDoS
80,12319,39,613.22,389.45,BENIGN
443,604,86,1147.58,27.03,DDoS
53,508,109,1020.52,52.14,DDoS
22,31732,41,812.8,848.12,BENIGN
3306,79416,26,738.17,107.62,BENIGN
80,604,93,1121.06,47.62,DDoS
25,534,109,1281.69,64.76,DDoS
80,23739,68,593.58,949.39,BENIGN
21,9450,43,507.63,944.46,BENIGN
80,82479,30,82.46,277.26,BENIGN
25,428,188,770.82,61.63,DDoS
80,68088,11,160.68,154.36,BENIGN
443,46716,74,300.67,469.69,BENIGN
21,61030,1,789.76,913.13,BENIGN
443,38,169,1244.7,75.75,DDoS
22,2096,79,412.08,931.27,BENIGN
21,19285,13,519.62,987.69,BENIGN
53,88459,55,561.51,484.88,BENIGN
8080,85887,4,691.42,121.77,BENIGN
3306,63775,13,477.81,489.14,BENIGN
53,87271,68,506.72,959.03,BENIGN
22,57681,70,492.33,671.51,BENIGN
443,96513,51,796.02,786.67,BENIGN
3306,177,231,827.13,34.01,DDoS
80,75694,25,424.89,409.14,BENIGN
8080,23152,24,513.26,648.01,BENIGN
80,61791,38,539.47,257.0,BENIGN
443,18770,42,333.6,487.09,BENIGN
3306,43299,78,758.91,392.58,BENIGN
22,935,222,995.49,59.36,DDoS
80,947,98,1434.76,75.3,DDoS
25,112,279,1010.03,38.63,DDoS
443,19228,76,863.25,865.71,BENIGN
8080,13165,69,498.27,98.67,BENIGN
21,539,189,731.5,69.84,DDoS
80,1571,78,197.93,284.37,BENIGN
53,69531,58,522.61,891.21,BENIGN
25,7526,30,592.6,778.46,BENIGN
80,17186,14,668.73,166.93,BENIGN
443,85377,65,376.63,633.05,BENIGN
53,75923,3,385.29,650.27,BENIGN
53,22240,30,771.84,419.91,BENIGN
443,650,223,712.54,13.45,DDoS
25,655,130,715.85,10.89,DDoS
53,927,178,1220.97,33.88,DDoS
25,373,141,1075.66,63.41,DDoS
80,92394,42,465.54,786.26,BENIGN
21,313,180,1456.83,76.88,DDoS
3306,89904,64,259.91,725.95,BENIGN
25,28299,47,595.51,268.09,BENIGN
21,44293,9,281.39,662.21,BENIGN
3306,47391,66,210.82,752.59,BENIGN
22,806,155,1149.25,68.49,DDoS
8080,86840,71,852.44,637.38,BENIGN
25,29289,56,881.63,833.27,BENIGN
22,21218,4,780.18,815.18,BENIGN
25,1599,66,814.94,304.91,BENIGN
3306,790,285,1188.07,17.48,DDoS
21,40422,32,789.29,734.22,BENIGN
8080,71198,5,346.19,767.9,BENIGN
8080,8808,47,895.29,51.24,BENIGN
21,411,198,832.15,65.82,DDoS
22,288,124,1434.21,60.65,DDoS
80,92349,60,424.28,916.38,BENIGN
53,78370,41,271.89,792.7,BENIGN
80,32678,72,835.82,82.17,BENIGN
8080,113,170,730.76,10.61,DDoS
80,40308,44,59.92,201.29,BENIGN
21,28488,44,235.2,83.44,BENIGN
21,90624,30,748.95,755.58,BENIGN
8080,25653,11,725.84,730.39,BENIGN
53,245,248,982.07,2.34,DDoS
53,53573,46,198.8,471.5,BENIGN
3306,861,252,1004.24,14.65,DDoS
443,91688,7,490.27,505.99,BENIGN
8080,46686,38,334.31,98.64,BENIGN
3306,6371,78,748.47,633.29,BENIGN
8080,13290,11,449.91,903.84,BENIGN
8080,41981,29,632.23,704.57,BENIGN
3306,18788,61,200.37,848.3,BENIGN
22,33433,57,255.15,113.56,BENIGN
443,88529,41,754.19,387.06,BENIGN
53,56758,33,799.35,190.32,BENIGN
21,69907,16,479.6,787.87,BENIGN
53,2850,76,574.44,78.03,BENIGN
443,80102,56,246.83,794.3,BENIGN
8080,973,98,1048.66,39.53,DDoS
8080,34,262,963.94,49.24,DDoS
53,17389,54,419.01,683.16,BENIGN
53,976,274,872.25,62.53,DDoS
80,41445,65,335.97,937.04,BENIGN
53,8495,19,357.6,819.59,BENIGN
8080,7055,19,515.56,789.72,BENIGN
22,262,113,1077.1,61.37,DDoS
25,25222,78,564.29,128.0,BENIGN
80,99105,37,580.69,210.2,BENIGN
22,663,156,898.99,70.63,DDoS
443,5998,21,611.45,593.55,BENIGN
443,43033,3,390.88,689.65,BENIGN
25,620,112,1011.86,62.58,DDoS
443,60233,28,777.22,519.05,BENIGN
53,90824,79,111.71,72.5,BENIGN
22,82074,20,174.79,601.83,BENIGN
443,806,162,1054.12,54.35,DDoS
25,15930,4,348.73,573.58,BENIGN
25,1128,57,593.38,359.33,BENIGN
443,49910,26,88.57,288.68,BENIGN
53,7,113,1320.89,30.18,DDoS
22,74460,64,517.26,53.53,BENIGN
21,654,168,1404.4,13.61,DDoS
3306,60321,51,80.62,655.6,BENIGN
80,620,279,1275.06,16.46,DDoS
25,90052,45,295.93,87.43,BENIGN
53,32469,55,505.87,114.33,BENIGN
22,851,220,1232.02,35.71,DDoS
8080,103,142,895.65,30.02,DDoS
21,164,118,702.34,18.8,DDoS
53,48403,31,189.48,775.53,BENIGN
443,99600,50,489.76,729.19,BENIGN
22,55438,2,244.3,574.03,BENIGN
443,86001,62,891.71,743.51,BENIGN
25,99184,66,549.56,320.13,BENIGN
25,25141,6,76.76,366.52,BENIGN
443,800,92,1473.22,73.07,DDoS
3306,32646,35,522.14,873.93,BENIGN
8080,107,126,873.35,0.51,DDoS
443,77564,11,575.11,802.58,BENIGN
21,48627,54,560.74,158.93,BENIGN
8080,52050,15,556.03,464.45,BENIGN
22,58565,58,671.55,814.66,BENIGN
3306,99314,19,767.95,255.71,BENIGN
443,18625,52,697.82,394.05,BENIGN
22,4310,48,352.57,223.32,BENIGN
25,766,153,1358.53,3.72,DDoS
22,91097,37,613.81,962.19,BENIGN
3306,50972,23,465.05,220.7,BENIGN
21,975,254,788.36,64.44,DDoS
443,90679,39,189.74,677.52,BENIGN
21,68024,30,136.92,408.85,BENIGN
3306,28159,54,265.26,46.67,BENIGN
8080,387,217,1481.57,31.0,DDoS
25,3863,28,364.57,567.56,BENIGN
80,4710,36,505.5,496.69,BENIGN
22,53633,30,633.48,97.18,BENIGN
53,98887,19,710.34,712.81,BENIGN
443,87680,22,455.0,76.5,BENIGN
22,37721,9,77.57,278.94,BENIGN
53,76891,13,110.48,462.63,BENIGN
53,288,202,799.26,15.41,DDoS
443,458,258,1166.71,79.11,DDoS
80,63974,43,622.34,535.3,BENIGN
21,76569,62,809.18,590.0,BENIGN
80,42382,21,839.68,152.13,BENIGN
443,37589,70,774.15,794.72,BENIGN
8080,68735,13,515.49,543.85,BENIGN
80,444,99,1094.01,50.55,DDoS
8080,54265,32,121.45,419.78,BENIGN
53,79168,60,883.72,379.19,BENIGN
53,98628,54,128.89,604.75,BENIGN
22,64963,72,476.12,106.91,BENIGN
22,69885,76,597.51,889.32,BENIGN
53,715,92,791.06,16.57,DDoS
25,11074,55,892.35,361.1,BENIGN
53,16062,50,230.75,984.0,BENIGN
443,822,294,893.66,37.62,DDoS
8080,36095,75,71.5,850.93,BENIGN
80,32807,61,618.4,609.35,BENIGN
8080,68618,43,473.03,354.91,BENIGN
22,90139,77,828.68,557.2,BENIGN
53,64154,36,899.3,233.47,BENIGN
53,43225,44,131.02,812.55,BENIGN
53,331,222,1404.47,5.34,DDoS
21,65688,54,812.31,906.51,BENIGN
53,724,128,1024.65,2.99,DDoS
3306,31575,74,554.48,370.85,BENIGN
22,741,277,1143.89,25.47,DDoS
3306,223,278,742.18,19.39,DDoS
25,79356,52,488.33,742.14,BENIGN
80,86277,76,408.64,668.37,BENIGN
25,18774,36,826.61,51.47,BENIGN
53,93093,14,436.38,643.33,BENIGN
8080,86308,12,399.94,518.06,BENIGN
22,221,239,1076.37,74.74,DDoS
25,91755,18,144.08,663.73,BENIGN
80,93582,24,302.84,657.45,BENIGN
21,13328,79,491.68,796.07,BENIGN
80,54974,32,198.95,249.99,BENIGN
80,13339,70,125.9,795.08,BENIGN
53,304,274,1477.62,69.81,DDoS
80,162,257,923.61,64.68,DDoS
80,92449,77,304.58,423.13,BENIGN
443,16468,66,406.19,83.82,BENIGN
21,2057,79,730.33,299.31,BENIGN
8080,26218,80,503.67,712.55,BENIGN
25,6102,41,307.5,643.56,BENIGN
8080,13234,80,87.99,911.11,BENIGN
443,684,290,1323.92,2.17,DDoS
3306,328,237,913.73,59.95,DDoS
53,5618,23,248.0,394.59,BENIGN
3306,79636,23,706.82,578.45,BENIGN
3306,96,225,900.04,66.78,DDoS
22,80800,3,758.77,797.19,BENIGN
21,17622,36,602.19,861.49,BENIGN
3306,435,252,842.14,59.57,DDoS
22,207,286,939.93,41.39,DDoS
22,34731,27,446.47,120.48,BENIGN
3306,58170,79,258.79,56.54,BENIGN
8080,38744,23,284.48,732.91,BENIGN
53,568,164,974.82,35.98,DDoS
80,592,300,977.92,77.93,DDoS
8080,80793,35,796.06,922.74,BENIGN
80,33602,73,407.15,906.22,BENIGN
3306,38143,42,220.2,608.92,BENIGN
25,54065,43,78.53,468.75,BENIGN
22,1593,5,695.34,802.21,BENIGN
53,73152,66,856.6,228.02,BENIGN
21,758,266,1188.42,32.16,DDoS
3306,57321,58,546.58,619.06,BENIGN
80,419,259,785.19,56.02,DDoS
80,57784,75,84.28,849.35,BENIGN
443,11589,4,868.5,230.59,BENIGN
25,14451,44,377.28,832.68,BENIGN
8080,1006,44,105.85,733.41,BENIGN
80,90944,13,370.55,668.94,BENIGN
53,210,152,1255.44,77.57,DDoS
3306,76429,67,321.79,885.28,BENIGN
21,43494,3,595.31,785.91,BENIGN
22,64500,44,307.35,153.0,BENIGN
21,24323,72,413.78,482.2,BENIGN
53,44402,58,146.96,959.79,BENIGN
8080,8300,31,503.47,873.87,BENIGN
3306,98592,23,689.79,877.05,BENIGN
443,83468,53,694.11,264.38,BENIGN
22,99127,53,779.13,870.81,BENIGN
22,43346,66,341.68,38.57,BENIGN
80,11415,19,417.78,586.54,BENIGN
443,81005,27,41.32,308.07,BENIGN
8080,20323,63,435.31,533.7,BENIGN
80,29342,50,321.69,163.75,BENIGN
3306,29263,33,301.48,295.63,BENIGN
21,53817,66,711.56,389.97,BENIGN
22,31491,14,502.01,680.78,BENIGN
22,380,192,1243.7,7.1,DDoS
80,59784,29,760.85,888.19,BENIGN
8080,61422,60,802.08,189.6,BENIGN
53,51872,32,851.15,455.61,BENIGN
80,67773,79,815.49,563.18,BENIGN
25,65998,34,713.86,966.86,BENIGN
21,90671,37,599.05,942.13,BENIGN
8080,19132,76,344.56,206.45,BENIGN
21,4604,31,449.53,476.42,BENIGN
21,4279,34,790.02,42.08,BENIGN
3306,62242,46,109.24,604.84,BENIGN
21,12569,10,312.7,481.76,BENIGN
22,61,239,1170.69,63.1,DDoS
80,75838,36,675.09,800.38,BENIGN
8080,96154,65,169.01,749.97,BENIGN
8080,33003,68,885.54,804.48,BENIGN
3306,48901,32,334.08,196.69,BENIGN
53,965,185,1043.87,2.55,DDoS
80,5825,34,441.12,858.36,BENIGN
443,10193,8,672.63,818.63,BENIGN
8080,56235,10,107.65,695.65,BENIGN
3306,42203,11,114.62,119.77,BENIGN
22,99156,58,717.3,291.15,BENIGN
21,96704,40,444.53,436.55,BENIGN
3306,524,204,1235.14,22.45,DDoS
3306,53415,50,510.9,164.32,BENIGN
8080,94325,18,357.22,356.23,BENIGN
8080,3198,68,592.04,86.44,BENIGN
22,91656,30,43.1,196.87,BENIGN
25,56418,37,775.61,329.23,BENIGN
22,82676,69,403.2,916.33,BENIGN
80,364,97,873.03,7.06,DDoS
80,41413,63,304.47,870.26,BENIGN
443,260,196,1286.59,40.03,DDoS
25,307,157,1362.09,0.21,DDoS
21,37965,14,54.35,899.25,BENIGN
53,95634,29,713.46,491.23,BENIGN
8080,85,217,1432.62,54.56,DDoS
3306,55213,40,836.08,867.24,BENIGN
443,27710,12,873.66,920.3,BENIGN
22,9,116,984.27,29.91,DDoS
3306,791,161,1127.61,6.28,DDoS
8080,654,122,1255.01,39.12,DDoS
8080,82607,80,89.78,585.79,BENIGN
443,23388,71,882.12,343.69,BENIGN
443,50386,59,336.84,628.42,BENIGN
22,966,298,777.68,17.63,DDoS
443,72792,6,669.81,992.9,BENIGN
443,34842,50,202.61,144.59,BENIGN
53,41862,21,128.4,616.1,BENIGN
25,98591,31,881.14,850.05,BENIGN
443,23726,9,482.91,171.64,BENIGN
21,12885,12,294.32,413.55,BENIGN
443,341,244,985.09,15.66,DDoS
443,329,137,731.19,4.71,DDoS
80,59953,57,498.23,678.28,BENIGN
80,632,269,1025.81,49.11,DDoS
8080,42912,59,389.83,842.62,BENIGN
21,43668,39,142.92,567.19,BENIGN
443,19528,53,847.33,860.53,BENIGN
8080,21014,8,398.6,690.75,BENIGN
443,4002,54,875.66,919.36,BENIGN
3306,91442,79,120.22,77.7,BENIGN
53,21976,33,155.24,745.25,BENIGN
53,55709,65,835.55,168.91,BENIGN
25,365,243,1021.69,52.03,DDoS
3306,20137,4,495.01,638.8,BENIGN
443,98747,1,49.57,577.33,BENIGN
8080,505,113,1308.05,44.1,DDoS
22,21696,19,66.23,960.96,BENIGN
21,74250,44,569.49,740.32,BENIGN
22,570,198,1451.42,11.58,DDoS
21,44866,24,814.83,815.17,BENIGN
80,93601,19,825.63,948.77,BENIGN
3306,6756,37,515.08,190.03,BENIGN
53,35360,2,399.92,371.44,BENIGN
25,35536,58,860.97,411.16,BENIGN
8080,6460,75,60.03,873.21,BENIGN
8080,58101,51,868.13,274.39,BENIGN
3306,338,240,1372.8,34.51,DDoS
25,544,210,1441.4,35.42,DDoS
8080,56780,79,576.16,252.9,BENIGN
80,427,245,802.38,74.2,DDoS
80,12558,13,727.45,870.77,BENIGN
80,37627,62,754.41,291.55,BENIGN
443,99784,74,569.24,230.03,BENIGN
8080,125,274,1276.82,20.51,DDoS
8080,96663,32,521.7,951.72,BENIGN
21,10623,76,651.72,139.59,BENIGN
80,48407,30,304.56,145.58,BENIGN
8080,904,103,1465.85,32.71,DDoS
80,840,224,965.1,17.69,DDoS
3306,65674,2,734.73,270.73,BENIGN
3306,83154,68,683.46,425.59,BENIGN
3306,91278,20,549.98,183.46,BENIGN
53,21820,68,819.36,722.57,BENIGN
443,70067,28,172.67,386.05,BENIGN
8080,438,217,1281.99,54.52,DDoS
25,54674,64,472.05,618.6,BENIGN
8080,73307,29,452.48,283.42,BENIGN
8080,851,227,1079.96,11.72,DDoS
22,84,202,957.9,27.57,DDoS
8080,79603,21,834.44,706.02,BENIGN
25,37232,12,871.59,83.08,BENIGN
3306,90640,21,408.55,336.77,BENIGN
443,809,237,1195.05,33.95,DDoS
21,81363,53,345.81,331.93,BENIGN
3306,41721,15,565.78,451.79,BENIGN
22,95715,2,825.62,68.82,BENIGN
8080,97521,65,743.63,79.81,BENIGN
22,858,89,768.69,58.91,DDoS
53,23616,36,164.34,533.84,BENIGN
22,41017,77,183.96,393.94,BENIGN
21,58133,7,861.23,808.38,BENIGN
80,36991,2,722.53,212.6,BENIGN
80,10435,43,788.6,449.86,BENIGN
3306,410,271,1088.78,74.28,DDoS
21,55634,3,336.74,594.06,BENIGN
80,81616,56,456.72,281.98,BENIGN
3306,83967,18,466.36,67.12,BENIGN
22,52784,39,576.68,81.71,BENIGN
53,94139,68,746.07,362.04,BENIGN
53,66707,47,674.56,187.3,BENIGN
8080,994,162,1278.12,67.98,DDoS
22,74017,32,780.37,680.11,BENIGN
8080,72961,18,116.83,175.54,BENIGN
21,223,235,996.62,38.22,DDoS
21,99092,51,42.17,569.96,BENIGN
80,63979,44,110.68,785.65,BENIGN
443,80580,65,95.62,493.61,BENIGN
53,76050,36,297.08,797.6,BENIGN
53,45440,27,618.08,440.86,BENIGN
53,533,274,1238.37,19.56,DDoS
8080,87895,74,449.25,451.18,BENIGN
3306,42843,75,812.19,491.78,BENIGN
21,96064,79,266.46,797.92,BENIGN
21,228,276,1045.53,37.66,DDoS
8080,54808,73,190.26,158.05,BENIGN
21,787,236,1386.88,4.3,DDoS
22,40119,15,337.37,372.74,BENIGN
443,7678,7,134.42,950.75,BENIGN
25,60618,30,699.19,622.27,BENIGN
443,839,248,909.93,42.92,DDoS
8080,966,173,1074.64,40.04,DDoS
443,30261,44,272.51,967.08,BENIGN
21,13482,51,499.21,878.03,BENIGN
22,82208,41,170.42,863.49,BENIGN
8080,46812,71,55.18,779.74,BENIGN
8080,64698,77,299.21,498.04,BENIGN
443,86671,53,386.11,172.28,BENIGN
21,83322,16,707.96,422.33,BENIGN
21,455,80,940.47,37.2,DDoS
25,649,263,776.81,58.36,DDoS
25,95419,32,877.81,142.0,BENIGN
8080,75960,44,895.44,527.84,BENIGN
21,382,262,1313.27,2.97,DDoS
22,80755,50,126.66,96.28,BENIGN
80,87383,6,691.86,449.56,BENIGN
3306,472,226,1332.46,21.58,DDoS
3306,718,232,842.48,42.32,DDoS
443,53149,20,134.46,802.16,BENIGN
22,88108,71,702.76,924.88,BENIGN
3306,89716,32,343.53,213.98,BENIGN
22,49236,46,644.78,602.46,BENIGN
80,466,112,806.27,43.07,DDoS
443,991,134,884.39,27.63,DDoS
22,627,81,759.53,15.16,DDoS
21,22622,64,586.32,976.07,BENIGN
3306,872,252,1438.31,25.09,DDoS
3306,58885,9,857.6,282.67,BENIGN
22,93221,2,611.21,915.89,BENIGN
22,48737,56,765.39,569.51,BENIGN
80,526,124,1479.45,27.42,DDoS
3306,32101,61,736.41,947.06,BENIGN
443,19545,65,783.03,532.63,BENIGN
443,12594,17,618.11,957.78,BENIGN
53,10903,34,578.9,183.06,BENIGN
3306,11827,14,543.6,793.92,BENIGN
53,44666,80,784.03,406.43,BENIGN
8080,60179,34,581.09,287.39,BENIGN
22,24706,48,630.34,330.69,BENIGN
443,113,213,778.04,61.8,DDoS
8080,12184,28,368.56,461.14,BENIGN
80,91066,44,164.17,221.96,BENIGN
443,91441,76,226.09,840.75,BENIGN
21,14070,69,709.59,293.87,BENIGN
443,35101,49,616.85,182.5,BENIGN
21,87753,67,249.69,258.08,BENIGN
80,921,104,789.03,35.43,DDoS
3306,2496,26,41.39,492.05,BENIGN
21,62435,62,79.74,581.55,BENIGN
25,58080,14,875.34,252.49,BENIGN
53,98053,78,360.93,493.52,BENIGN
443,84428,54,199.57,111.93,BENIGN
21,559,214,1376.44,31.58,DDoS
21,106,208,1011.94,45.94,DDoS
53,397,296,937.9,26.28,DDoS
3306,62245,39,133.9,620.62,BENIGN
8080,95099,30,563.93,40.02,BENIGN
21,75596,5,870.12,724.93,BENIGN
80,31076,39,152.39,818.06,BENIGN
25,90479,7,146.11,87.77,BENIGN
443,25619,51,894.38,159.36,BENIGN
80,61603,36,190.63,961.51,BENIGN
443,79428,32,588.35,410.01,BENIGN
8080,976,123,1021.22,0.28,DDoS
3306,586,268,1443.38,2.01,DDoS
25,49082,36,482.38,158.73,BENIGN
22,27081,48,508.9,760.89,BENIGN
22,90449,80,589.35,24.18,BENIGN
22,43765,11,452.82,351.31,BENIGN
22,791,256,1264.81,9.77,DDoS
443,40879,7,820.32,769.85,BENIGN
22,194,102,1157.09,29.41,DDoS
25,75221,75,50.26,236.14,BENIGN
25,14102,64,838.89,99.82,BENIGN
80,26198,5,337.04,510.31,BENIGN
21,10661,17,258.14,934.2,BENIGN
8080,13218,51,257.9,812.97,BENIGN
8080,28372,31,425.47,567.44,BENIGN
25,783,293,1022.97,37.18,DDoS
80,2230,50,280.64,323.96,BENIGN
25,89646,30,764.77,646.27,BENIGN
22,6846,30,234.19,278.91,BENIGN
25,44690,64,810.68,278.75,BENIGN
443,1042,39,506.85,898.97,BENIGN
21,92869,57,663.81,232.87,BENIGN
443,353,179,715.63,27.27,DDoS
25,53,196,1175.48,67.9,DDoS
8080,76985,39,730.36,425.29,BENIGN
443,53,203,1462.69,46.09,DDoS
25,48455,38,619.31,364.07,BENIGN
53,68074,73,719.61,168.67,BENIGN
22,39802,65,330.55,944.41,BENIGN
22,77017,2,563.62,272.66,BENIGN
8080,98208,54,49.81,445.2,BENIGN
53,86190,53,98.2,529.01,BENIGN
25,5426,80,700.08,454.0,BENIGN
25,58544,77,362.14,60.06,BENIGN
3306,19915,49,231.63,479.07,BENIGN
25,72,251,1328.26,4.41,DDoS
22,47870,16,151.81,605.13,BENIGN
80,417,218,1473.47,52.25,DDoS
22,168,139,854.07,75.33,DDoS
53,221,237,1171.51,18.38,DDoS
80,807,182,1351.52,71.17,DDoS
3306,75186,34,648.64,686.45,BENIGN
8080,671,113,852.58,35.01,DDoS
8080,19425,77,302.75,153.81,BENIGN
25,94769,7,68.39,394.89,BENIGN
21,70607,72,329.25,541.07,BENIGN
8080,33166,14,140.15,587.08,BENIGN
80,34544,22,351.41,963.82,BENIGN
80,43465,32,878.01,421.99,BENIGN
53,48862,43,728.61,490.08,BENIGN
3306,73174,68,588.29,457.7,BENIGN
53,6510,30,661.01,951.94,BENIGN
22,910,99,1433.64,2.73,DDoS
8080,74424,52,869.43,924.05,BENIGN
53,71771,61,526.64,781.2,BENIGN
25,208,291,1338.06,6.1,DDoS
21,75368,47,725.6,190.21,BENIGN
25,88363,74,377.38,314.41,BENIGN
22,26519,24,506.04,516.43,BENIGN
80,43491,11,643.36,195.22,BENIGN
8080,90754,11,169.05,40.78,BENIGN
80,11783,63,350.33,379.24,BENIGN
3306,283,215,1098.63,11.0,DDoS
443,8281,35,388.98,148.98,BENIGN
80,13802,46,187.16,687.33,BENIGN
21,37146,22,749.7,245.22,BENIGN
80,64082,69,821.35,354.82,BENIGN
22,27432,2,532.66,385.01,BENIGN
53,32183,72,225.9,544.21,BENIGN
3306,7419,12,783.41,348.86,BENIGN
53,31031,18,385.15,93.97,BENIGN
8080,66557,13,574.03,471.1,BENIGN
80,740,107,1152.4,39.71,DDoS
25,88727,17,63.83,146.54,BENIGN
53,48,110,1378.71,12.38,DDoS
8080,17558,31,235.09,166.41,BENIGN
80,36212,74,596.8,213.75,BENIGN
8080,67259,21,550.32,121.08,BENIGN
8080,43298,16,106.5,845.47,BENIGN
25,11915,37,557.33,974.12,BENIGN
25,44810,59,300.33,862.03,BENIGN
21,25054,39,522.71,478.39,BENIGN
3306,163,178,804.23,48.1,DDoS
22,91846,9,192.92,660.07,BENIGN
25,96370,58,242.65,925.52,BENIGN
25,63916,22,798.41,272.73,BENIGN
21,203,241,1406.67,68.79,DDoS
25,69012,64,181.72,975.0,BENIGN
25,15459,44,817.44,757.63,BENIGN
22,68964,6,758.03,621.12,BENIGN
22,36417,69,596.66,647.89,BENIGN
25,596,187,1468.81,50.12,DDoS
21,2243,77,96.6,705.02,BENIGN
25,55421,17,287.67,184.44,BENIGN
53,17500,47,265.06,170.71,BENIGN
3306,801,233,884.74,47.63,DDoS
21,946,292,1203.62,4.69,DDoS
8080,152,199,893.38,75.54,DDoS
25,189,289,845.82,24.86,DDoS
25,984,164,1036.88,77.57,DDoS
80,650,96,1117.36,10.07,DDoS
22,29498,43,565.3,985.35,BENIGN
21,168,120,1160.17,50.99,DDoS
8080,81800,54,628.58,913.36,BENIGN
25,11802,46,254.31,603.23,BENIGN
53,57528,21,677.91,475.67,BENIGN
3306,43525,2,76.73,218.74,BENIGN
80,76320,5,644.73,643.43,BENIGN
25,54291,9,783.61,652.02,BENIGN
25,66960,63,254.5,742.79,BENIGN
21,87331,7,654.38,298.46,BENIGN
443,53501,80,463.73,160.74,BENIGN
80,97299,56,420.87,376.41,BENIGN
22,82523,26,302.97,246.57,BENIGN
80,37330,41,774.16,744.55,BENIGN
53,91294,45,190.09,479.43,BENIGN
8080,60857,26,253.38,802.18,BENIGN
22,33279,3,843.46,247.79,BENIGN
22,7615,24,887.75,434.64,BENIGN
53,157,155,1306.52,74.67,DDoS
8080,196,262,1355.15,12.58,DDoS
8080,46,162,1432.68,31.98,DDoS
53,335,104,1355.08,39.0,DDoS
8080,333,216,1387.36,4.33,DDoS
21,84106,7,275.11,169.27,BENIGN
21,45680,51,302.77,97.12,BENIGN
8080,49793,12,153.17,247.92,BENIGN
80,64742,67,104.82,109.31,BENIGN
8080,926,85,979.44,59.43,DDoS
21,81116,33,841.18,974.62,BENIGN
25,15427,43,635.13,861.16,BENIGN
25,16895,51,411.73,246.0,BENIGN
53,37394,53,251.59,843.1,BENIGN
3306,18580,10,617.36,875.16,BENIGN
3306,32122,41,153.02,876.52,BENIGN
3306,963,98,950.13,23.13,DDoS
3306,513,287,986.8,52.17,DDoS
25,11137,40,203.27,231.46,BENIGN
80,67215,6,680.84,601.0,BENIGN
443,939,152,1312.23,33.41,DDoS
80,751,135,1179.92,38.85,DDoS
443,71509,77,218.13,295.43,BENIGN
3306,87041,15,371.85,258.21,BENIGN
3306,67618,61,648.64,739.18,BENIGN
8080,955,187,1444.77,3.66,DDoS
80,87617,76,368.36,993.4,BENIGN
53,50832,62,191.44,53.59,BENIGN
53,94655,63,174.67,21.74,BENIGN
443,89241,38,424.79,639.63,BENIGN
8080,56046,37,55.26,525.45,BENIGN
80,70922,29,82.76,412.34,BENIGN
8080,14531,33,338.14,298.37,BENIGN
3306,61483,11,263.78,491.19,BENIGN
3306,50665,68,482.99,429.5,BENIGN
8080,65411,13,112.24,318.24,BENIGN
8080,88665,78,724.22,824.61,BENIGN
21,255,272,771.52,3.91,DDoS
25,28460,76,841.52,35.93,BENIGN
8080,542,293,1469.06,34.28,DDoS
22,32486,61,645.02,492.47,BENIGN
22,102,176,1096.1,44.58,DDoS
53,860,186,786.18,22.65,DDoS
53,2653,14,163.48,671.49,BENIGN
8080,979,289,932.06,25.7,DDoS
8080,39769,76,893.6,517.14,BENIGN
80,88268,73,544.09,559.55,BENIGN
25,412,241,1066.6,41.63,DDoS
21,50480,13,376.89,32.93,BENIGN
21,33601,68,228.99,677.83,BENIGN
443,299,137,950.3,49.21,DDoS
22,3327,63,634.81,719.59,BENIGN
3306,322,149,1030.65,31.0,DDoS
25,91857,25,348.93,531.43,BENIGN
53,20041,44,173.47,782.43,BENIGN
80,1547,22,149.56,56.61,BENIGN
21,40,175,1005.79,37.45,DDoS
443,25176,47,107.78,381.58,BENIGN
80,35392,14,833.8,853.82,BENIGN
80,345,97,1030.25,34.51,DDoS
443,24552,28,538.04,498.04,BENIGN
21,64689,79,68.94,565.74,BENIGN
3306,11865,42,160.86,403.09,BENIGN
21,40681,39,173.55,161.85,BENIGN
21,91974,72,168.29,545.96,BENIGN
22,95920,10,250.11,472.26,BENIGN
21,49102,6,234.67,92.2,BENIGN
443,70863,5,638.09,392.65,BENIGN
443,35546,16,559.68,263.57,BENIGN
80,51231,11,61.08,465.12,BENIGN
443,66714,73,756.65,141.66,BENIGN
53,752,160,1377.6,30.27,DDoS
53,40816,63,391.92,561.17,BENIGN
21,9308,6,229.58,96.92,BENIGN
443,529,106,788.69,68.63,DDoS
443,41901,2,855.95,354.97,BENIGN
22,161,160,1208.94,35.59,DDoS
80,41595,40,427.37,512.28,BENIGN
21,7260,50,429.78,309.99,BENIGN
25,70018,28,99.52,213.97,BENIGN
8080,782,179,917.41,37.9,DDoS
53,60994,42,608.8,482.95,BENIGN
80,466,265,914.18,17.8,DDoS
25,35802,34,571.68,589.01,BENIGN
25,1486,78,850.61,261.99,BENIGN
22,403,271,1475.74,49.19,DDoS
3306,987,156,756.65,66.68,DDoS
53,437,274,1347.25,28.05,DDoS
80,46571,63,835.9,408.65,BENIGN
80,84,86,1497.16,48.2,DDoS
21,54346,13,182.54,241.34,BENIGN
21,22,95,924.72,23.25,DDoS
25,79570,39,794.06,391.0,BENIGN
21,67684,33,484.42,477.95,BENIGN
22,54121,14,61.8,72.49,BENIGN
25,1514,10,422.28,950.69,BENIGN
22,86700,62,309.35,909.3,BENIGN
22,5846,57,493.91,128.44,BENIGN
25,14974,74,645.0,434.66,BENIGN
80,285,237,718.9,73.75,DDoS
21,89,287,985.34,67.94,DDoS
21,30812,30,240.63,668.74,BENIGN
3306,92924,44,361.66,178.52,BENIGN
443,63920,4,743.95,732.35,BENIGN
80,8261,40,570.78,801.03,BENIGN
3306,83117,52,882.75,230.15,BENIGN
443,97953,79,450.76,834.84,BENIGN
25,222,225,1395.24,61.07,DDoS
53,36788,65,465.97,728.32,BENIGN
22,98812,72,747.51,848.88,BENIGN
8080,87671,32,758.61,170.37,BENIGN
3306,73536,59,610.85,275.56,BENIGN
22,281,227,860.61,9.95,DDoS
3306,58713,5,410.16,377.99,BENIGN
443,63611,30,749.29,473.26,BENIGN
443,398,114,971.2,31.46,DDoS
22,49626,34,378.1,412.63,BENIGN
25,3041,14,847.26,669.37,BENIGN
8080,48267,63,44.22,876.45,BENIGN
22,33838,17,448.88,843.13,BENIGN
3306,408,271,1166.55,12.07,DDoS
80,44157,4,574.18,190.16,BENIGN
80,7279,11,714.04,800.35,BENIGN
80,86,289,961.36,5.9,DDoS
25,198,223,906.34,20.19,DDoS
443,19260,12,775.66,21.18,BENIGN
53,86871,25,496.54,316.9,BENIGN
80,90181,72,773.32,488.51,BENIGN
22,76,95,910.96,20.99,DDoS
25,972,240,896.01,79.35,DDoS
8080,42551,54,100.38,155.73,BENIGN
53,19311,3,393.17,755.64,BENIGN
3306,38673,16,453.4,81.87,BENIGN
22,4808,20,203.04,276.56,BENIGN
3306,623,141,1038.85,15.14,DDoS
443,55241,60,413.71,34.65,BENIGN
22,801,227,1233.14,57.04,DDoS
53,45995,18,718.02,542.99,BENIGN
3306,60534,14,190.33,890.3,BENIGN
21,620,296,1199.69,25.67,DDoS
53,42028,24,820.02,426.18,BENIGN
21,701,213,922.74,76.91,DDoS
3306,93205,70,414.11,130.71,BENIGN
443,10749,40,713.51,238.11,BENIGN
21,25,234,1266.03,1.96,DDoS
25,12163,43,312.85,360.77,BENIGN
80,84926,50,640.8,183.56,BENIGN
25,80921,7,187.69,369.2,BENIGN
53,17,262,1283.79,76.36,DDoS
25,23059,15,394.71,888.6,BENIGN
3306,96007,3,226.07,206.46,BENIGN
443,71148,1,190.68,333.09,BENIGN
25,62395,30,660.48,970.77,BENIGN
22,79858,46,880.0,855.66,BENIGN
8080,9840,73,867.04,819.8,BENIGN
25,276,254,768.27,5.15,DDoS
3306,60775,2,227.84,537.15,BENIGN
8080,403,247,1070.41,34.49,DDoS
8080,971,222,933.33,68.01,DDoS
80,816,83,1134.43,28.92,DDoS
80,98401,66,641.51,586.48,BENIGN
21,653,223,811.45,37.31,DDoS
53,15500,6,803.66,689.29,BENIGN
22,11908,22,587.54,244.94,BENIGN
8080,39090,70,340.08,200.21,BENIGN
80,9395,79,426.3,42.06,BENIGN
25,260,292,1238.73,34.95,DDoS
25,81356,56,695.35,225.15,BENIGN
443,21579,80,668.98,340.69,BENIGN
80,3401,47,801.1,51.71,BENIGN
21,706,217,1314.87,56.8,DDoS
53,213,256,738.13,16.78,DDoS
25,138,113,892.5,3.06,DDoS
22,1369,25,615.91,689.15,BENIGN
21,26885,59,324.57,220.62,BENIGN
3306,786,226,813.24,76.54,DDoS
443,893,186,1267.57,17.69,DDoS
3306,81244,50,759.09,481.82,BENIGN
80,33601,27,777.99,269.15,BENIGN
21,66,84,1011.63,34.87,DDoS
25,5,87,1248.62,22.99,DDoS
8080,73393,4,125.87,734.29,BENIGN
3306,307,116,1164.09,33.03,DDoS
80,77853,17,294.32,136.63,BENIGN
80,670,236,1471.46,32.64,DDoS
3306,13938,25,145.07,839.73,BENIGN
8080,21944,32,638.83,150.5,BENIGN
80,43516,65,760.21,209.24,BENIGN
25,84356,39,242.11,922.81,BENIGN
21,66135,52,189.95,353.07,BENIGN
22,79094,47,80.18,124.38,BENIGN
8080,795,120,1353.66,25.55,DDoS
53,61687,58,645.55,561.12,BENIGN
80,227,101,1486.54,22.11,DDoS
22,3604,33,821.29,371.57,BENIGN
80,93628,76,444.96,840.03,BENIGN
21,18202,23,563.87,895.02,BENIGN
8080,91719,38,608.25,377.18,BENIGN
80,43727,46,524.64,454.1,BENIGN
443,15021,25,715.32,989.65,BENIGN
22,3401,40,692.39,478.38,BENIGN
25,33782,42,699.67,689.17,BENIGN
3306,1,220,1155.99,71.38,DDoS
25,6108,14,795.25,666.11,BENIGN
53,16241,27,213.22,715.13,BENIGN
3306,8967,1,827.26,211.84,BENIGN
443,18026,65,586.63,890.36,BENIGN
22,1921,64,281.46,904.45,BENIGN
22,96751,74,559.7,646.27,BENIGN
53,62150,14,584.73,930.44,BENIGN
80,29878,28,487.95,496.04,BENIGN
8080,20075,66,354.33,649.85,BENIGN
3306,68178,14,509.64,771.65,BENIGN
25,52894,32,83.99,911.18,BENIGN
80,62638,31,466.94,298.88,BENIGN
21,37266,41,437.8,902.64,BENIGN
21,37320,15,771.0,62.35,BENIGN
53,98493,55,156.48,647.44,BENIGN
21,86746,30,296.04,462.89,BENIGN
443,91357,51,66.65,804.33,BENIGN
8080,594,246,1435.68,16.74,DDoS
8080,83139,73,677.06,472.82,BENIGN
3306,48693,65,775.36,461.43,BENIGN
25,44236,54,612.75,801.42,BENIGN
25,539,159,1496.8,17.45,DDoS
80,65068,27,88.84,454.0,BENIGN
25,62039,50,120.77,922.78,BENIGN
22,42458,4,592.05,22.56,BENIGN
22,51843,75,174.78,206.93,BENIGN
8080,38030,2,243.21,205.31,BENIGN
8080,18025,71,326.41,770.51,BENIGN
22,12403,18,839.54,689.71,BENIGN
22,21790,59,244.59,700.47,BENIGN
443,38321,80,427.42,277.23,BENIGN
22,19304,17,251.27,492.43,BENIGN
3306,812,236,963.79,2.67,DDoS
8080,322,174,975.74,36.12,DDoS
53,5816,6,393.52,480.86,BENIGN
3306,998,159,912.38,74.67,DDoS
21,62617,51,135.6,176.92,BENIGN
22,87857,77,120.19,642.17,BENIGN
80,55850,42,65.51,740.24,BENIGN
53,173,118,1425.08,43.28,DDoS
80,374,178,936.83,33.54,DDoS
22,88975,1,845.66,383.56,BENIGN
8080,77104,43,83.91,970.13,BENIGN
8080,439,81,1099.78,38.98,DDoS
21,29362,30,595.7,498.4,BENIGN
22,76570,77,93.08,684.81,BENIGN
80,69098,23,637.08,828.31,BENIGN
3306,95486,19,855.31,435.61,BENIGN
80,25083,24,168.71,572.95,BENIGN
8080,89674,3,384.35,468.75,BENIGN
3306,85320,60,60.43,726.88,BENIGN
443,23628,5,88.0,592.34,BENIGN
21,627,88,1065.68,47.93,DDoS
443,51120,24,666.18,560.21,BENIGN
22,774,255,1354.32,47.05,DDoS
443,98076,77,175.49,921.47,BENIGN
53,15742,1,771.09,239.84,BENIGN
53,23719,54,76.23,74.54,BENIGN
53,67965,30,601.04,455.58,BENIGN
25,799,93,952.45,49.64,DDoS
25,22825,71,842.84,80.9,BENIGN
53,710,249,1114.84,55.5,DDoS
443,22942,54,879.39,562.34,BENIGN
21,55520,54,354.48,588.0,BENIGN
21,503,184,710.51,45.43,DDoS
80,85768,55,802.06,951.79,BENIGN
21,45910,23,351.14,233.17,BENIGN
21,62508,64,510.81,545.62,BENIGN
80,830,258,1259.26,21.81,DDoS
25,61050,7,894.85,104.68,BENIGN
25,21074,70,303.43,410.91,BENIGN
53,525,283,1491.12,71.49,DDoS
443,93726,49,261.16,448.8,BENIGN
22,887,206,759.63,41.28,DDoS
8080,51750,51,506.76,30.36,BENIGN
3306,388,158,1499.57,77.55,DDoS
8080,84358,9,164.14,590.98,BENIGN
443,902,124,1308.78,79.74,DDoS
8080,244,175,1237.8,21.6,DDoS
80,12107,74,559.38,977.56,BENIGN
21,73897,3,489.18,22.71,BENIGN
25,1153,66,710.32,691.45,BENIGN
443,49105,22,73.89,477.99,BENIGN
80,483,291,928.19,22.8,DDoS
8080,750,193,1177.68,36.24,DDoS
21,423,101,1235.75,26.2,DDoS
80,949,292,1156.52,0.04,DDoS
80,14911,64,517.53,374.88,BENIGN
80,49788,7,167.79,671.82,BENIGN
53,90925,30,644.86,625.42,BENIGN
80,691,124,1196.08,70.86,DDoS
25,36262,59,620.02,660.87,BENIGN
8080,84886,30,786.61,433.82,BENIGN
25,99063,40,258.79,764.88,BENIGN
3306,87914,79,696.65,272.76,BENIGN
80,37868,11,387.84,130.75,BENIGN
22,58777,38,73.84,797.48,BENIGN
8080,13178,25,244.99,938.68,BENIGN
22,59214,55,724.75,407.56,BENIGN
25,50718,69,139.08,682.54,BENIGN
80,70493,41,335.41,771.49,BENIGN
25,40476,77,605.28,803.94,BENIGN
3306,68660,66,107.8,287.41,BENIGN
80,28713,44,472.85,187.5,BENIGN
8080,59223,33,268.36,46.27,BENIGN
3306,28407,24,262.26,769.56,BENIGN
25,97552,76,133.98,903.33,BENIGN
80,933,259,1114.46,64.05,DDoS
21,54786,55,811.48,617.49,BENIGN
8080,79178,29,743.92,94.85,BENIGN
3306,16438,65,612.77,71.27,BENIGN
22,86306,36,636.13,854.39,BENIGN
80,906,119,818.24,68.67,DDoS
8080,631,206,1230.16,10.74,DDoS
8080,39863,70,750.56,826.18,BENIGN
25,72835,14,657.71,158.09,BENIGN
21,482,254,904.31,58.31,DDoS
21,396,81,935.75,46.71,DDoS
443,64147,71,830.21,688.55,BENIGN
53,11564,34,409.61,468.85,BENIGN
80,36576,45,728.52,629.06,BENIGN
3306,59459,55,572.92,513.38,BENIGN
25,78290,70,491.27,941.89,BENIGN
21,44173,66,261.86,462.88,BENIGN
443,242,151,703.42,73.45,DDoS
53,95639,75,892.37,984.05,BENIGN
80,91604,43,867.8,446.26,BENIGN
8080,87964,9,889.57,589.8,BENIGN
22,529,234,721.77,12.26,DDoS
21,807,155,1082.81,19.39,DDoS
8080,54362,16,832.16,88.51,BENIGN
3306,18839,17,643.06,255.19,BENIGN
25,4699,54,328.35,267.28,BENIGN
8080,992,139,781.71,2.81,DDoS
25,84317,39,247.49,71.8,BENIGN
53,86271,63,97.97,425.58,BENIGN
21,40092,59,790.1,365.1,BENIGN
443,819,286,784.11,50.04,DDoS
80,504,219,1377.95,44.61,DDoS
80,52785,54,106.71,703.02,BENIGN
8080,526,182,1001.37,28.29,DDoS
21,11473,67,839.88,181.94,BENIGN
53,45379,18,105.38,187.93,BENIGN
3306,57726,75,75.69,926.82,BENIGN
21,52132,76,833.21,613.61,BENIGN
53,71366,65,805.88,993.66,BENIGN
21,59852,5,322.37,63.57,BENIGN
22,860,252,834.05,49.35,DDoS
25,12949,22,220.26,176.16,BENIGN
3306,968,177,1118.36,78.41,DDoS
25,952,271,1084.42,31.14,DDoS
8080,25399,61,163.86,473.51,BENIGN
80,95683,32,168.61,515.7,BENIGN
25,74536,29,754.8,448.88,BENIGN
80,417,126,1232.67,18.2,DDoS
8080,833,273,1305.4,76.48,DDoS
25,32813,44,806.01,190.01,BENIGN
53,60364,64,594.11,771.76,BENIGN
8080,219,166,1124.59,56.46,DDoS
80,17492,60,229.74,643.31,BENIGN
53,73188,45,741.6,813.9,BENIGN
80,41917,21,718.25,60.92,BENIGN
53,44393,44,330.47,910.08,BENIGN
22,76870,58,807.44,983.4,BENIGN
21,14665,14,397.39,971.64,BENIGN
443,48144,75,402.34,788.66,BENIGN
25,239,215,1012.78,62.94,DDoS
3306,80786,2,295.44,966.04,BENIGN
21,98796,56,469.54,243.7,BENIGN
53,639,297,756.44,55.18,DDoS
8080,361,216,1072.2,55.16,DDoS
3306,913,121,891.32,49.2,DDoS
21,21926,54,276.14,498.43,BENIGN
8080,212,95,768.11,75.52,DDoS
22,590,210,723.15,9.39,DDoS
25,12942,49,163.65,239.37,BENIGN
80,43004,71,706.55,94.18,BENIGN
80,16331,47,744.0,222.57,BENIGN
22,334,183,1066.71,10.34,DDoS
25,22718,66,699.57,89.46,BENIGN
3306,48948,78,411.08,628.58,BENIGN
21,47327,64,332.94,356.39,BENIGN
8080,4331,44,318.82,655.57,BENIGN
3306,18564,73,650.66,101.32,BENIGN
8080,897,294,928.98,5.94,DDoS
8080,965,121,1251.74,10.48,DDoS
8080,19797,8,850.47,896.34,BENIGN
53,10739,51,599.1,114.36,BENIGN
53,95,156,1365.78,29.94,DDoS
21,328,118,748.03,16.36,DDoS
53,63073,50,697.93,884.07,BENIGN
80,68225,71,161.69,952.05,BENIGN
8080,700,299,893.58,57.88,DDoS
53,756,152,1402.44,22.86,DDoS
53,77382,26,898.85,447.78,BENIGN
80,590,144,772.2,63.78,DDoS
80,371,263,1364.36,13.18,DDoS
8080,77414,73,92.57,46.37,BENIGN
25,80663,33,116.14,804.47,BENIGN
53,43587,39,389.71,104.62,BENIGN
443,15922,27,727.93,746.19,BENIGN
22,35339,65,650.65,483.53,BENIGN
3306,709,125,1414.0,34.2,DDoS
53,65693,31,289.7,145.85,BENIGN
53,4397,22,572.55,885.19,BENIGN
443,30332,6,119.35,600.22,BENIGN
80,22333,80,492.05,610.3,BENIGN
443,76811,49,622.59,315.98,BENIGN
22,16337,74,132.62,584.2,BENIGN
53,10188,28,205.29,404.7,BENIGN
22,13333,57,864.83,248.83,BENIGN
3306,65101,7,892.86,974.32,BENIGN
443,64472,11,49.76,662.09,BENIGN
443,82052,15,803.56,797.32,BENIGN
80,43081,4,136.33,727.73,BENIGN
80,33638,35,859.31,278.23,BENIGN
80,65630,10,260.25,528.85,BENIGN
8080,8606,64,430.25,756.11,BENIGN
25,156,137,760.19,30.19,DDoS
443,52691,4,758.31,668.89,BENIGN
443,13166,8,311.29,891.04,BENIGN
80,25636,74,566.36,862.52,BENIGN
3306,409,198,718.17,27.63,DDoS
3306,79275,51,381.6,612.5,BENIGN
53,33482,28,633.42,78.08,BENIGN
8080,69539,2,711.96,588.4,BENIGN
443,36959,7,521.11,213.94,BENIGN
21,221,296,724.5,60.21,DDoS
25,39424,37,798.25,550.88,BENIGN
22,82664,22,249.33,348.35,BENIGN
25,25445,19,491.16,891.56,BENIGN
53,90901,48,513.35,350.91,BENIGN
8080,892,108,869.26,61.54,DDoS
3306,4136,28,830.63,528.99,BENIGN
22,439,206,1134.13,72.71,DDoS
25,26618,51,795.11,844.36,BENIGN
22,545,84,726.03,55.59,DDoS
25,48722,67,307.63,432.67,BENIGN
3306,97738,62,851.61,280.43,BENIGN
25,12578,17,73.19,243.43,BENIGN
8080,23106,74,420.35,411.64,BENIGN
8080,526,157,703.9,8.28,DDoS
21,34169,11,358.09,194.7,BENIGN
21,729,134,1262.44,71.33,DDoS
3306,122,106,945.53,73.39,DDoS
3306,10978,12,484.1,183.06,BENIGN
80,44626,44,332.22,637.98,BENIGN
8080,34843,23,677.71,510.76,BENIGN
21,948,297,1454.47,77.68,DDoS
25,60254,12,890.23,810.82,BENIGN
21,648,255,951.81,79.35,DDoS
8080,89416,53,717.62,48.09,BENIGN
80,872,102,774.17,76.42,DDoS
53,20947,64,706.88,957.33,BENIGN
3306,77945,61,820.1,693.25,BENIGN
25,98484,27,375.9,539.77,BENIGN
80,77143,42,760.45,638.36,BENIGN
22,265,87,1324.71,48.36,DDoS
8080,34,219,790.8,15.12,DDoS
21,99778,3,246.87,819.92,BENIGN
21,25748,61,739.14,53.25,BENIGN
53,64833,74,324.42,667.55,BENIGN
443,40961,24,550.77,368.29,BENIGN
3306,439,227,963.44,11.06,DDoS
25,863,258,1258.53,28.3,DDoS
25,45930,22,470.42,967.88,BENIGN
443,664,194,863.75,24.48,DDoS
21,92372,41,543.17,249.55,BENIGN
3306,94270,28,513.69,826.85,BENIGN
25,95166,12,630.69,689.85,BENIGN
443,456,83,1072.1,77.28,DDoS
21,652,247,970.27,32.4,DDoS
22,42,299,916.47,79.93,DDoS
21,74326,37,117.28,922.58,BENIGN
22,321,262,980.48,11.98,DDoS
22,84873,28,455.72,681.01,BENIGN
8080,54134,63,533.45,563.7,BENIGN
80,19156,54,801.32,390.79,BENIGN
25,13564,11,333.82,569.16,BENIGN
443,69771,60,865.42,681.63,BENIGN
21,10566,1,459.37,585.32,BENIGN
3306,123,99,940.56,32.11,DDoS
443,992,106,1499.49,68.5,DDoS
25,372,284,942.74,58.52,DDoS
25,28903,67,828.83,860.82,BENIGN
53,32611,64,899.99,675.72,BENIGN
25,61095,1,88.6,569.11,BENIGN
53,45647,32,188.42,932.79,BENIGN
80,564,121,1303.96,32.49,DDoS
80,81544,53,612.63,423.7,BENIGN
3306,370,264,1374.87,43.95,DDoS
8080,471,96,1027.89,32.2,DDoS
53,15210,1,753.03,205.13,BENIGN
25,2261,76,764.79,40.75,BENIGN
22,500,213,1321.37,42.22,DDoS
3306,94532,56,686.26,940.44,BENIGN
80,511,284,1372.52,60.2,DDoS
22,280,209,917.06,12.36,DDoS
3306,65449,39,505.11,867.93,BENIGN
53,81699,53,338.95,855.37,BENIGN
21,45605,51,312.33,150.57,BENIGN
8080,89733,36,117.24,606.12,BENIGN
443,458,230,917.16,38.13,DDoS
80,26405,40,327.11,149.73,BENIGN
53,448,125,1017.76,79.34,DDoS
22,129,296,1294.55,53.06,DDoS
8080,23522,48,859.1,238.23,BENIGN
80,473,272,1320.22,20.63,DDoS
3306,30766,43,114.43,524.64,BENIGN
53,279,199,1019.77,38.29,DDoS
8080,726,222,860.08,60.8,DDoS
80,9106,46,762.88,882.15,BENIGN
3306,79706,27,206.95,502.72,BENIGN
21,133,118,1126.23,28.4,DDoS
22,61994,18,809.88,836.24,BENIGN
25,89364,23,200.17,755.9,BENIGN
80,239,287,883.54,37.72,DDoS
80,1905,70,635.92,325.95,BENIGN
21,5460,27,679.03,30.92,BENIGN
22,909,274,857.32,9.9,DDoS
22,70910,36,355.74,641.92,BENIGN
53,48192,63,806.13,633.42,BENIGN
25,225,192,780.82,41.9,DDoS
8080,99663,15,450.67,432.55,BENIGN
80,86530,50,294.38,847.27,BENIGN
21,96408,19,122.44,499.68,BENIGN
22,61760,80,615.1,446.37,BENIGN
22,731,117,1203.39,36.02,DDoS
3306,69471,68,351.89,220.09,BENIGN
53,69966,72,223.51,806.73,BENIGN
25,629,235,1075.0,73.3,DDoS
22,89830,28,109.06,384.85,BENIGN
443,609,210,999.3,46.53,DDoS
8080,48553,11,625.6,732.93,BENIGN
80,406,191,1047.52,72.92,DDoS
3306,84610,5,386.81,468.59,BENIGN
25,55729,61,120.51,311.89,BENIGN
3306,33324,19,521.18,371.21,BENIGN
80,31292,68,328.06,324.21,BENIGN
3306,23137,20,128.72,365.42,BENIGN
22,89736,57,293.66,581.31,BENIGN
22,79193,78,261.17,350.08,BENIGN
80,27353,72,524.08,333.98,BENIGN
3306,48486,56,709.68,659.86,BENIGN
25,60,211,1092.48,2.5,DDoS
443,17,249,817.18,64.53,DDoS
22,50829,49,230.44,748.05,BENIGN
3306,673,283,1068.96,57.59,DDoS
53,96645,27,285.17,514.89,BENIGN
22,613,96,1040.87,31.31,DDoS
443,5375,78,48.92,557.74,BENIGN
80,99014,57,218.77,861.68,BENIGN
21,312,273,1057.82,61.5,DDoS
22,88093,61,482.12,621.76,BENIGN
21,12975,62,892.88,799.06,BENIGN
80,79573,26,466.26,920.09,BENIGN
8080,654,223,785.95,22.85,DDoS
22,94817,35,399.88,962.14,BENIGN
21,65717,28,632.25,969.16,BENIGN
80,98543,42,152.46,944.52,BENIGN
8080,399,191,975.82,78.99,DDoS
25,72083,39,676.53,453.69,BENIGN
22,59334,36,251.14,278.74,BENIGN
3306,521,161,1195.18,40.27,DDoS
8080,8570,20,246.18,521.27,BENIGN
3306,37755,51,729.9,953.26,BENIGN
22,306,278,1399.89,28.67,DDoS
8080,24174,15,200.53,120.08,BENIGN
80,31819,65,428.61,25.01,BENIGN
22,44269,40,400.86,304.92,BENIGN
21,77992,8,222.27,414.31,BENIGN
25,57401,75,145.37,746.84,BENIGN
443,191,125,792.63,27.04,DDoS
22,96292,74,741.89,416.96,BENIGN
8080,73253,53,650.74,716.74,BENIGN
80,6558,39,145.46,530.71,BENIGN
22,382,113,1376.07,33.28,DDoS
3306,1166,13,740.83,525.31,BENIGN
80,4396,22,544.06,789.7,BENIGN
80,14884,4,98.98,858.46,BENIGN
25,13409,70,119.67,387.29,BENIGN
443,613,155,1186.07,61.66,DDoS
3306,641,280,1279.22,2.89,DDoS
443,76443,13,617.78,744.9,BENIGN
3306,70763,57,110.08,444.44,BENIGN
443,64311,1,501.19,649.17,BENIGN
53,79308,27,648.14,756.19,BENIGN
8080,3263,63,829.83,707.95,BENIGN
443,21145,76,229.2,816.52,BENIGN
22,287,227,982.41,76.94,DDoS
21,43,250,741.73,79.36,DDoS
443,959,200,1096.82,41.77,DDoS
53,94893,58,259.2,26.77,BENIGN
443,91505,24,818.4,793.21,BENIGN
80,86153,30,828.49,994.78,BENIGN
8080,10624,55,313.48,680.3,BENIGN
443,568,190,738.45,51.46,DDoS
443,88454,17,782.59,716.25,BENIGN
22,26646,8,196.61,370.03,BENIGN
25,77127,18,91.23,792.27,BENIGN
21,836,249,972.67,34.44,DDoS
443,3642,75,645.35,640.6,BENIGN
3306,72771,7,871.52,372.12,BENIGN
443,9533,19,688.9,845.7,BENIGN
80,69008,16,388.26,288.6,BENIGN
80,260,145,1297.72,64.58,DDoS
443,91674,79,469.62,120.16,BENIGN
22,280,188,1151.14,21.09,DDoS
8080,4910,52,49.94,686.5,BENIGN
8080,66732,5,396.01,149.07,BENIGN
21,45627,51,411.69,566.35,BENIGN
8080,75907,6,458.92,158.83,BENIGN
443,40983,19,612.03,664.77,BENIGN
8080,466,300,1497.45,35.45,DDoS
8080,25973,69,287.38,418.11,BENIGN
443,79717,45,207.92,113.81,BENIGN
21,65929,18,491.02,637.41,BENIGN
21,689,262,1000.26,41.5,DDoS
80,18662,50,151.35,810.51,BENIGN
443,16854,50,372.77,773.35,BENIGN
3306,2032,25,305.26,531.65,BENIGN
3306,898,220,1175.6,50.51,DDoS
3306,64323,6,147.44,382.19,BENIGN
25,764,205,1357.22,23.63,DDoS
8080,842,207,1461.48,16.5,DDoS
53,43243,19,275.22,961.8,BENIGN
8080,98356,50,754.78,20.67,BENIGN
21,79669,50,795.57,463.56,BENIGN
80,348,277,820.16,50.07,DDoS
22,44313,26,700.09,204.65,BENIGN
21,381,185,713.33,49.01,DDoS
22,38769,20,248.29,144.34,BENIGN
443,1868,78,113.27,163.95,BENIGN
21,34835,29,663.96,796.97,BENIGN
443,288,300,724.78,72.27,DDoS
25,68108,29,268.11,908.8,BENIGN
25,64139,76,695.37,168.11,BENIGN
80,20475,13,838.05,438.54,BENIGN
22,13154,28,463.19,941.52,BENIGN
443,66830,14,601.7,960.91,BENIGN
3306,20739,40,179.86,420.23,BENIGN
3306,29448,43,350.99,484.0,BENIGN
8080,17711,54,223.36,708.23,BENIGN
53,26614,64,748.61,166.11,BENIGN
53,17811,42,214.24,134.42,BENIGN
53,73553,4,324.76,985.21,BENIGN
8080,236,221,1288.97,14.94,DDoS
53,1932,34,419.59,483.36,BENIGN
3306,93876,6,497.76,549.53,BENIGN
21,43067,65,424.2,728.5,BENIGN
25,321,133,757.8,67.36,DDoS
3306,569,172,1183.34,8.22,DDoS
53,52921,17,121.94,661.74,BENIGN
21,94306,11,260.96,955.6,BENIGN
443,16,286,1010.15,22.19,DDoS
53,606,281,1393.81,30.56,DDoS
25,41879,35,841.15,229.26,BENIGN
25,13672,16,627.83,375.18,BENIGN
22,909,150,1328.39,74.63,DDoS
3306,863,237,1073.92,7.38,DDoS
22,83992,39,234.61,315.5,BENIGN
8080,97848,70,642.87,817.45,BENIGN
443,97162,68,490.2,110.47,BENIGN
3306,8036,17,139.42,581.23,BENIGN
21,223,196,1049.68,73.46,DDoS
25,38809,75,786.04,953.53,BENIGN
443,165,122,848.97,69.68,DDoS
80,58536,2,289.26,222.6,BENIGN
21,750,268,1402.31,42.03,DDoS
25,41586,59,445.57,861.33,BENIGN
25,19,136,1022.15,32.89,DDoS
8080,53719,2,43.21,967.64,BENIGN
53,22240,71,773.15,137.74,BENIGN
53,16849,75,752.93,228.28,BENIGN
3306,71409,22,453.45,794.33,BENIGN
53,56923,34,649.15,231.18,BENIGN
80,929,156,1277.54,28.81,DDoS
3306,75700,22,609.54,55.95,BENIGN
3306,5254,35,507.05,988.77,BENIGN
22,259,247,1431.32,16.45,DDoS
21,76796,72,118.75,967.25,BENIGN
3306,47069,13,172.46,276.16,BENIGN
3306,768,140,1074.15,54.58,DDoS
80,41229,72,650.88,939.21,BENIGN
21,83040,68,121.57,695.51,BENIGN
8080,48373,71,733.58,715.56,BENIGN
21,22878,10,575.49,509.65,BENIGN
443,28338,53,206.34,695.56,BENIGN
25,24234,63,383.78,439.12,BENIGN
25,48986,73,220.26,792.55,BENIGN
22,41448,12,457.55,998.45,BENIGN
8080,226,278,1351.22,44.43,DDoS
21,24482,56,716.5,857.87,BENIGN
80,696,287,1092.01,32.48,DDoS
80,5346,13,104.5,239.46,BENIGN
21,539,80,946.25,14.67,DDoS
21,512,238,825.03,5.97,DDoS
80,12407,1,783.05,534.08,BENIGN
3306,33779,59,645.47,38.18,BENIGN
443,45908,62,232.79,668.25,BENIGN
25,628,226,1004.71,53.3,DDoS
53,5793,75,621.0,135.81,BENIGN
22,61040,24,411.82,239.25,BENIGN
8080,522,284,1009.56,45.27,DDoS
21,48588,80,886.39,121.49,BENIGN
8080,48436,57,571.53,173.82,BENIGN
25,1932,16,139.44,348.93,BENIGN
443,62150,64,216.82,812.21,BENIGN
3306,1603,76,404.65,353.53,BENIGN
3306,99870,9,70.04,761.06,BENIGN
25,27275,45,470.82,986.58,BENIGN
21,28857,25,893.86,422.51,BENIGN
25,53,123,1006.14,12.03,DDoS
25,87226,55,801.12,769.91,BENIGN
3306,35581,43,485.69,662.71,BENIGN
21,77463,34,876.3,749.69,BENIGN
22,37054,57,820.13,866.26,BENIGN
53,34185,4,706.2,256.51,BENIGN
80,74289,35,624.13,753.08,BENIGN
8080,30752,80,262.48,879.98,BENIGN
8080,287,221,1393.52,2.6,DDoS
80,50099,30,497.6,214.75,BENIGN
3306,77067,25,200.42,615.02,BENIGN
3306,311,269,1119.89,55.73,DDoS
80,487,136,1066.88,4.43,DDoS
21,12450,46,41.12,882.31,BENIGN
21,859,87,951.38,3.67,DDoS
53,54426,47,484.21,871.96,BENIGN
3306,27997,26,806.13,926.03,BENIGN
3306,35927,51,782.84,750.66,BENIGN
53,926,204,857.25,62.7,DDoS
21,15609,43,551.39,786.91,BENIGN
21,10150,7,794.33,40.73,BENIGN
3306,6887,62,731.61,127.97,BENIGN
8080,16071,51,297.17,527.39,BENIGN
25,63360,73,585.11,218.14,BENIGN
22,884,293,717.38,6.98,DDoS
8080,458,300,1224.24,21.57,DDoS
22,45747,3,853.42,913.06,BENIGN
53,54725,5,199.73,478.0,BENIGN
25,44793,56,690.35,79.25,BENIGN
443,965,120,1179.77,19.13,DDoS
443,29628,73,134.42,203.85,BENIGN
8080,79410,76,487.99,311.64,BENIGN
22,33566,64,393.65,510.54,BENIGN
80,502,228,752.91,3.59,DDoS
3306,85040,47,142.43,49.36,BENIGN
80,66006,5,870.43,537.16,BENIGN
21,58850,68,668.45,522.04,BENIGN
80,234,145,1114.04,61.5,DDoS
3306,44065,37,633.49,27.09,BENIGN
21,636,113,1083.37,41.13,DDoS
22,16425,58,516.51,822.78,BENIGN
3306,823,145,896.56,75.86,DDoS
8080,98794,80,472.22,281.64,BENIGN
21,911,90,1140.66,52.72,DDoS
22,4139,26,896.43,972.28,BENIGN
8080,447,81,1375.79,65.99,DDoS
80,128,270,989.28,16.54,DDoS
80,18082,78,854.92,665.23,BENIGN
22,29697,3,865.08,826.07,BENIGN
22,367,297,1471.46,28.21,DDoS
22,4847,57,553.63,601.31,BENIGN
21,8880,24,627.05,224.31,BENIGN
443,150,240,1187.41,17.2,DDoS
8080,1573,3,291.3,216.47,BENIGN
53,92721,5,691.93,699.01,BENIGN
53,8270,39,494.38,141.96,BENIGN
22,8328,45,295.7,302.13,BENIGN
8080,59125,63,556.0,887.28,BENIGN
53,36506,43,588.75,340.87,BENIGN
443,50118,11,500.77,496.3,BENIGN
22,68530,18,415.47,289.0,BENIGN
8080,889,105,1103.55,14.77,DDoS
25,90857,54,705.64,787.77,BENIGN
443,45111,44,548.9,258.8,BENIGN
443,76390,55,666.02,855.34,BENIGN
21,35314,65,430.0,121.25,BENIGN
80,93878,38,480.75,296.09,BENIGN
8080,97612,4,478.96,153.51,BENIGN
3306,729,154,732.86,73.4,DDoS
3306,610,172,977.34,28.18,DDoS
22,49269,43,477.14,96.25,BENIGN
53,680,119,1057.31,62.08,DDoS
25,83258,64,843.04,286.08,BENIGN
53,49488,37,796.27,135.12,BENIGN
25,152,297,930.77,46.94,DDoS
25,79136,61,569.5,36.69,BENIGN
21,896,164,1414.17,47.99,DDoS
21,583,256,1289.77,36.95,DDoS
443,447,189,806.06,54.22,DDoS
3306,87375,63,140.98,343.29,BENIGN
8080,4915,22,707.81,442.31,BENIGN
80,385,157,799.14,12.39,DDoS
53,65332,19,624.4,409.35,BENIGN
443,965,152,1353.63,75.87,DDoS
22,37215,14,466.94,930.31,BENIGN
80,45431,37,865.93,349.66,BENIGN
21,362,171,1197.99,26.9,DDoS
3306,25554,16,404.61,567.08,BENIGN
22,27678,48,723.13,929.24,BENIGN
3306,55363,66,86.41,823.96,BENIGN
80,40521,75,118.83,512.69,BENIGN
80,39496,26,108.33,107.02,BENIGN
25,74289,42,698.72,111.62,BENIGN
25,77424,30,231.84,564.87,BENIGN
22,9987,54,71.0,584.24,BENIGN
8080,85702,4,882.39,52.74,BENIGN
22,79278,11,119.84,382.04,BENIGN
80,166,183,928.03,2.64,DDoS
22,93748,28,848.77,444.76,BENIGN
80,25240,1,612.49,891.68,BENIGN
25,68994,22,851.53,994.4,BENIGN
22,541,156,926.66,75.13,DDoS
3306,60350,56,387.6,752.78,BENIGN
53,757,82,1134.94,23.92,DDoS
53,39528,24,678.86,416.66,BENIGN
21,153,266,1352.94,24.56,DDoS
21,61699,72,206.95,690.54,BENIGN
25,614,290,1047.28,19.17,DDoS
8080,68932,12,627.47,558.67,BENIGN
21,36733,79,527.17,324.88,BENIGN
443,41102,33,370.26,617.66,BENIGN
8080,33679,12,736.92,343.68,BENIGN
21,86667,19,208.55,293.57,BENIGN
3306,77459,2,768.33,939.97,BENIGN
21,78221,50,375.81,674.32,BENIGN
443,16956,69,196.57,156.32,BENIGN
53,32849,18,269.01,568.98,BENIGN
80,232,199,866.23,38.88,DDoS
21,7977,50,620.92,83.04,BENIGN
25,40426,67,868.75,505.86,BENIGN
21,807,164,962.29,30.8,DDoS
8080,89575,58,609.83,658.69,BENIGN
8080,61342,65,371.42,683.46,BENIGN
8080,346,97,1379.78,10.54,DDoS
25,86414,55,264.58,270.34,BENIGN
22,55294,29,182.42,55.69,BENIGN
21,57936,46,205.88,266.28,BENIGN
80,63,154,820.74,78.45,DDoS
25,33775,59,655.21,868.15,BENIGN
22,334,101,1205.26,7.42,DDoS
8080,88906,3,731.84,420.67,BENIGN
22,30333,41,796.05,556.38,BENIGN
443,641,147,1491.11,73.0,DDoS
25,56484,53,650.79,220.72,BENIGN
80,37588,17,218.2,557.01,BENIGN
80,943,270,1340.32,49.25,DDoS
25,45,89,990.9,10.15,DDoS
21,358,197,1420.14,52.35,DDoS
21,77071,53,351.19,606.63,BENIGN
53,63007,3,644.83,364.32,BENIGN
443,15819,38,225.39,905.49,BENIGN
22,6865,40,850.27,26.11,BENIGN
8080,17187,29,74.53,95.27,BENIGN
53,19341,14,385.25,595.92,BENIGN
22,843,197,788.18,79.87,DDoS
53,45,152,896.66,48.77,DDoS
22,12401,23,395.84,423.01,BENIGN
80,24007,29,213.07,104.72,BENIGN
8080,45532,66,59.07,767.58,BENIGN
8080,340,166,819.83,36.55,DDoS
80,691,141,1024.15,71.33,DDoS
53,60597,41,136.95,27.55,BENIGN
3306,73071,63,75.84,587.47,BENIGN
443,10305,23,111.58,532.1,BENIGN
25,91197,77,214.24,196.62,BENIGN
22,589,285,883.71,55.7,DDoS
8080,280,215,925.5,46.62,DDoS
443,55867,43,446.85,74.94,BENIGN
21,25686,19,780.19,712.14,BENIGN
53,278,125,1016.76,21.21,DDoS
8080,83323,43,675.73,582.07,BENIGN
80,312,97,1384.96,52.2,DDoS
21,558,209,726.22,25.29,DDoS
22,195,152,1013.08,29.2,DDoS
3306,208,275,890.49,25.26,DDoS
8080,92737,39,206.42,706.55,BENIGN
21,123,183,1316.86,21.08,DDoS
25,5326,19,122.47,473.17,BENIGN
21,58781,8,135.73,200.26,BENIGN
53,73325,29,781.84,922.02,BENIGN
25,13128,58,592.07,849.91,BENIGN
443,60508,49,560.41,387.48,BENIGN
443,65694,31,872.37,778.75,BENIGN
443,59,255,977.73,29.05,DDoS
443,50600,78,701.41,205.42,BENIGN
443,64979,76,222.22,891.58,BENIGN
25,29,212,1181.73,65.33,DDoS
80,51555,45,645.62,805.4,BENIGN
8080,848,118,1483.29,26.72,DDoS
8080,479,85,1231.16,68.2,DDoS
8080,1879,74,264.43,196.33,BENIGN
8080,436,117,1222.04,57.7,DDoS
53,54827,4,693.67,978.63,BENIGN
3306,97943,9,144.3,447.39,BENIGN
80,97928,16,62.7,614.24,BENIGN
22,58148,1,545.37,86.64,BENIGN
80,835,222,753.79,37.39,DDoS
22,140,207,1252.24,53.34,DDoS
8080,88598,68,437.18,826.82,BENIGN
80,12092,36,617.08,474.86,BENIGN
53,14180,14,524.32,438.27,BENIGN
3306,41096,56,64.23,501.04,BENIGN
8080,985,232,989.61,55.63,DDoS
443,78705,22,168.39,367.02,BENIGN
443,27824,48,385.09,858.37,BENIGN
25,38002,68,712.89,617.62,BENIGN
80,66010,46,131.02,477.64,BENIGN
3306,655,201,851.31,43.31,DDoS
443,65233,64,265.44,460.29,BENIGN
25,60130,78,245.33,866.05,BENIGN
8080,86800,71,303.93,546.31,BENIGN
25,99530,16,192.6,161.7,BENIGN
443,627,131,749.27,30.4,DDoS
443,153,177,1347.88,8.95,DDoS
3306,986,229,1160.16,16.87,DDoS
80,218,240,761.04,61.17,DDoS
22,6191,42,591.6,539.76,BENIGN
25,50009,30,242.46,846.24,BENIGN
53,55,114,1178.58,22.14,DDoS
25,34237,62,473.6,131.46,BENIGN
3306,78449,76,209.39,751.09,BENIGN
22,585,122,1340.51,11.0,DDoS
25,661,197,1108.55,26.85,DDoS
22,75404,36,629.67,814.89,BENIGN
80,42453,42,870.28,698.87,BENIGN
25,74733,11,434.46,219.76,BENIGN
21,28745,39,591.04,222.27,BENIGN
443,71,256,964.34,28.14,DDoS
53,61218,21,83.14,286.24,BENIGN
22,390,231,1261.46,29.85,DDoS
3306,25438,79,260.66,215.48,BENIGN
3306,912,291,1332.79,78.12,DDoS
8080,43534,3,383.77,763.84,BENIGN
21,273,285,784.92,62.87,DDoS
21,150,299,1089.43,59.89,DDoS
22,46718,36,763.68,167.25,BENIGN
80,14999,68,727.74,514.83,BENIGN
3306,81123,80,591.69,229.85,BENIGN
22,379,194,1476.9,25.68,DDoS
443,14204,12,319.46,509.49,BENIGN
21,61038,48,380.23,650.17,BENIGN
3306,38524,21,370.54,315.85,BENIGN
8080,38202,54,890.66,23.18,BENIGN
443,851,139,973.35,20.05,DDoS
53,19885,32,529.87,23.89,BENIGN
443,99402,57,251.66,309.2,BENIGN
3306,935,95,1434.66,64.12,DDoS
21,62903,7,659.84,69.62,BENIGN
22,949,226,1120.39,78.82,DDoS
8080,111,180,851.91,10.68,DDoS
443,758,125,700.36,13.64,DDoS
443,500,166,1019.49,30.64,DDoS
8080,447,144,1231.57,6.87,DDoS
8080,36364,16,204.9,680.63,BENIGN
8080,96789,2,160.81,353.73,BENIGN
443,44088,56,639.11,881.68,BENIGN
25,85776,79,125.06,385.75,BENIGN
53,75163,8,645.35,194.13,BENIGN
53,23306,11,740.42,865.53,BENIGN
443,86250,37,177.63,591.24,BENIGN
443,39036,15,284.45,756.06,BENIGN
8080,711,260,1017.42,46.18,DDoS
443,292,298,834.73,25.72,DDoS
443,849,121,1356.63,2.44,DDoS
80,20942,7,572.58,515.97,BENIGN
21,58126,80,882.54,523.22,BENIGN
3306,48708,80,295.67,92.62,BENIGN
25,25460,77,147.18,668.83,BENIGN
8080,80517,14,825.3,325.93,BENIGN
443,931,160,853.11,11.96,DDoS
80,914,104,778.7,4.93,DDoS
53,29538,14,349.0,832.24,BENIGN
53,31909,38,197.41,265.69,BENIGN
80,96324,17,166.89,732.0,BENIGN
21,52712,23,850.7,487.08,BENIGN
22,800,120,708.02,11.16,DDoS
21,163,141,1129.52,35.28,DDoS
25,486,178,723.71,61.82,DDoS
22,86434,76,686.11,503.62,BENIGN
3306,93842,51,822.56,316.34,BENIGN
25,64805,18,104.53,459.84,BENIGN
21,91197,7,57.6,835.91,BENIGN
8080,10573,3,631.61,818.09,BENIGN
25,19958,37,726.52,808.24,BENIGN
21,188,190,977.08,70.83,DDoS
22,78794,23,457.44,847.12,BENIGN
22,77143,71,314.39,201.57,BENIGN
443,73264,22,723.73,521.06,BENIGN
3306,664,129,1476.2,50.12,DDoS
25,72995,55,483.74,488.54,BENIGN
80,36939,24,599.61,247.6,BENIGN
25,86254,30,108.0,621.91,BENIGN
22,10276,11,663.9,688.06,BENIGN
443,86301,25,314.12,326.21,BENIGN
80,46374,1,740.98,983.74,BENIGN
80,65961,62,362.46,728.75,BENIGN
21,75231,37,606.42,617.23,BENIGN
3306,26928,45,432.22,514.48,BENIGN
3306,17416,10,244.4,935.68,BENIGN
8080,10562,79,711.78,272.06,BENIGN
8080,285,271,837.05,72.02,DDoS
8080,14214,26,742.73,827.98,BENIGN
8080,81259,9,341.88,114.34,BENIGN
8080,15383,13,62.28,422.51,BENIGN
443,89149,30,880.5,810.55,BENIGN
3306,47593,78,48.44,856.43,BENIGN
21,9504,63,244.12,885.24,BENIGN
53,32097,34,155.51,868.85,BENIGN
25,6182,26,799.83,829.54,BENIGN
443,144,212,764.14,5.05,DDoS
22,47308,40,620.28,746.89,BENIGN
8080,19222,16,100.72,178.01,BENIGN
3306,33003,64,806.39,233.11,BENIGN
22,245,106,1418.13,79.7,DDoS
53,32553,7,742.11,737.36,BENIGN
21,89254,4,63.01,817.76,BENIGN
80,32910,54,296.14,952.8,BENIGN
80,6836,17,98.24,170.0,BENIGN
21,25,219,769.8,3.64,DDoS
3306,9215,55,585.59,481.17,BENIGN
22,25080,9,282.13,614.45,BENIGN
80,28475,17,867.87,294.5,BENIGN
25,34529,28,662.84,320.65,BENIGN
80,422,172,753.07,3.6,DDoS
3306,2,96,709.59,23.38,DDoS
22,345,173,967.17,59.62,DDoS
53,7202,61,693.46,998.54,BENIGN
53,89999,30,553.24,370.19,BENIGN
25,18101,11,460.64,799.01,BENIGN
25,733,221,1424.98,65.85,DDoS
25,97410,57,829.33,867.47,BENIGN
25,476,248,761.17,63.19,DDoS
443,70865,74,231.96,467.34,BENIGN
53,6468,36,475.74,240.33,BENIGN
443,602,144,955.27,59.14,DDoS
443,85567,59,752.34,238.88,BENIGN
80,511,228,1225.86,62.31,DDoS
80,33502,14,339.14,494.77,BENIGN
8080,82240,25,820.17,123.92,BENIGN
8080,32250,51,659.45,52.31,BENIGN
21,79767,25,699.8,591.86,BENIGN
8080,33985,4,851.11,243.35,BENIGN
3306,60780,2,160.63,73.45,BENIGN
443,47545,26,434.43,663.6,BENIGN
8080,368,254,1219.1,57.52,DDoS
8080,35993,37,845.79,852.43,BENIGN
3306,60773,60,640.75,513.27,BENIGN
53,85455,18,878.46,803.08,BENIGN
80,98028,5,431.76,157.04,BENIGN
21,3839,80,306.91,764.62,BENIGN
443,802,124,936.04,8.45,DDoS
25,71440,2,807.55,293.9,BENIGN
80,91971,40,514.68,420.68,BENIGN
3306,264,149,819.15,34.67,DDoS
21,66216,8,638.31,571.69,BENIGN
443,16070,3,882.51,512.04,BENIGN
80,31268,32,175.05,473.98,BENIGN
21,676,155,879.3,60.38,DDoS
53,41364,49,607.09,777.22,BENIGN
25,87149,33,556.62,814.66,BENIGN
22,655,278,745.64,63.85,DDoS
443,823,198,1053.85,47.58,DDoS
53,35225,52,763.67,177.63,BENIGN
21,70126,16,130.54,936.2,BENIGN
443,524,189,1314.24,23.07,DDoS
443,834,147,1437.86,55.15,DDoS
443,67860,16,182.8,379.86,BENIGN
25,59,85,896.58,19.36,DDoS
21,26927,20,344.53,393.71,BENIGN
21,4713,43,220.59,155.31,BENIGN
53,211,111,758.43,26.92,DDoS
443,117,231,1368.77,72.08,DDoS
80,50699,2,460.37,262.89,BENIGN
22,7915,5,350.01,146.02,BENIGN
21,272,121,1217.38,33.91,DDoS
22,99076,47,742.02,569.33,BENIGN
8080,56629,16,146.38,421.17,BENIGN
8080,88565,80,530.95,618.89,BENIGN
53,424,282,1261.42,42.72,DDoS
8080,42233,27,417.19,778.5,BENIGN
53,53622,68,149.44,648.33,BENIGN
443,36351,79,539.26,855.06,BENIGN
80,24982,25,154.87,360.39,BENIGN
22,46588,66,88.13,222.13,BENIGN
8080,85520,22,476.87,49.65,BENIGN
25,324,91,1398.29,57.29,DDoS
25,28763,47,262.95,794.13,BENIGN
53,367,126,924.4,56.1,DDoS
25,34175,37,709.6,288.0,BENIGN
22,5446,40,407.34,810.6,BENIGN
80,396,225,1125.66,40.88,DDoS
21,560,191,800.72,59.34,DDoS
8080,28248,64,437.87,243.31,BENIGN
8080,86404,38,601.77,392.24,BENIGN
53,16896,3,801.92,269.08,BENIGN
8080,34198,46,668.78,610.99,BENIGN
3306,62,226,1367.09,49.16,DDoS
22,19525,33,443.11,451.55,BENIGN
53,370,251,1450.46,63.52,DDoS
21,27383,16,629.65,778.37,BENIGN
8080,61,246,1360.19,59.96,DDoS
21,33312,77,477.32,540.54,BENIGN
53,61283,72,532.96,172.19,BENIGN
3306,12902,64,548.72,279.3,BENIGN
21,45056,40,559.87,753.49,BENIGN
8080,60823,65,793.23,189.83,BENIGN
443,65620,37,625.71,865.9,BENIGN
25,96597,14,495.01,150.07,BENIGN
21,924,86,829.12,47.98,DDoS
53,488,179,781.89,32.69,DDoS
80,88335,36,881.5,292.6,BENIGN
8080,88002,47,125.4,180.1,BENIGN
443,17091,3,341.18,938.97,BENIGN
53,70716,78,179.26,487.29,BENIGN
8080,78026,46,185.95,947.38,BENIGN
53,58980,54,461.72,798.7,BENIGN
22,326,258,912.0,72.85,DDoS
25,199,267,1330.03,57.24,DDoS
22,80680,54,701.97,586.9,BENIGN
8080,123,90,709.54,30.35,DDoS
53,9875,33,206.59,635.47,BENIGN
3306,980,225,1233.19,30.61,DDoS
8080,29387,64,98.72,904.55,BENIGN
443,4453,46,196.1,569.11,BENIGN
443,73890,59,230.9,671.96,BENIGN
8080,7781,61,575.52,844.47,BENIGN
22,14821,17,566.58,989.13,BENIGN
21,12224,40,484.79,70.64,BENIGN
53,90700,59,616.06,997.73,BENIGN
80,69876,20,394.3,721.86,BENIGN
80,484,118,838.26,44.86,DDoS
443,21528,16,489.3,848.36,BENIGN
8080,24591,32,552.74,650.32,BENIGN
3306,5954,17,241.74,93.88,BENIGN
25,46977,15,435.81,456.57,BENIGN
22,22934,26,51.83,937.23,BENIGN
80,57878,1,801.95,297.35,BENIGN
8080,13,123,1463.79,58.74,DDoS
22,956,86,737.66,41.06,DDoS
25,86147,45,483.48,785.74,BENIGN
8080,1640,76,331.35,758.0,BENIGN
80,39885,80,752.81,448.98,BENIGN
3306,55041,80,290.49,405.48,BENIGN
3306,45448,14,504.55,142.34,BENIGN
53,6159,40,722.18,920.48,BENIGN
21,87786,42,825.44,688.34,BENIGN
3306,20167,14,458.81,398.34,BENIGN
21,80268,26,778.15,906.17,BENIGN
3306,460,145,1474.92,35.33,DDoS
3306,74877,66,672.77,867.59,BENIGN
8080,70848,41,424.01,628.18,BENIGN
443,8156,51,595.24,938.5,BENIGN
53,57202,38,856.67,513.92,BENIGN
25,71513,79,807.78,232.29,BENIGN
443,21985,36,534.49,881.24,BENIGN
21,365,253,1236.0,41.72,DDoS
21,253,192,1137.27,21.63,DDoS
80,495,240,1171.34,31.12,DDoS
25,383,180,1329.09,14.27,DDoS
53,7576,29,614.68,949.58,BENIGN
22,988,167,1321.05,9.42,DDoS
25,25194,10,172.7,264.18,BENIGN
8080,469,248,1104.76,46.09,DDoS
443,49157,30,162.0,318.84,BENIGN
3306,50893,3,45.94,548.86,BENIGN
80,44731,63,737.63,228.6,BENIGN
80,92459,27,66.51,903.84,BENIGN
22,842,243,1024.53,52.34,DDoS
8080,445,267,1448.97,21.36,DDoS
25,95388,57,742.08,47.06,BENIGN
80,56861,6,61.41,286.91,BENIGN
21,32406,32,789.82,50.76,BENIGN
21,751,231,763.48,69.41,DDoS
21,38186,26,373.27,448.93,BENIGN
3306,32242,65,822.97,469.26,BENIGN
443,929,171,1413.63,56.63,DDoS
80,97869,42,259.27,387.16,BENIGN
3306,16982,68,168.35,765.11,BENIGN
21,9790,36,186.49,515.79,BENIGN
443,33858,14,664.18,612.27,BENIGN
53,55822,27,649.57,692.33,BENIGN
53,140,132,1271.01,46.1,DDoS
53,17078,41,524.34,43.33,BENIGN
443,28737,18,609.16,26.59,BENIGN
21,47020,54,429.91,799.17,BENIGN
21,114,267,1460.49,51.99,DDoS
80,39889,41,399.21,597.31,BENIGN
443,914,105,1021.5,65.5,DDoS
25,86577,52,462.73,791.17,BENIGN
25,99544,52,841.7,820.09,BENIGN
3306,53542,33,453.37,406.17,BENIGN
53,2103,65,617.24,929.76,BENIGN
53,77823,56,307.33,882.85,BENIGN
443,65357,47,93.34,581.76,BENIGN
25,70365,18,550.22,511.25,BENIGN
25,48263,39,676.74,158.91,BENIGN
443,704,259,1143.21,55.39,DDoS
53,78976,69,441.98,685.85,BENIGN
3306,90859,36,69.84,392.31,BENIGN
21,55379,56,213.87,56.67,BENIGN
443,264,143,744.49,7.12,DDoS
22,32695,3,811.28,126.32,BENIGN
21,685,85,1020.39,20.13,DDoS
8080,69559,64,315.01,150.76,BENIGN
53,584,180,783.47,5.99,DDoS
25,959,144,977.15,56.6,DDoS
8080,10549,58,863.58,882.1,BENIGN
25,730,102,1225.38,26.25,DDoS
3306,81953,56,877.1,262.49,BENIGN
8080,94138,69,416.13,265.33,BENIGN
53,43863,50,817.4,698.65,BENIGN
443,97333,56,150.86,863.5,BENIGN
21,84076,61,401.98,950.0,BENIGN
3306,90653,69,284.2,442.98,BENIGN
443,64602,76,433.51,445.42,BENIGN
80,12856,1,152.76,988.29,BENIGN
25,11102,78,692.74,686.08,BENIGN
8080,95410,17,759.55,204.12,BENIGN
25,21820,13,826.99,141.72,BENIGN
8080,84485,10,532.03,641.23,BENIGN
3306,23481,40,741.34,728.66,BENIGN
53,20726,5,120.71,349.85,BENIGN
22,79856,28,887.45,365.75,BENIGN
21,25721,17,369.6,336.57,BENIGN
443,37243,2,242.12,650.34,BENIGN
21,9591,36,808.81,80.06,BENIGN
21,25854,45,82.37,294.42,BENIGN
22,756,143,1453.33,41.24,DDoS
25,4203,18,267.9,23.83,BENIGN
22,12277,4,820.28,31.78,BENIGN
53,31881,43,644.24,256.7,BENIGN
25,63221,29,460.99,367.51,BENIGN
3306,67,192,801.82,28.56,DDoS
8080,43007,40,519.38,124.6,BENIGN
443,24556,50,389.41,123.64,BENIGN
22,77034,28,726.83,585.56,BENIGN
21,24492,60,648.71,835.62,BENIGN
8080,8716,13,218.62,269.59,BENIGN
22,75631,7,415.53,483.1,BENIGN
8080,67092,24,806.81,816.11,BENIGN
22,93386,73,100.09,148.97,BENIGN
80,29973,58,830.3,694.88,BENIGN
25,355,233,893.94,55.75,DDoS
25,88550,12,856.08,806.0,BENIGN
443,432,252,849.58,14.18,DDoS
3306,86648,42,554.31,64.94,BENIGN
21,25849,51,256.02,231.28,BENIGN
21,216,290,828.29,62.25,DDoS
3306,78101,12,257.48,173.18,BENIGN
80,83777,8,438.51,167.24,BENIGN
25,53163,65,245.52,174.07,BENIGN
25,72482,41,615.04,124.3,BENIGN
22,25688,70,685.52,233.69,BENIGN
80,922,95,1232.48,16.94,DDoS
8080,68433,55,595.03,486.33,BENIGN
8080,38183,52,357.92,424.92,BENIGN
21,61623,4,247.54,288.73,BENIGN
22,29864,24,652.09,823.64,BENIGN
3306,70253,37,846.92,775.8,BENIGN
3306,97317,26,326.29,476.23,BENIGN
8080,9910,66,355.15,791.86,BENIGN
25,52889,73,620.17,371.8,BENIGN
8080,77010,53,321.4,423.6,BENIGN
22,723,136,1058.16,25.18,DDoS
3306,755,149,1112.67,50.99,DDoS
53,189,112,960.85,58.59,DDoS
25,78053,48,761.69,214.0,BENIGN
22,64527,51,395.36,287.56,BENIGN
3306,315,134,745.93,49.51,DDoS
443,29924,63,173.52,598.53,BENIGN
80,635,279,860.25,51.07,DDoS
22,621,119,832.96,51.04,DDoS
21,582,180,1418.22,44.56,DDoS
3306,694,245,1234.09,64.8,DDoS
80,944,219,1074.27,74.71,DDoS
21,99503,64,386.47,693.3,BENIGN
25,518,119,948.56,31.94,DDoS
3306,80634,40,631.54,237.54,BENIGN
80,90129,73,585.05,226.15,BENIGN
53,90427,46,818.66,36.07,BENIGN
53,44803,55,182.04,487.19,BENIGN
3306,580,272,1380.22,16.86,DDoS
53,43912,58,671.59,175.66,BENIGN
21,736,291,1405.58,73.74,DDoS
53,63072,8,665.78,285.07,BENIGN
22,260,243,901.12,70.22,DDoS
3306,14809,6,343.96,938.59,BENIGN
3306,90,219,738.56,30.27,DDoS
53,66818,71,372.06,744.05,BENIGN
25,81750,22,273.78,265.57,BENIGN
21,3491,32,624.96,800.39,BENIGN
8080,11929,67,863.09,629.15,BENIGN
443,31087,39,274.84,853.09,BENIGN
22,92147,31,787.19,553.57,BENIGN
443,52778,75,677.43,282.5,BENIGN
443,18723,27,464.81,503.96,BENIGN
22,83790,79,513.89,22.31,BENIGN
53,21964,4,106.03,230.76,BENIGN
8080,24642,4,45.08,170.22,BENIGN
8080,20910,28,102.95,210.95,BENIGN
3306,84513,28,623.84,305.27,BENIGN
53,82,122,1088.03,14.69,DDoS
3306,496,127,727.97,8.99,DDoS
80,33097,13,610.25,467.37,BENIGN
3306,76405,2,46.71,25.59,BENIGN
443,975,198,1000.97,27.42,DDoS
22,23828,38,770.94,539.01,BENIGN
22,803,210,1427.74,38.48,DDoS
443,41975,37,658.15,318.36,BENIGN
443,61974,8,812.2,696.15,BENIGN
53,64259,19,498.41,202.65,BENIGN
21,55,91,1198.6,52.54,DDoS
80,72475,26,283.41,719.13,BENIGN
53,27856,22,137.4,672.74,BENIGN
8080,882,233,1396.35,17.18,DDoS
443,560,139,811.07,58.88,DDoS
25,51381,21,350.41,662.43,BENIGN
53,91,136,789.36,34.93,DDoS
21,22708,68,860.93,750.21,BENIGN
3306,506,253,721.26,59.94,DDoS
25,518,108,790.35,34.64,DDoS
3306,97581,18,859.65,26.92,BENIGN
8080,25746,65,381.4,271.46,BENIGN
25,240,279,712.59,13.69,DDoS
21,11966,62,629.76,932.45,BENIGN
80,38082,2,350.47,213.44,BENIGN
21,10733,8,611.68,46.92,BENIGN
8080,1344,68,263.13,333.51,BENIGN
3306,65145,58,93.56,786.04,BENIGN
3306,60255,79,463.24,739.16,BENIGN
22,4105,58,377.72,666.68,BENIGN
8080,67838,30,316.86,723.53,BENIGN
25,925,121,1053.49,36.36,DDoS
25,32768,18,511.71,573.41,BENIGN
22,134,82,988.81,7.2,DDoS
22,262,87,1041.74,15.64,DDoS
80,10567,80,553.02,376.6,BENIGN
80,411,160,751.37,53.95,DDoS
21,63209,10,658.35,471.67,BENIGN
21,71879,46,847.68,860.65,BENIGN
3306,26590,12,180.63,956.22,BENIGN
80,59698,78,61.71,642.03,BENIGN
443,33303,70,885.09,530.79,BENIGN
443,14080,36,746.01,348.56,BENIGN
3306,61912,57,397.84,89.8,BENIGN
53,36123,73,383.23,48.41,BENIGN
53,13393,58,403.06,344.48,BENIGN
25,62171,6,150.89,169.52,BENIGN
80,258,260,1488.14,76.58,DDoS
53,58727,59,605.12,336.14,BENIGN
53,61,238,1433.92,50.89,DDoS
53,70745,35,490.76,564.52,BENIGN
8080,93897,65,469.01,978.9,BENIGN
22,29175,44,642.51,893.91,BENIGN
53,92754,33,65.81,819.27,BENIGN
3306,682,188,856.36,48.51,DDoS
3306,38510,69,285.96,152.61,BENIGN
22,42824,51,724.62,359.87,BENIGN
443,73492,71,398.02,464.89,BENIGN
53,485,143,966.79,78.45,DDoS
22,878,159,1415.96,75.13,DDoS
80,14678,53,404.75,260.93,BENIGN
443,35315,18,119.0,410.39,BENIGN
8080,182,186,869.42,13.71,DDoS
3306,24848,28,207.66,470.18,BENIGN
21,373,172,1339.37,9.38,DDoS
21,27658,35,789.29,935.34,BENIGN
443,479,166,912.11,46.07,DDoS
8080,490,244,931.06,61.22,DDoS
21,184,299,1200.37,24.02,DDoS
443,921,173,759.68,49.92,DDoS
3306,280,272,1092.9,48.84,DDoS
3306,38784,23,544.51,880.87,BENIGN
53,34185,57,666.46,336.74,BENIGN
25,50107,73,738.3,372.93,BENIGN
80,61911,41,736.19,275.87,BENIGN
443,70341,29,776.7,490.5,BENIGN
22,7385,44,863.76,816.51,BENIGN
21,43504,26,897.97,45.2,BENIGN
53,33898,52,882.54,906.01,BENIGN
25,548,243,1244.44,78.28,DDoS
21,27946,7,889.5,642.98,BENIGN
3306,2736,55,401.82,748.58,BENIGN
80,50495,77,578.92,257.5,BENIGN
21,80578,14,797.62,164.09,BENIGN
443,69009,63,554.04,706.05,BENIGN
8080,10,188,762.02,61.82,DDoS
8080,77193,2,128.04,902.38,BENIGN
53,96308,25,110.0,63.22,BENIGN
80,25542,62,181.95,929.79,BENIGN
3306,68035,30,589.43,130.56,BENIGN
3306,910,100,911.42,56.16,DDoS
53,49749,5,771.4,626.11,BENIGN
25,67224,34,180.98,932.81,BENIGN
21,12111,36,760.81,153.69,BENIGN
25,30207,63,185.84,711.45,BENIGN
3306,9877,46,537.78,186.26,BENIGN
8080,97975,77,649.47,607.63,BENIGN
8080,87467,61,639.88,229.07,BENIGN
25,93055,78,473.3,601.17,BENIGN
8080,511,202,1159.83,52.81,DDoS
22,52111,57,413.71,479.67,BENIGN
443,6290,48,544.5,613.14,BENIGN
443,42478,1,703.82,820.96,BENIGN
80,999,140,972.8,64.68,DDoS
53,70565,46,700.05,640.02,BENIGN
3306,56775,2,774.95,430.76,BENIGN
25,52484,3,819.81,340.12,BENIGN
53,90,94,770.88,23.28,DDoS
53,50766,40,761.08,300.0,BENIGN
80,898,280,804.52,22.19,DDoS
80,66760,45,885.09,614.41,BENIGN
3306,383,141,969.09,64.09,DDoS
25,60396,76,324.53,826.5,BENIGN
3306,90365,47,705.16,336.29,BENIGN
25,34031,72,738.68,802.92,BENIGN
53,44287,10,186.6,944.3,BENIGN
21,55959,59,722.07,848.79,BENIGN
25,825,163,1318.29,68.17,DDoS
53,82417,36,523.84,765.57,BENIGN
8080,22247,27,716.42,409.46,BENIGN
80,146,95,1355.95,53.18,DDoS
80,58364,1,90.61,276.98,BENIGN
443,964,112,926.29,33.19,DDoS
25,42964,29,759.95,552.49,BENIGN
22,692,235,1396.6,30.01,DDoS
53,630,152,1033.78,24.98,DDoS
53,3852,35,91.21,367.08,BENIGN
22,210,147,1408.12,6.1,DDoS
25,69888,64,202.42,161.04,BENIGN
3306,924,169,1497.28,71.45,DDoS
22,709,209,732.85,8.19,DDoS
443,64040,11,731.83,809.29,BENIGN
22,208,292,1290.39,54.19,DDoS
8080,299,152,769.47,52.01,DDoS
3306,56,250,844.59,1.27,DDoS
22,12424,29,445.25,562.26,BENIGN
53,701,97,725.13,19.22,DDoS
3306,66361,59,713.49,465.82,BENIGN
8080,60787,49,307.59,361.62,BENIGN
80,28266,33,813.58,514.18,BENIGN
21,27482,46,703.51,727.48,BENIGN
80,144,177,1199.41,45.94,DDoS
22,7463,69,571.71,756.09,BENIGN
22,194,247,1456.96,6.58,DDoS
443,41806,67,310.81,751.78,BENIGN
80,147,176,900.32,34.57,DDoS
3306,2861,50,418.41,722.96,BENIGN
443,98825,39,302.91,516.9,BENIGN
443,56058,37,523.74,259.79,BENIGN
53,60397,75,430.11,73.44,BENIGN
80,58249,73,321.38,488.43,BENIGN
53,683,88,826.15,59.24,DDoS
8080,67485,80,217.37,472.86,BENIGN
8080,560,126,1129.61,42.46,DDoS
443,78560,76,860.2,314.15,BENIGN
443,51343,43,577.45,85.88,BENIGN
21,42099,51,604.86,307.34,BENIGN
21,786,162,815.5,65.97,DDoS
21,75,174,835.9,69.84,DDoS
3306,65948,69,354.31,270.53,BENIGN
443,66812,76,444.14,498.31,BENIGN
80,17375,39,363.15,940.11,BENIGN
22,56511,63,163.2,648.85,BENIGN
80,98373,17,820.52,703.73,BENIGN
21,683,99,1069.14,72.02,DDoS
25,248,149,1260.84,33.87,DDoS
443,55212,13,230.54,312.11,BENIGN
53,90814,12,371.39,282.83,BENIGN
53,64936,45,288.18,195.6,BENIGN
22,17449,72,688.82,500.09,BENIGN
8080,12837,46,624.85,434.45,BENIGN
443,46550,46,678.74,127.62,BENIGN
3306,89780,54,109.62,432.94,BENIGN
21,6655,73,245.98,935.54,BENIGN
21,418,243,711.32,45.49,DDoS
443,92174,53,140.25,908.38,BENIGN
8080,426,128,849.89,20.86,DDoS
443,67946,20,360.95,614.85,BENIGN
53,84,117,1212.99,34.37,DDoS
21,74143,50,538.57,562.38,BENIGN
3306,97931,26,113.34,436.36,BENIGN
8080,166,206,1201.58,20.79,DDoS
53,185,275,978.04,45.07,DDoS
21,137,140,703.46,9.64,DDoS
3306,77861,2,135.11,402.64,BENIGN
443,75798,65,781.54,258.84,BENIGN
80,69703,47,613.93,241.7,BENIGN
3306,20648,23,205.68,424.96,BENIGN
25,28011,46,461.69,386.24,BENIGN
21,22784,78,487.92,804.38,BENIGN
21,901,82,1370.48,56.79,DDoS
53,481,132,714.77,60.19,DDoS
53,93988,57,301.96,700.87,BENIGN
8080,17688,30,716.86,842.27,BENIGN
53,14,142,1367.84,43.2,DDoS
3306,89158,75,323.38,672.87,BENIGN
53,87680,9,523.48,215.87,BENIGN
443,94083,14,120.74,931.52,BENIGN
443,62162,63,723.85,49.42,BENIGN
3306,56561,50,378.19,404.44,BENIGN
21,63935,23,476.12,657.04,BENIGN
8080,596,211,923.9,0.81,DDoS
25,626,92,1273.7,53.43,DDoS
80,30480,63,350.66,358.14,BENIGN
443,87527,26,173.56,265.91,BENIGN
25,91264,43,396.51,833.86,BENIGN
8080,7217,32,86.88,414.75,BENIGN
80,60779,9,148.19,860.96,BENIGN
53,38229,80,291.21,550.97,BENIGN
8080,164,284,1278.58,76.5,DDoS
53,932,81,1425.55,5.91,DDoS
25,453,207,1030.92,45.95,DDoS
443,419,299,981.64,33.11,DDoS
53,18547,50,133.33,576.15,BENIGN
21,93855,73,613.11,43.22,BENIGN
53,74757,40,523.23,278.27,BENIGN
22,88936,33,676.7,333.44,BENIGN
3306,52784,10,660.77,252.96,BENIGN
3306,45991,44,54.15,742.06,BENIGN
80,93672,75,771.7,703.49,BENIGN
3306,98624,57,483.39,158.81,BENIGN
8080,983,273,1172.92,15.06,DDoS
443,76913,37,114.79,644.38,BENIGN
3306,109,223,1320.0,53.71,DDoS
25,71111,6,895.91,449.57,BENIGN
53,30,299,1422.55,74.11,DDoS
443,9741,21,49.81,914.7,BENIGN
3306,63486,55,881.51,454.02,BENIGN
22,85786,57,232.25,778.86,BENIGN
3306,48395,54,455.39,470.8,BENIGN
80,356,183,1227.48,26.08,DDoS
22,78195,53,460.64,53.29,BENIGN
25,207,233,895.19,31.4,DDoS
80,78377,44,272.67,437.19,BENIGN
25,98814,31,658.07,69.08,BENIGN
3306,70966,16,89.99,177.61,BENIGN
443,140,230,1340.64,33.79,DDoS
53,42449,35,886.62,781.81,BENIGN
80,74865,42,483.49,319.74,BENIGN
21,51607,16,755.51,616.23,BENIGN
80,6358,4,100.49,588.31,BENIGN
80,462,133,1115.24,75.05,DDoS
25,940,274,1267.28,50.46,DDoS
21,32983,52,687.78,247.34,BENIGN
80,73675,78,277.61,226.45,BENIGN
8080,76397,49,468.12,533.2,BENIGN
22,983,83,980.12,10.07,DDoS
21,86818,23,348.28,86.41,BENIGN
80,202,273,982.7,24.02,DDoS
21,22764,74,283.11,829.18,BENIGN
25,82454,80,674.96,597.83,BENIGN
22,19287,32,519.73,715.52,BENIGN
25,52011,56,71.2,640.1,BENIGN
8080,10310,26,711.75,834.82,BENIGN
22,578,236,1354.48,37.63,DDoS
25,294,154,1235.3,52.2,DDoS
443,523,130,1025.97,12.89,DDoS
22,84052,80,790.43,822.57,BENIGN
53,51440,49,248.43,183.51,BENIGN
443,357,159,1147.39,44.07,DDoS
22,845,106,762.14,37.59,DDoS
8080,58372,58,389.15,463.27,BENIGN
53,722,280,1399.08,53.19,DDoS
53,5373,30,90.8,172.96,BENIGN
25,42889,57,272.04,370.37,BENIGN
53,32224,2,219.92,32.7,BENIGN
25,15518,77,789.85,186.35,BENIGN
25,87820,23,365.08,354.77,BENIGN
443,25817,52,282.35,844.7,BENIGN
21,92490,47,121.48,750.2,BENIGN
25,47713,23,345.68,724.79,BENIGN
21,89856,67,497.39,983.44,BENIGN
3306,86812,78,533.16,67.56,BENIGN
8080,972,106,1309.52,8.24,DDoS
3306,488,143,1329.88,43.48,DDoS
8080,61286,55,286.69,432.05,BENIGN
8080,8901,53,685.78,849.49,BENIGN
22,67060,27,893.54,862.29,BENIGN
3306,332,259,748.43,60.75,DDoS
3306,7766,32,832.7,313.21,BENIGN
8080,50390,26,631.81,857.03,BENIGN
53,33009,39,576.35,888.02,BENIGN
8080,463,93,971.2,25.34,DDoS
8080,95695,61,773.78,939.8,BENIGN
3306,26215,69,507.77,827.41,BENIGN
53,985,148,1496.3,59.12,DDoS
25,12622,49,134.69,534.83,BENIGN
53,94750,66,821.98,390.28,BENIGN
21,64098,54,662.07,196.27,BENIGN
22,83915,61,61.14,690.84,BENIGN
21,62549,72,691.38,757.06,BENIGN
3306,70023,13,530.89,870.46,BENIGN
53,24442,74,858.22,108.47,BENIGN
53,92972,29,159.97,758.59,BENIGN
3306,190,169,892.52,46.38,DDoS
443,66771,47,276.13,380.7,BENIGN
53,326,217,1418.03,71.03,DDoS
443,35246,1,84.0,247.6,BENIGN
80,27610,21,474.37,442.47,BENIGN
21,892,236,707.26,78.71,DDoS
3306,48223,57,126.23,831.75,BENIGN
3306,86753,18,119.45,164.8,BENIGN
8080,8822,68,399.33,853.43,BENIGN
8080,51585,38,865.96,226.12,BENIGN
80,90813,68,748.64,944.29,BENIGN
80,591,123,1380.83,43.55,DDoS
21,405,199,1446.33,53.15,DDoS
443,52986,26,249.91,854.89,BENIGN
80,106,200,826.16,31.53,DDoS
80,31882,27,642.86,417.12,BENIGN
21,88489,64,281.91,99.12,BENIGN
22,261,298,1221.6,17.81,DDoS
80,30981,13,92.51,951.73,BENIGN
3306,241,276,1000.28,14.31,DDoS
53,69702,36,352.04,331.79,BENIGN
80,547,242,965.03,49.23,DDoS
3306,20957,21,809.76,364.96,BENIGN
443,84080,1,479.85,536.51,BENIGN
3306,749,278,1031.66,3.5,DDoS
80,24941,50,806.27,310.27,BENIGN
443,58959,34,566.74,348.79,BENIGN
443,95248,49,806.44,151.42,BENIGN
443,4133,54,374.42,501.77,BENIGN
8080,62687,29,769.6,164.55,BENIGN
8080,58,125,1428.94,21.9,DDoS
22,46422,35,678.58,850.19,BENIGN
443,820,97,1213.79,1.22,DDoS
53,81811,67,362.38,185.55,BENIGN
80,46358,4,762.86,445.05,BENIGN
8080,240,136,1225.65,62.1,DDoS
443,34387,59,534.42,330.45,BENIGN
443,175,224,1435.29,69.31,DDoS
21,99794,75,192.88,25.67,BENIGN
443,47732,24,80.9,594.78,BENIGN
8080,19178,15,766.48,875.48,BENIGN
443,21699,54,562.26,182.92,BENIGN
8080,8477,62,673.54,987.11,BENIGN
443,238,233,936.28,4.33,DDoS
53,48890,6,678.01,185.02,BENIGN
3306,834,118,1330.66,19.18,DDoS
21,303,92,1306.95,74.53,DDoS
22,64154,51,345.11,226.28,BENIGN
21,21232,72,691.46,742.63,BENIGN
22,27,213,1028.71,20.37,DDoS
3306,672,142,1363.59,47.26,DDoS
8080,832,85,966.16,4.58,DDoS
25,87611,14,327.74,47.18,BENIGN
53,28709,60,459.87,122.68,BENIGN
25,34178,37,261.15,580.94,BENIGN
443,709,98,1077.33,38.75,DDoS
80,31,131,1268.02,28.52,DDoS
21,70462,51,323.42,934.76,BENIGN
25,39505,36,555.03,416.76,BENIGN
25,18707,29,378.63,735.02,BENIGN
25,35513,14,167.26,567.16,BENIGN
22,58194,67,551.02,511.05,BENIGN
53,810,216,1242.7,46.85,DDoS
21,222,228,897.65,29.2,DDoS
53,52894,78,705.77,342.04,BENIGN
8080,18353,56,400.11,303.88,BENIGN
80,29446,13,407.52,412.38,BENIGN
25,42300,20,265.0,654.57,BENIGN
8080,250,204,1008.38,21.41,DDoS
22,81383,29,49.82,957.19,BENIGN
8080,32500,77,355.36,745.69,BENIGN
3306,6474,67,601.98,982.05,BENIGN
25,901,140,932.22,69.21,DDoS
21,635,287,1181.93,66.86,DDoS
8080,36695,63,213.47,872.04,BENIGN
25,5841,36,694.33,953.71,BENIGN
3306,470,216,754.28,24.8,DDoS
3306,45091,74,452.18,461.71,BENIGN
443,5105,26,705.05,265.8,BENIGN
22,53620,70,817.39,734.72,BENIGN
80,532,270,716.14,64.83,DDoS
25,42126,55,577.41,292.36,BENIGN
25,877,262,1429.53,64.41,DDoS
25,87737,59,729.61,683.88,BENIGN
443,51751,41,475.42,197.42,BENIGN
21,10193,16,67.56,547.27,BENIGN
3306,59884,15,849.16,397.33,BENIGN
53,72986,9,515.78,160.7,BENIGN
443,22790,63,692.0,631.32,BENIGN
8080,86003,22,262.1,956.18,BENIGN
3306,4385,68,291.29,724.66,BENIGN
8080,49222,25,440.07,242.37,BENIGN
21,29115,59,813.31,219.14,BENIGN
8080,75119,52,875.01,41.36,BENIGN
3306,99484,80,757.76,270.16,BENIGN
443,36518,40,41.95,77.93,BENIGN
80,59269,48,392.86,166.02,BENIGN
443,7673,55,308.62,779.99,BENIGN
25,21828,75,393.57,745.77,BENIGN
8080,768,282,944.4,36.28,DDoS
21,265,230,1268.95,46.06,DDoS
53,50130,15,725.39,649.23,BENIGN
22,54876,53,582.72,879.5,BENIGN
25,97044,47,477.51,839.1,BENIGN
22,88402,62,822.42,912.05,BENIGN
8080,25577,76,680.58,160.02,BENIGN
80,57382,64,435.25,567.08,BENIGN
3306,3,276,1208.14,38.04,DDoS
80,34709,8,868.19,174.65,BENIGN
80,7126,38,143.99,902.37,BENIGN
3306,65776,60,342.83,490.69,BENIGN
25,15483,20,797.96,584.14,BENIGN
25,14446,57,409.78,746.46,BENIGN
3306,39748,23,899.64,469.35,BENIGN
80,91119,38,221.17,556.8,BENIGN
3306,473,181,808.39,69.17,DDoS
25,5541,19,674.89,325.77,BENIGN
3306,84931,30,534.12,332.2,BENIGN
3306,36744,62,148.46,430.17,BENIGN
3306,62262,66,175.51,660.3,BENIGN
3306,82311,3,376.07,909.89,BENIGN
8080,5301,24,377.87,83.37,BENIGN
25,232,103,1392.11,12.38,DDoS
80,94351,56,370.14,446.72,BENIGN
21,86981,1,318.92,741.17,BENIGN
53,643,246,791.14,68.99,DDoS
21,30000,43,232.35,183.33,BENIGN
3306,10604,60,513.13,31.79,BENIGN
443,32425,67,67.54,346.27,BENIGN
443,229,176,1320.61,35.49,DDoS
3306,39877,46,325.73,384.84,BENIGN
8080,16616,4,418.8,993.05,BENIGN
8080,66237,2,353.19,957.8,BENIGN
8080,5734,72,382.69,502.86,BENIGN
21,13138,17,704.3,356.8,BENIGN
3306,86957,23,842.19,331.6,BENIGN
53,53319,32,309.73,44.46,BENIGN
53,44873,45,94.1,105.64,BENIGN
25,92067,47,104.98,593.33,BENIGN
21,78065,43,227.38,838.41,BENIGN
22,274,275,1394.64,64.58,DDoS
80,88692,9,576.99,502.66,BENIGN
443,26868,35,398.51,107.4,BENIGN
3306,79,161,818.96,55.99,DDoS
8080,33540,20,738.67,144.96,BENIGN
21,59936,6,677.66,519.86,BENIGN
80,15052,35,494.1,125.98,BENIGN
25,10476,79,520.2,287.02,BENIGN
21,33277,58,700.53,949.43,BENIGN
443,18794,52,483.18,497.78,BENIGN
22,2086,2,488.23,37.75,BENIGN
80,44214,66,75.95,138.32,BENIGN
22,290,262,1371.48,27.19,DDoS
443,712,264,1414.55,27.13,DDoS
22,45731,67,659.77,664.15,BENIGN
80,84199,24,866.83,782.34,BENIGN
443,54861,54,528.82,429.66,BENIGN
443,22071,38,818.92,963.54,BENIGN
21,19898,65,138.69,711.54,BENIGN
8080,75184,68,783.0,408.61,BENIGN
25,838,287,913.98,40.74,DDoS
21,77649,42,554.98,850.29,BENIGN
53,1063,32,232.72,729.51,BENIGN
3306,379,186,1474.89,28.32,DDoS
443,55993,51,344.8,853.61,BENIGN
443,28666,3,285.45,583.21,BENIGN
80,40741,31,837.32,578.41,BENIGN
21,86097,13,382.22,364.68,BENIGN
53,95910,73,794.66,206.23,BENIGN
53,30636,3,445.72,164.79,BENIGN
25,395,145,775.22,14.91,DDoS
22,686,225,991.26,67.18,DDoS
25,33937,42,507.92,136.2,BENIGN
8080,67060,26,535.88,326.05,BENIGN
22,49364,35,584.8,927.0,BENIGN
25,68496,68,343.47,554.81,BENIGN
53,2989,56,566.24,385.43,BENIGN
53,49556,77,396.72,159.23,BENIGN
53,19200,31,396.31,251.24,BENIGN
25,45624,30,818.97,140.31,BENIGN
8080,989,166,1207.82,37.62,DDoS
80,22102,18,808.85,37.39,BENIGN
25,11573,4,401.63,572.75,BENIGN
80,18500,50,608.06,579.96,BENIGN
22,796,173,1233.56,22.21,DDoS
21,92293,32,574.31,50.04,BENIGN
22,754,259,798.96,42.29,DDoS
3306,62428,74,587.95,890.67,BENIGN
25,98607,33,444.8,652.98,BENIGN
80,730,104,763.58,69.8,DDoS
22,522,144,897.52,37.46,DDoS
3306,3338,11,592.47,458.03,BENIGN
8080,85456,29,202.01,934.53,BENIGN
53,18465,42,222.1,241.46,BENIGN
53,35560,17,349.67,768.89,BENIGN
53,60767,59,256.94,456.98,BENIGN
53,14978,67,491.96,357.39,BENIGN
21,539,159,1045.58,2.79,DDoS
22,70631,30,540.89,408.31,BENIGN
25,72043,65,790.94,192.82,BENIGN
21,61571,43,814.19,633.34,BENIGN
22,49300,65,720.77,324.85,BENIGN
80,51242,74,643.34,727.82,BENIGN
53,539,167,893.08,51.62,DDoS
8080,318,184,764.97,33.57,DDoS
25,78601,38,393.9,987.42,BENIGN
443,69133,73,484.43,445.83,BENIGN
443,30468,74,319.99,724.27,BENIGN
8080,77778,18,645.67,83.35,BENIGN
8080,99084,57,188.71,953.8,BENIGN
80,12453,80,281.47,229.49,BENIGN
3306,19040,52,620.23,515.08,BENIGN
3306,47278,38,698.58,571.47,BENIGN
25,89993,60,530.37,713.84,BENIGN
53,18713,3,77.83,723.74,BENIGN
80,100,270,904.42,40.37,DDoS
3306,79138,8,379.8,333.34,BENIGN
8080,77830,44,132.6,869.7,BENIGN
80,75063,51,422.96,639.82,BENIGN
80,88005,66,46.81,718.91,BENIGN
8080,68481,62,814.18,287.44,BENIGN
25,89262,38,793.85,726.28,BENIGN
3306,56514,45,645.24,145.94,BENIGN
22,874,91,1459.88,27.63,DDoS
25,21353,43,94.99,659.48,BENIGN
21,27957,31,321.69,945.66,BENIGN
25,90108,62,468.03,228.42,BENIGN
53,51856,43,497.55,492.46,BENIGN
443,10,156,1267.09,47.22,DDoS
21,1132,61,824.72,93.51,BENIGN
53,67847,4,861.79,424.68,BENIGN
80,64094,34,896.95,405.18,BENIGN
3306,80199,64,755.97,287.49,BENIGN
443,471,110,1300.56,13.62,DDoS
8080,52124,55,470.39,813.47,BENIGN
80,29576,20,339.51,213.28,BENIGN
8080,94733,19,799.88,339.41,BENIGN
3306,65175,27,315.35,30.31,BENIGN
443,98795,8,608.62,192.34,BENIGN
21,61457,50,270.51,731.5,BENIGN
443,25040,49,115.82,617.21,BENIGN
22,87017,52,616.35,251.8,BENIGN
3306,24075,57,327.02,704.08,BENIGN
80,598,161,750.91,48.41,DDoS
3306,29535,3,93.03,405.99,BENIGN
443,8053,46,623.79,401.06,BENIGN
25,892,269,1472.04,64.79,DDoS
80,40381,65,132.96,220.39,BENIGN
22,91154,61,683.82,993.73,BENIGN
3306,48826,21,455.15,636.04,BENIGN
8080,595,271,1135.3,35.25,DDoS
80,44861,47,296.45,600.87,BENIGN
80,63154,12,887.69,699.53,BENIGN
3306,80820,77,840.19,339.14,BENIGN
53,63686,2,82.68,144.75,BENIGN
443,218,112,1012.88,45.75,DDoS
21,56141,3,174.68,264.72,BENIGN
21,10927,47,469.76,101.92,BENIGN
443,539,148,838.23,50.03,DDoS
8080,55221,11,446.71,673.1,BENIGN
8080,74134,77,174.6,235.71,BENIGN
53,91544,70,317.92,500.44,BENIGN
3306,200,81,1327.07,12.11,DDoS
53,623,137,1337.9,28.55,DDoS
25,540,236,1098.28,29.97,DDoS
8080,79463,53,298.28,944.36,BENIGN
21,97668,64,268.83,291.44,BENIGN
80,60618,20,811.3,260.48,BENIGN
443,73171,46,664.34,68.29,BENIGN
25,42430,52,676.43,822.45,BENIGN
80,98933,44,506.93,657.5,BENIGN
80,15270,1,523.33,648.92,BENIGN
3306,64764,77,462.97,966.88,BENIGN
3306,82,230,869.72,42.51,DDoS
3306,50404,25,753.87,790.09,BENIGN
8080,249,136,887.18,65.38,DDoS
3306,30998,26,859.3,585.61,BENIGN
53,91753,56,831.09,186.86,BENIGN
443,354,80,845.05,38.79,DDoS
25,251,153,1489.55,4.02,DDoS
443,79680,38,47.46,910.12,BENIGN
25,134,272,1033.37,49.95,DDoS
3306,22475,77,105.39,368.29,BENIGN
25,31964,53,364.78,580.7,BENIGN
8080,77100,15,561.59,111.27,BENIGN
25,95463,30,374.43,377.54,BENIGN
8080,69678,58,733.37,515.85,BENIGN
8080,86797,47,429.31,259.85,BENIGN
21,35399,34,863.96,728.32,BENIGN
443,58034,32,766.06,333.73,BENIGN
21,63583,62,455.7,252.26,BENIGN
443,19560,29,476.53,524.91,BENIGN
3306,10529,80,109.99,557.32,BENIGN
25,44530,48,463.79,873.06,BENIGN
22,17624,24,740.02,59.68,BENIGN
80,43426,76,50.57,300.92,BENIGN
25,31161,49,316.99,377.03,BENIGN
443,586,137,921.8,74.04,DDoS
53,881,248,1291.51,37.55,DDoS
22,80962,30,252.39,885.68,BENIGN
3306,345,140,861.74,70.18,DDoS
8080,628,200,951.01,72.55,DDoS
80,75753,51,897.88,173.3,BENIGN
443,609,183,1432.98,42.03,DDoS
8080,83954,61,473.65,862.37,BENIGN
25,195,199,1381.55,33.99,DDoS
25,467,136,1164.84,65.04,DDoS
3306,51439,53,63.41,509.53,BENIGN
25,66961,42,839.74,976.56,BENIGN
80,90930,38,278.6,376.52,BENIGN
53,616,182,825.66,48.78,DDoS
80,90950,11,54.81,452.61,BENIGN
53,707,117,1023.81,11.82,DDoS
8080,38964,50,244.34,345.92,BENIGN
443,97709,45,405.81,138.65,BENIGN
8080,27646,75,513.99,775.23,BENIGN
25,22573,36,729.33,329.42,BENIGN
25,687,88,1485.78,53.7,DDoS
25,44166,41,697.74,696.87,BENIGN
8080,26663,51,331.31,634.12,BENIGN
22,892,238,1456.45,2.66,DDoS
80,46770,11,725.85,855.01,BENIGN
3306,59777,24,95.75,145.92,BENIGN
3306,561,142,1142.23,62.51,DDoS
53,64373,67,845.71,239.91,BENIGN
53,15632,37,881.53,730.54,BENIGN
443,229,201,782.74,19.31,DDoS
3306,91241,25,527.07,832.3,BENIGN
22,5369,53,520.97,689.8,BENIGN
3306,68618,16,404.11,178.65,BENIGN
3306,45036,53,79.5,411.11,BENIGN
8080,74940,46,426.06,258.64,BENIGN
8080,39090,13,737.36,332.08,BENIGN
25,64096,17,344.26,31.7,BENIGN
8080,705,291,1342.46,42.66,DDoS
443,4380,70,824.27,809.81,BENIGN
53,28686,44,456.61,306.12,BENIGN
25,83481,20,79.96,40.85,BENIGN
443,17,283,929.01,29.59,DDoS
21,77002,32,140.57,391.4,BENIGN
443,57114,15,113.95,642.51,BENIGN
3306,12708,30,597.2,36.31,BENIGN
8080,47,90,733.15,66.34,DDoS
21,5445,71,544.96,147.52,BENIGN
3306,75800,80,626.32,928.32,BENIGN
21,82764,31,325.55,656.14,BENIGN
80,89833,29,718.12,405.87,BENIGN
3306,39388,63,160.49,181.45,BENIGN
443,64506,5,490.62,236.51,BENIGN
21,85256,24,264.15,653.97,BENIGN
3306,53609,32,617.23,54.51,BENIGN
80,267,171,869.38,72.57,DDoS
80,36812,71,786.29,552.86,BENIGN
25,83833,22,764.27,122.4,BENIGN
3306,113,269,1050.02,45.17,DDoS
25,28624,10,468.12,33.63,BENIGN
443,53166,53,864.95,912.81,BENIGN
80,236,299,1201.37,23.52,DDoS
53,73026,13,353.76,119.12,BENIGN
21,950,184,1008.04,12.28,DDoS
443,21288,45,228.37,125.84,BENIGN
25,52729,23,702.44,178.56,BENIGN
8080,66296,75,849.96,498.52,BENIGN
80,83689,73,596.9,624.56,BENIGN
25,31348,29,117.01,350.11,BENIGN
3306,5826,36,188.34,939.07,BENIGN
21,34092,58,115.3,429.04,BENIGN
21,269,276,783.83,14.83,DDoS
8080,699,248,1100.18,50.63,DDoS
3306,97801,77,285.79,986.3,BENIGN
443,856,136,1445.62,65.42,DDoS
21,78979,65,457.19,440.0,BENIGN
22,831,220,1346.38,35.54,DDoS
8080,97461,22,308.71,190.15,BENIGN
3306,1318,63,281.93,682.36,BENIGN
21,36423,1,725.21,446.62,BENIGN
8080,196,152,823.94,28.26,DDoS
22,19792,56,659.09,834.5,BENIGN
21,962,111,1390.47,28.81,DDoS
80,590,250,981.26,74.38,DDoS
8080,19528,62,331.77,380.44,BENIGN
80,67919,36,596.62,535.08,BENIGN
80,450,120,1076.65,12.1,DDoS
21,34,257,1231.17,52.53,DDoS
443,751,280,898.58,32.54,DDoS
22,250,119,1402.72,10.03,DDoS
3306,58536,38,413.6,622.12,BENIGN
443,77104,38,695.59,546.68,BENIGN
25,99639,38,541.87,168.03,BENIGN
21,80573,79,206.74,91.47,BENIGN
8080,84519,64,175.01,869.01,BENIGN
3306,54591,65,264.15,818.68,BENIGN
80,91013,43,237.72,656.15,BENIGN
22,25474,5,204.6,408.9,BENIGN
22,15064,62,427.16,34.52,BENIGN
80,938,133,1143.66,42.72,DDoS
443,670,161,1336.39,53.18,DDoS
443,68120,3,130.64,414.76,BENIGN
80,21646,32,404.1,546.99,BENIGN
22,66632,68,759.43,742.85,BENIGN
8080,26421,10,134.9,290.51,BENIGN
22,74841,62,507.99,112.36,BENIGN
21,12349,41,538.63,102.77,BENIGN
3306,2613,65,401.41,199.68,BENIGN
8080,8812,38,381.57,951.56,BENIGN
53,19815,40,782.03,504.57,BENIGN
53,19953,44,130.1,786.18,BENIGN
53,56870,13,850.78,780.82,BENIGN
3306,17432,9,91.9,303.31,BENIGN
25,865,237,1412.01,39.71,DDoS
3306,18818,79,800.48,83.01,BENIGN
25,85222,46,198.18,956.9,BENIGN
3306,50043,7,883.33,230.14,BENIGN
3306,74027,21,137.79,61.13,BENIGN
25,26685,7,491.89,974.19,BENIGN
21,773,130,1162.85,15.6,DDoS
53,27,93,973.03,63.24,DDoS
53,53140,6,454.84,639.84,BENIGN
21,65544,37,481.75,339.84,BENIGN
53,9272,30,184.68,243.84,BENIGN
8080,962,124,822.14,62.77,DDoS
53,589,196,1236.5,13.97,DDoS
21,5872,15,295.17,677.35,BENIGN
21,65133,48,290.81,648.07,BENIGN
3306,41800,47,556.13,465.43,BENIGN
25,834,241,1364.92,45.92,DDoS
21,99765,55,226.35,422.87,BENIGN
22,63657,45,349.15,645.75,BENIGN
80,37718,44,507.97,548.87,BENIGN
80,98213,64,683.0,969.92,BENIGN
80,96911,25,139.39,793.75,BENIGN
443,813,138,1312.71,79.31,DDoS
80,38060,25,220.15,127.79,BENIGN
3306,77111,54,267.59,133.22,BENIGN
3306,32,103,1409.32,54.17,DDoS
22,43844,24,46.14,937.23,BENIGN
53,829,178,743.65,45.36,DDoS
3306,762,150,804.36,30.91,DDoS
22,31291,15,366.06,306.98,BENIGN
53,25943,14,46.71,485.85,BENIGN
443,79913,75,293.79,475.81,BENIGN
80,44836,15,559.2,644.1,BENIGN
443,79383,2,44.88,833.44,BENIGN
3306,58799,30,588.41,174.15,BENIGN
22,48815,77,357.41,482.41,BENIGN
8080,24870,34,134.11,659.12,BENIGN
53,826,214,1326.71,30.11,DDoS
80,53016,54,320.82,434.96,BENIGN
53,991,129,993.07,35.66,DDoS
443,88070,39,538.78,379.86,BENIGN
8080,197,118,802.8,39.68,DDoS
25,91976,45,180.36,985.33,BENIGN
25,69503,80,644.7,847.08,BENIGN
443,53565,71,781.21,116.66,BENIGN
8080,15853,12,97.35,179.23,BENIGN
53,300,259,1344.77,24.94,DDoS
21,55587,57,226.48,917.0,BENIGN
25,10745,61,810.3,887.08,BENIGN
80,699,184,1021.83,25.69,DDoS
8080,86806,7,506.76,486.07,BENIGN
22,34314,1,807.79,656.54,BENIGN
25,53863,12,436.9,399.21,BENIGN
80,117,106,1237.68,36.15,DDoS
443,88119,67,583.06,656.98,BENIGN
80,33032,41,444.31,393.07,BENIGN
3306,35016,2,66.36,578.34,BENIGN
8080,39111,17,711.79,728.34,BENIGN
25,73476,20,772.55,93.62,BENIGN
21,27971,35,695.58,189.08,BENIGN
443,17004,33,795.54,483.57,BENIGN
3306,58212,19,276.29,757.84,BENIGN
22,976,295,749.96,34.03,DDoS
21,17553,10,725.07,434.27,BENIGN
3306,8184,29,485.93,950.29,BENIGN
8080,13818,44,567.51,253.3,BENIGN
3306,52237,41,166.3,848.59,BENIGN
3306,34701,42,201.96,926.92,BENIGN
3306,771,149,1164.39,25.16,DDoS
8080,85616,37,128.92,697.21,BENIGN
443,954,137,1213.49,23.25,DDoS
22,83934,14,690.95,31.64,BENIGN
80,84751,62,500.55,585.07,BENIGN
8080,60358,49,86.02,566.28,BENIGN
22,2794,36,131.57,680.21,BENIGN
21,84719,37,460.07,841.06,BENIGN
21,719,137,996.9,52.35,DDoS
25,33585,56,692.79,488.26,BENIGN
3306,515,277,988.2,66.89,DDoS
22,11027,62,725.44,333.37,BENIGN
80,815,224,871.41,1.48,DDoS
443,68939,42,574.39,565.87,BENIGN
21,85444,3,674.47,371.3,BENIGN
8080,95930,46,67.96,363.1,BENIGN
53,66823,9,496.35,457.97,BENIGN
3306,518,92,1017.38,16.44,DDoS
53,38751,10,406.38,642.74,BENIGN
8080,883,148,728.19,55.2,DDoS
3306,24265,63,481.01,894.1,BENIGN
80,52609,65,727.19,107.25,BENIGN
443,472,229,965.79,11.16,DDoS
53,28481,31,861.79,201.67,BENIGN
25,18957,45,41.99,696.33,BENIGN
8080,57219,16,405.17,695.29,BENIGN
21,13049,25,280.17,190.98,BENIGN
25,25723,19,213.33,657.55,BENIGN
25,884,145,843.92,62.75,DDoS
21,95690,20,50.2,267.58,BENIGN
22,918,203,908.72,29.57,DDoS
443,81951,79,287.24,355.53,BENIGN
8080,75262,18,610.26,849.98,BENIGN
80,76324,47,348.65,851.42,BENIGN
25,65798,78,728.62,712.01,BENIGN
21,688,280,845.71,16.87,DDoS
25,20524,29,487.69,634.3,BENIGN
443,17732,75,167.79,254.57,BENIGN
443,246,247,865.98,8.55,DDoS
22,49884,6,193.18,274.93,BENIGN
21,69848,37,651.86,879.32,BENIGN
53,843,266,800.88,18.25,DDoS
80,572,203,1328.28,41.9,DDoS
25,8763,74,301.79,593.07,BENIGN
22,63919,2,886.22,975.45,BENIGN
25,69049,27,452.56,186.07,BENIGN
443,435,288,1457.06,44.31,DDoS
80,529,81,1193.82,64.78,DDoS
443,382,107,1199.68,5.96,DDoS
21,36383,77,508.24,791.0,BENIGN
80,26866,57,588.64,984.91,BENIGN
22,72267,16,122.32,797.11,BENIGN
21,76348,35,380.29,320.08,BENIGN
21,5085,57,776.44,884.69,BENIGN
8080,936,139,1434.57,25.75,DDoS
53,27799,34,514.52,119.1,BENIGN
80,684,222,1348.9,45.17,DDoS
8080,8596,18,667.08,544.24,BENIGN
53,45644,66,458.24,367.02,BENIGN
8080,56858,38,126.27,886.57,BENIGN
22,29359,5,423.77,35.81,BENIGN
25,8976,52,223.32,907.31,BENIGN
443,736,190,1257.57,79.91,DDoS
8080,45165,29,61.98,260.0,BENIGN
443,862,128,904.51,4.57,DDoS
443,62146,2,705.6,230.61,BENIGN
22,4602,54,123.87,547.68,BENIGN
80,918,83,929.44,73.56,DDoS
80,63497,19,733.55,403.33,BENIGN
25,91803,39,149.2,442.97,BENIGN
25,250,117,988.15,63.15,DDoS
3306,44053,18,534.96,613.79,BENIGN
22,51408,57,576.87,137.25,BENIGN
25,163,271,1282.61,49.71,DDoS
80,31691,41,637.98,707.68,BENIGN
443,583,234,1302.82,63.17,DDoS
21,37395,42,414.47,952.43,BENIGN
443,96570,58,266.64,996.13,BENIGN
8080,267,94,1441.24,50.87,DDoS
8080,91506,42,401.05,801.61,BENIGN
53,50,109,1283.48,51.68,DDoS
22,5644,4,101.54,886.58,BENIGN
443,40743,5,340.24,636.56,BENIGN
25,20,226,757.73,20.39,DDoS
3306,48100,40,486.47,25.45,BENIGN
80,911,155,729.93,23.43,DDoS
8080,34019,80,437.29,537.85,BENIGN
25,360,123,989.03,1.51,DDoS
53,37965,51,405.5,329.93,BENIGN
443,26220,68,73.99,481.1,BENIGN
443,12688,65,136.41,674.24,BENIGN
3306,362,125,1245.01,29.83,DDoS
443,49252,73,323.71,42.05,BENIGN
8080,963,85,1051.35,67.05,DDoS
25,34649,10,583.48,690.09,BENIGN
25,95598,50,795.16,822.19,BENIGN
443,83030,6,634.07,894.86,BENIGN
53,92827,32,144.61,469.4,BENIGN
53,48477,40,868.53,117.65,BENIGN
21,37446,49,550.59,297.2,BENIGN
53,33937,40,112.24,670.99,BENIGN
443,888,102,1384.94,63.61,DDoS
53,36632,36,699.98,934.87,BENIGN
53,76795,59,683.42,338.12,BENIGN
21,40234,68,822.16,583.75,BENIGN
80,76292,40,370.66,853.72,BENIGN
21,54107,31,798.49,799.65,BENIGN
21,574,269,1374.4,40.25,DDoS
25,99558,32,451.44,672.76,BENIGN
25,55796,33,774.18,480.62,BENIGN
80,330,143,919.35,11.84,DDoS
443,876,217,1063.66,33.88,DDoS
25,41188,57,414.29,468.58,BENIGN
3306,99769,8,635.18,99.98,BENIGN
22,916,173,830.95,67.09,DDoS
22,116,194,1048.18,46.35,DDoS
80,70592,46,401.6,860.2,BENIGN
443,4428,48,767.32,447.35,BENIGN
3306,64561,6,608.95,858.61,BENIGN
25,64087,15,273.65,368.33,BENIGN
25,8262,18,873.57,996.1,BENIGN
443,48182,48,867.93,270.93,BENIGN
8080,470,287,959.02,29.62,DDoS
22,65305,34,856.81,281.77,BENIGN
21,47784,44,670.0,715.33,BENIGN
3306,99675,53,221.05,831.51,BENIGN
53,1422,43,62.69,573.99,BENIGN
22,2292,58,178.07,929.97,BENIGN
53,63233,50,531.73,678.81,BENIGN
25,8889,72,539.72,287.25,BENIGN
53,97387,55,742.54,42.39,BENIGN
3306,80970,70,66.76,643.5,BENIGN
3306,90305,40,267.21,189.03,BENIGN
21,26761,47,79.72,961.3,BENIGN
3306,14449,56,345.2,488.63,BENIGN
25,90228,68,260.2,292.63,BENIGN
21,578,96,1169.14,31.17,DDoS
3306,77276,43,58.67,839.63,BENIGN
53,45971,78,191.3,55.35,BENIGN
443,46702,55,567.22,539.56,BENIGN
53,28283,7,451.29,65.16,BENIGN
22,29279,40,749.35,587.93,BENIGN
25,307,139,842.28,78.98,DDoS
53,37530,80,282.01,561.16,BENIGN
3306,689,227,1210.97,72.61,DDoS
443,85523,23,532.23,314.52,BENIGN
80,33411,9,892.19,551.55,BENIGN
443,35493,56,826.76,598.32,BENIGN
443,670,117,722.0,15.09,DDoS
80,377,234,1461.64,78.71,DDoS
21,21209,28,533.6,928.64,BENIGN
22,95504,62,347.23,864.54,BENIGN
21,21842,68,470.78,397.21,BENIGN
25,32630,40,579.92,637.32,BENIGN
22,2275,23,791.81,485.4,BENIGN
443,465,227,863.48,5.97,DDoS
80,972,295,964.01,15.83,DDoS
53,37427,40,620.99,708.89,BENIGN
25,148,181,1463.34,57.5,DDoS
25,78225,31,671.07,882.09,BENIGN
21,78924,11,729.15,857.93,BENIGN
25,22724,65,459.33,271.97,BENIGN
3306,81815,11,84.73,37.65,BENIGN
53,79224,49,784.93,958.05,BENIGN
53,99218,37,126.29,330.41,BENIGN
80,145,84,928.53,21.11,DDoS
80,61318,14,527.43,151.96,BENIGN
21,33683,32,432.5,988.61,BENIGN
8080,449,215,1438.53,23.29,DDoS
8080,42661,4,107.89,225.32,BENIGN
443,678,100,724.28,9.1,DDoS
21,49415,51,420.91,240.74,BENIGN
22,63540,8,637.19,729.42,BENIGN
25,37075,73,203.88,907.09,BENIGN
3306,4639,64,899.08,26.68,BENIGN
25,28932,59,223.24,837.14,BENIGN
80,11934,1,124.03,883.51,BENIGN
53,424,120,761.4,63.91,DDoS
53,21878,34,53.37,20.08,BENIGN
3306,343,149,1377.18,47.48,DDoS
80,23422,41,775.45,976.33,BENIGN
8080,556,264,733.14,22.14,DDoS
443,74021,4,894.76,51.89,BENIGN
80,11866,41,681.87,924.27,BENIGN
8080,81117,53,89.98,964.84,BENIGN
22,93115,36,725.15,981.55,BENIGN
25,80554,56,398.74,850.4,BENIGN
8080,386,118,953.46,28.0,DDoS
53,24522,40,384.61,275.72,BENIGN
21,679,271,1253.8,33.2,DDoS
25,346,298,906.28,8.47,DDoS
25,66404,14,722.27,314.11,BENIGN
443,51158,8,357.42,565.21,BENIGN
25,88970,43,344.54,500.31,BENIGN
3306,65474,71,368.02,958.32,BENIGN
21,36498,38,118.61,313.02,BENIGN
53,82806,34,698.55,753.75,BENIGN
80,70472,69,92.1,359.62,BENIGN
8080,839,111,881.86,53.53,DDoS
53,54832,66,256.78,625.08,BENIGN
80,39445,19,259.12,422.76,BENIGN
443,39641,20,791.72,928.37,BENIGN
3306,87437,69,107.59,660.31,BENIGN
443,924,147,875.97,28.8,DDoS
22,79114,60,376.63,742.45,BENIGN
8080,33974,16,784.37,787.76,BENIGN
80,65790,56,51.96,694.06,BENIGN
8080,15533,69,797.3,25.34,BENIGN
25,73561,33,193.96,298.27,BENIGN
25,58252,14,495.35,439.34,BENIGN
80,57815,55,459.77,694.3,BENIGN
53,24183,71,693.36,313.41,BENIGN
21,27909,2,857.58,600.03,BENIGN
8080,163,195,1461.64,59.63,DDoS
22,26726,55,860.21,474.59,BENIGN
80,69665,74,127.94,693.23,BENIGN
21,828,153,1250.46,50.24,DDoS
80,12875,23,617.21,181.87,BENIGN
53,8972,69,225.91,114.12,BENIGN
80,153,171,1092.71,52.65,DDoS
3306,86056,22,657.21,740.52,BENIGN
22,60988,8,234.78,384.23,BENIGN
8080,82624,14,313.51,403.6,BENIGN
443,58094,53,170.44,581.09,BENIGN
8080,72000,51,834.38,751.29,BENIGN
80,18400,47,249.38,864.49,BENIGN
22,19912,8,572.19,194.23,BENIGN
8080,7029,71,894.99,915.43,BENIGN
21,3404,79,417.71,804.74,BENIGN
22,86123,72,468.3,114.96,BENIGN
22,84361,37,807.15,759.58,BENIGN
80,58280,50,317.45,307.02,BENIGN
22,873,262,1304.2,63.21,DDoS
80,775,81,921.32,4.96,DDoS
8080,86210,54,41.13,543.01,BENIGN
25,6000,50,277.29,864.96,BENIGN
25,49885,80,725.25,298.94,BENIGN
80,84290,41,682.92,825.01,BENIGN
25,16,112,1090.86,42.38,DDoS
25,436,147,994.66,79.82,DDoS
80,329,241,1336.06,71.77,DDoS
8080,938,205,962.72,38.58,DDoS
80,72033,37,194.76,321.31,BENIGN
53,66716,42,714.29,455.52,BENIGN
22,25088,2,358.59,157.23,BENIGN
443,42890,48,812.59,134.72,BENIGN
21,62356,11,119.01,448.96,BENIGN
8080,2764,47,144.99,983.72,BENIGN
443,70546,35,115.5,44.02,BENIGN
21,14346,17,58.98,718.92,BENIGN
25,34854,6,880.68,740.28,BENIGN
8080,57075,75,559.19,841.1,BENIGN
53,485,184,1260.13,11.63,DDoS
21,59729,29,479.4,840.62,BENIGN
53,691,174,842.53,16.29,DDoS
80,376,185,858.96,64.9,DDoS
53,40540,16,215.08,221.08,BENIGN
443,18944,41,500.27,817.82,BENIGN
3306,52035,75,286.96,205.9,BENIGN
3306,359,253,1254.67,6.72,DDoS
8080,91830,77,878.46,294.35,BENIGN
443,49255,5,688.57,591.99,BENIGN
21,51000,30,719.21,930.51,BENIGN
25,633,220,1163.15,70.19,DDoS
22,89314,6,150.71,27.68,BENIGN
22,247,288,877.61,41.45,DDoS
22,14584,73,372.46,773.15,BENIGN
53,65967,3,262.31,43.77,BENIGN
3306,50746,55,482.98,477.96,BENIGN
53,51947,6,674.87,474.83,BENIGN
3306,56918,26,395.46,48.36,BENIGN
25,199,215,746.31,44.38,DDoS
53,27377,25,799.32,62.3,BENIGN
443,80784,75,506.13,308.71,BENIGN
25,48439,13,490.33,923.75,BENIGN
80,577,209,1228.18,70.1,DDoS
3306,25657,52,435.94,935.81,BENIGN
443,56524,70,854.79,399.46,BENIGN
3306,875,282,1103.36,72.65,DDoS
53,499,230,737.56,58.15,DDoS
53,558,252,913.01,25.8,DDoS
3306,72556,10,622.75,604.85,BENIGN
21,104,250,1188.92,62.89,DDoS
25,2099,28,146.05,566.46,BENIGN
21,74238,1,571.31,915.83,BENIGN
21,34739,68,888.03,559.96,BENIGN
21,919,216,897.35,20.4,DDoS
8080,71672,49,829.43,468.71,BENIGN
53,51710,8,197.21,232.22,BENIGN
80,56359,55,683.02,426.72,BENIGN
25,651,255,942.95,51.23,DDoS
80,93105,28,422.81,189.52,BENIGN
8080,93541,31,417.38,144.19,BENIGN
25,4030,37,893.94,98.69,BENIGN
8080,64781,70,857.39,116.46,BENIGN
25,27251,10,283.99,183.75,BENIGN
25,88641,44,373.42,154.77,BENIGN
21,95713,33,251.78,838.37,BENIGN
53,59927,29,661.27,58.24,BENIGN
25,54543,56,155.98,537.32,BENIGN
25,69269,36,654.89,412.95,BENIGN
443,44522,57,426.16,418.16,BENIGN
443,79629,79,640.26,520.78,BENIGN
3306,45950,17,311.84,356.73,BENIGN
53,35480,43,523.51,433.47,BENIGN
53,76045,78,87.16,473.96,BENIGN
3306,484,237,917.05,34.68,DDoS
8080,793,146,783.37,41.34,DDoS
22,74019,53,616.99,535.1,BENIGN
53,27593,69,613.11,613.71,BENIGN
53,47943,33,403.96,510.97,BENIGN
3306,57456,12,91.94,373.19,BENIGN
21,85072,71,84.55,915.64,BENIGN
443,723,158,1365.95,46.37,DDoS
25,31384,47,43.5,410.81,BENIGN
443,153,290,1042.37,68.94,DDoS
80,77738,56,104.9,612.77,BENIGN
443,7,92,1177.83,34.38,DDoS
8080,41488,44,850.78,936.78,BENIGN
80,99,201,1408.07,69.54,DDoS
53,86789,63,665.37,864.95,BENIGN
53,1556,41,195.57,719.8,BENIGN
25,90983,26,88.59,778.25,BENIGN
443,422,181,998.81,61.93,DDoS
443,7009,58,90.84,541.57,BENIGN
443,16459,64,120.16,675.57,BENIGN
53,367,88,1460.38,32.57,DDoS
25,431,281,905.79,24.81,DDoS
21,89011,53,331.05,919.26,BENIGN
8080,8978,41,876.91,298.76,BENIGN
21,11424,11,896.53,34.58,BENIGN
8080,26198,71,502.24,508.56,BENIGN
25,42474,73,841.51,203.55,BENIGN
443,690,168,1405.28,13.09,DDoS
53,30938,7,733.01,116.99,BENIGN
21,96490,30,57.6,665.69,BENIGN
53,80048,64,433.87,293.67,BENIGN
21,30787,30,707.11,975.76,BENIGN
21,46226,59,491.76,949.73,BENIGN
21,93716,7,293.64,859.63,BENIGN
25,17971,34,587.21,769.23,BENIGN
25,20705,66,221.54,778.08,BENIGN
80,420,195,1202.26,63.38,DDoS
80,5219,77,532.18,567.86,BENIGN
53,629,210,832.03,45.59,DDoS
21,135,111,802.94,10.13,DDoS
8080,80225,61,873.87,69.31,BENIGN
53,38248,67,549.24,21.73,BENIGN
25,74892,74,528.37,374.43,BENIGN
21,30962,34,623.55,363.73,BENIGN
443,86282,19,894.75,238.5,BENIGN
21,282,94,1273.38,37.39,DDoS
80,425,298,1221.85,5.69,DDoS
8080,80999,38,245.24,934.3,BENIGN
21,43748,80,57.67,483.13,BENIGN
443,21453,67,180.64,644.43,BENIGN
53,52570,40,588.15,112.77,BENIGN
443,42856,33,265.82,505.87,BENIGN
22,61869,59,84.59,77.07,BENIGN
25,4294,80,359.08,652.41,BENIGN
3306,956,113,1007.86,17.39,DDoS
53,34471,26,151.8,348.02,BENIGN
25,621,214,742.06,59.1,DDoS
22,452,234,1439.69,39.9,DDoS
53,92798,25,573.47,629.28,BENIGN
22,51961,73,732.76,814.55,BENIGN
21,36088,14,785.07,810.37,BENIGN
22,67445,47,429.04,723.85,BENIGN
53,53398,19,678.44,37.5,BENIGN
8080,14717,41,558.82,585.74,BENIGN
21,458,298,1340.77,66.49,DDoS
443,48332,43,671.73,209.21,BENIGN
25,588,278,882.18,63.44,DDoS
21,837,206,963.57,30.63,DDoS
3306,768,104,1387.5,30.36,DDoS
53,15753,3,729.52,790.18,BENIGN
3306,316,249,1188.64,45.04,DDoS
25,8392,1,341.89,643.77,BENIGN
22,68205,7,792.14,789.86,BENIGN
80,339,135,1409.7,66.77,DDoS
22,23361,72,442.19,584.03,BENIGN
53,93919,64,286.81,845.69,BENIGN
53,24460,51,823.31,682.8,BENIGN
22,12645,10,682.3,360.96,BENIGN
22,71655,63,155.24,663.2,BENIGN
25,79982,25,670.3,324.27,BENIGN
21,86739,78,270.18,787.34,BENIGN
3306,676,149,952.46,54.28,DDoS
3306,24043,34,615.45,561.81,BENIGN
53,786,206,1057.4,53.19,DDoS
25,30952,53,494.03,25.43,BENIGN
8080,89330,15,810.3,172.93,BENIGN
443,810,87,1450.16,7.17,DDoS
25,18115,3,450.1,587.47,BENIGN
8080,425,189,1461.01,6.17,DDoS
3306,96446,59,630.22,800.28,BENIGN
8080,8155,35,241.75,994.91,BENIGN
80,25296,51,602.48,355.32,BENIGN
21,61481,48,400.56,649.55,BENIGN
3306,48546,59,798.87,730.62,BENIGN
25,63874,39,111.89,77.49,BENIGN
8080,630,85,1333.82,64.14,DDoS
22,56,236,1326.74,71.3,DDoS
53,16372,40,644.56,643.74,BENIGN
443,50179,43,229.46,840.7,BENIGN
80,43202,27,707.39,876.27,BENIGN
80,974,205,1267.47,5.62,DDoS
3306,20520,75,214.06,935.86,BENIGN
3306,15605,46,786.18,489.42,BENIGN
80,57600,51,144.71,611.82,BENIGN
25,60,164,1160.94,21.54,DDoS
25,454,235,1044.59,16.22,DDoS
21,55055,57,67.76,931.48,BENIGN
80,73024,60,273.18,431.79,BENIGN
53,154,234,1390.26,40.9,DDoS
25,555,212,948.78,37.53,DDoS
53,34549,28,431.53,629.29,BENIGN
3306,71502,56,896.76,458.05,BENIGN
53,962,258,887.47,69.82,DDoS
25,9493,42,261.32,818.09,BENIGN
8080,3091,15,738.67,210.51,BENIGN
22,51416,58,777.79,732.29,BENIGN
8080,392,194,1311.77,41.75,DDoS
80,549,120,1425.04,14.6,DDoS
3306,316,235,1214.05,66.6,DDoS
443,84979,31,426.47,431.74,BENIGN
21,88832,22,610.96,786.97,BENIGN
8080,75718,53,589.27,479.8,BENIGN
22,16487,79,93.95,124.08,BENIGN
22,50965,75,730.86,45.81,BENIGN
80,40828,56,670.95,295.79,BENIGN
8080,699,286,1137.06,26.29,DDoS
22,81770,33,820.7,504.62,BENIGN
443,93185,10,575.13,691.97,BENIGN
80,3766,80,470.46,993.59,BENIGN
80,84950,55,751.1,532.18,BENIGN
21,41409,11,408.85,645.91,BENIGN
3306,13585,14,450.14,477.26,BENIGN
21,168,80,1027.38,69.23,DDoS
80,351,269,1115.1,78.29,DDoS
21,89911,2,259.25,654.58,BENIGN
8080,92968,62,191.91,998.5,BENIGN
80,203,101,992.4,59.71,DDoS
3306,13106,58,338.89,567.22,BENIGN
53,90949,40,565.26,640.99,BENIGN
21,85576,13,564.62,598.0,BENIGN
22,24743,47,104.74,581.14,BENIGN
53,882,300,1347.85,18.59,DDoS
53,149,193,1435.48,38.91,DDoS
80,70665,42,536.44,853.33,BENIGN
53,241,237,1226.98,28.83,DDoS
22,91980,36,260.22,792.08,BENIGN
80,121,110,950.68,68.62,DDoS
21,14061,48,788.28,120.61,BENIGN
8080,49288,32,175.1,936.39,BENIGN
80,67091,28,564.42,257.37,BENIGN
53,42913,20,626.03,723.02,BENIGN
22,258,258,815.8,59.1,DDoS
25,76511,56,320.27,448.43,BENIGN
25,26857,29,361.46,32.07,BENIGN
8080,43738,67,78.1,895.39,BENIGN
53,81360,38,75.83,860.76,BENIGN
3306,25534,47,671.82,531.14,BENIGN
22,97015,58,60.04,439.22,BENIGN
8080,67406,60,662.6,392.92,BENIGN
8080,47145,69,154.36,682.91,BENIGN
22,93632,11,875.89,993.74,BENIGN
80,9325,11,358.28,853.11,BENIGN
25,98945,4,889.86,230.73,BENIGN
443,38433,57,450.05,350.72,BENIGN
3306,28727,63,117.18,987.5,BENIGN
25,2035,68,66.68,812.61,BENIGN
8080,33528,65,198.51,936.33,BENIGN
443,24047,20,603.06,781.08,BENIGN
3306,44266,58,631.62,376.49,BENIGN
25,812,274,1011.14,64.51,DDoS
53,83085,42,837.01,171.59,BENIGN
80,555,248,864.41,22.45,DDoS
21,89684,35,727.98,148.88,BENIGN
3306,16993,27,485.31,458.62,BENIGN
3306,6814,56,530.46,801.5,BENIGN
21,349,99,729.55,30.75,DDoS
22,68986,20,570.06,89.19,BENIGN
3306,16,158,1255.21,38.78,DDoS
25,14868,8,251.1,657.91,BENIGN
8080,50362,77,326.43,954.4,BENIGN
53,42415,5,630.46,395.65,BENIGN
53,29083,41,184.58,538.12,BENIGN
80,89783,71,805.04,764.5,BENIGN
3306,5070,68,98.99,886.71,BENIGN
443,290,232,1295.64,73.13,DDoS
3306,27,142,1323.97,33.12,DDoS
8080,572,249,1104.47,20.89,DDoS
22,64959,18,710.43,843.6,BENIGN
25,508,298,1033.34,69.12,DDoS
22,10523,76,105.29,923.79,BENIGN
21,239,211,1413.53,55.87,DDoS
25,584,204,963.56,61.71,DDoS
21,24144,16,517.58,565.02,BENIGN
443,69892,61,280.18,182.81,BENIGN
22,108,111,827.59,30.92,DDoS
25,41523,50,46.34,76.12,BENIGN
443,18423,10,460.82,131.06,BENIGN
80,41425,23,644.8,871.29,BENIGN
8080,69928,70,514.21,875.43,BENIGN
53,4168,54,228.03,859.89,BENIGN
8080,134,196,833.97,31.7,DDoS
443,2269,74,335.95,114.93,BENIGN
443,471,234,1227.05,14.47,DDoS
22,53029,22,174.25,552.35,BENIGN
22,679,194,1463.99,14.13,DDoS
443,79217,40,44.2,868.27,BENIGN
3306,81757,50,110.83,710.43,BENIGN
80,62004,64,162.83,501.11,BENIGN
21,374,92,1256.89,45.71,DDoS
3306,97445,27,633.31,889.67,BENIGN
22,28106,47,63.41,955.62,BENIGN
3306,18307,42,877.76,54.95,BENIGN
21,50527,16,457.4,54.79,BENIGN
443,96580,44,126.43,236.91,BENIGN
3306,454,131,744.09,69.18,DDoS
53,39458,1,450.87,111.5,BENIGN
8080,75326,54,396.79,254.08,BENIGN
22,51317,29,608.4,527.13,BENIGN
25,37431,26,230.31,119.16,BENIGN
80,93087,2,63.79,561.57,BENIGN
53,699,176,1090.51,3.5,DDoS
3306,69093,31,597.61,282.63,BENIGN
80,30510,74,259.88,640.46,BENIGN
8080,67960,38,374.12,748.03,BENIGN
80,13803,65,130.77,652.69,BENIGN
53,28998,22,41.88,387.8,BENIGN
80,54211,3,765.04,129.85,BENIGN
8080,5239,59,873.37,137.58,BENIGN
53,52102,60,446.92,367.23,BENIGN
3306,97,180,1218.0,52.95,DDoS
21,26726,78,619.53,358.86,BENIGN
25,22583,2,162.28,23.43,BENIGN
25,11529,4,752.43,395.78,BENIGN
22,38264,63,363.87,309.45,BENIGN
53,740,261,1388.39,37.52,DDoS
25,39723,44,227.38,866.36,BENIGN
8080,47547,2,863.18,961.72,BENIGN
80,437,264,1166.19,24.4,DDoS
8080,435,145,808.18,35.93,DDoS
21,209,185,1203.35,3.04,DDoS
80,75120,67,848.75,275.85,BENIGN
443,271,261,1044.48,23.77,DDoS
22,429,81,1051.75,8.99,DDoS
3306,14,122,838.77,13.58,DDoS
22,87604,11,201.86,748.14,BENIGN
53,25472,70,64.22,584.48,BENIGN
443,504,174,912.72,2.53,DDoS
25,81485,5,341.86,558.38,BENIGN
443,59407,25,567.67,227.06,BENIGN
3306,82059,14,62.62,918.81,BENIGN
53,77682,55,600.48,976.09,BENIGN
443,18906,8,712.04,943.69,BENIGN
21,739,184,1369.37,80.0,DDoS
25,73745,46,368.88,344.28,BENIGN
21,944,170,746.37,54.44,DDoS
21,33481,74,539.1,172.14,BENIGN
80,77037,75,800.36,524.35,BENIGN
53,534,168,1202.91,61.18,DDoS
22,542,253,1386.66,25.79,DDoS
80,33258,24,847.39,679.13,BENIGN
3306,45216,73,141.33,767.3,BENIGN
80,798,169,848.54,68.5,DDoS
80,45415,25,53.0,444.4,BENIGN
80,752,251,1133.01,64.95,DDoS
21,20,106,1290.1,50.99,DDoS
3306,78656,19,638.61,873.57,BENIGN
443,97266,3,322.41,847.71,BENIGN
25,5588,78,344.44,495.34,BENIGN
21,46658,36,61.07,447.76,BENIGN
443,41554,32,478.46,802.51,BENIGN
21,33202,15,703.67,927.24,BENIGN
8080,55152,64,405.17,328.17,BENIGN
53,74819,49,194.85,420.76,BENIGN
25,224,122,1470.63,75.82,DDoS
80,25989,79,107.81,673.44,BENIGN
3306,416,275,956.92,64.46,DDoS
21,65,255,886.86,15.3,DDoS
3306,68942,30,169.27,585.75,BENIGN
3306,92117,71,113.83,640.4,BENIGN
8080,95499,12,541.39,481.38,BENIGN
21,191,140,1042.21,19.23,DDoS
22,474,143,1127.29,5.39,DDoS
21,26267,37,104.56,357.57,BENIGN
443,58336,72,162.88,141.85,BENIGN
21,473,177,1440.16,13.65,DDoS
21,61458,69,454.07,795.32,BENIGN
8080,320,110,924.46,77.13,DDoS
3306,41018,58,816.33,990.02,BENIGN
443,798,181,1109.48,26.15,DDoS
3306,237,201,1209.67,1.51,DDoS
21,30306,71,207.14,142.08,BENIGN
8080,63117,65,672.79,892.27,BENIGN
3306,2281,67,495.38,66.29,BENIGN
21,9982,66,628.06,56.99,BENIGN
53,37870,37,855.28,810.3,BENIGN
53,443,96,1073.83,20.98,DDoS
25,29512,56,757.67,96.63,BENIGN
443,68669,11,203.39,912.68,BENIGN
22,69170,1,302.75,26.62,BENIGN
22,284,225,789.56,6.47,DDoS
3306,262,228,847.94,38.18,DDoS
3306,73742,13,214.98,249.19,BENIGN
53,92573,21,586.66,813.63,BENIGN
443,74173,10,352.85,900.11,BENIGN
53,48847,65,500.04,53.49,BENIGN
22,408,204,750.77,4.11,DDoS
21,75,265,1078.85,41.69,DDoS
53,67964,64,306.4,994.22,BENIGN
3306,91560,33,496.45,89.54,BENIGN
80,33529,76,115.75,491.16,BENIGN
22,455,236,1206.96,48.14,DDoS
22,8584,72,807.77,966.23,BENIGN
25,85705,67,122.91,437.18,BENIGN
8080,33123,54,547.45,734.54,BENIGN
53,44,192,833.91,24.04,DDoS
443,90013,11,332.97,803.77,BENIGN
53,31303,7,743.13,401.03,BENIGN
443,90020,74,280.32,501.39,BENIGN
21,93242,10,769.93,570.13,BENIGN
21,39647,57,130.47,984.84,BENIGN
80,74641,26,691.26,145.6,BENIGN
21,67032,43,386.32,229.79,BENIGN
3306,93095,9,452.5,236.94,BENIGN
25,61187,53,61.79,427.69,BENIGN
8080,84967,9,647.07,419.49,BENIGN
80,56921,47,704.44,305.94,BENIGN
21,85464,29,863.92,426.9,BENIGN
22,89533,32,449.04,837.62,BENIGN
443,67479,35,344.05,355.8,BENIGN
25,69757,47,524.06,694.23,BENIGN
8080,518,139,1031.2,42.86,DDoS
22,58646,38,308.37,878.65,BENIGN
22,82194,49,72.28,147.92,BENIGN
80,187,169,1366.08,31.2,DDoS
53,16799,62,738.33,189.6,BENIGN
443,53161,14,662.02,963.28,BENIGN
3306,28305,21,546.63,22.5,BENIGN
80,40848,28,462.13,108.23,BENIGN
80,525,267,1000.26,25.52,DDoS
3306,796,298,781.34,66.04,DDoS
80,66015,65,218.0,794.89,BENIGN
22,17764,80,301.43,183.14,BENIGN
8080,78077,38,196.19,903.74,BENIGN
3306,383,194,991.55,25.55,DDoS
3306,28811,20,517.51,973.09,BENIGN
25,88770,1,714.43,406.41,BENIGN
8080,42228,62,220.76,722.73,BENIGN
21,16177,7,532.13,26.5,BENIGN
3306,951,177,1362.44,32.64,DDoS
443,87506,44,206.56,97.7,BENIGN
80,91821,22,292.22,699.75,BENIGN
25,93062,76,118.61,102.93,BENIGN
3306,888,238,1480.09,26.25,DDoS
8080,35453,51,715.37,396.82,BENIGN
53,428,85,998.18,18.84,DDoS
53,83529,40,562.88,597.04,BENIGN
3306,50435,7,510.19,785.77,BENIGN
443,68357,60,691.71,527.18,BENIGN
443,297,243,715.72,33.52,DDoS
21,540,193,908.08,8.42,DDoS
3306,16851,73,796.66,869.25,BENIGN
53,21731,78,219.13,41.58,BENIGN
21,39575,28,851.63,88.75,BENIGN
22,282,297,1270.38,26.43,DDoS
80,6363,61,199.56,413.05,BENIGN
25,18186,32,89.37,647.82,BENIGN
8080,59555,68,878.68,453.22,BENIGN
8080,112,281,742.08,7.92,DDoS
25,64343,49,897.22,614.08,BENIGN
22,98436,17,658.78,149.95,BENIGN
3306,63841,28,442.41,597.57,BENIGN
8080,60185,75,884.35,812.88,BENIGN
21,343,147,1236.01,73.81,DDoS
21,40077,27,521.44,742.03,BENIGN
25,414,226,923.06,9.69,DDoS
3306,64819,35,699.22,530.49,BENIGN
3306,79973,2,486.65,489.35,BENIGN
443,39930,16,503.74,254.56,BENIGN
21,80941,7,630.82,794.15,BENIGN
21,191,197,742.64,11.02,DDoS
8080,96203,20,453.16,423.73,BENIGN
8080,259,197,1361.77,13.05,DDoS
80,60817,41,882.92,874.64,BENIGN
443,954,144,1005.46,0.58,DDoS
53,74249,4,236.41,425.63,BENIGN
443,89600,3,521.45,653.79,BENIGN
25,61168,1,805.96,480.3,BENIGN
22,590,247,1237.88,17.24,DDoS
53,43245,51,872.83,462.81,BENIGN
25,91651,39,704.95,813.71,BENIGN
443,63809,62,97.66,415.19,BENIGN
25,97314,68,393.6,415.68,BENIGN
22,784,223,1013.86,63.29,DDoS
80,961,130,813.93,63.95,DDoS
3306,311,86,1188.03,32.19,DDoS
21,75320,63,429.16,782.18,BENIGN
21,276,285,898.76,20.54,DDoS
8080,38652,14,153.48,659.7,BENIGN
80,71893,5,769.15,706.62,BENIGN
22,34379,65,180.63,28.97,BENIGN
53,843,84,984.28,68.68,DDoS
21,83966,46,383.47,437.79,BENIGN
80,6026,11,556.95,879.02,BENIGN
8080,137,286,940.37,75.97,DDoS
443,42059,59,321.27,695.72,BENIGN
53,61577,55,484.85,976.54,BENIGN
53,492,194,1351.34,58.26,DDoS
22,32655,29,245.56,342.15,BENIGN
21,21275,3,120.56,282.4,BENIGN
25,52608,49,112.22,871.43,BENIGN
53,76403,47,85.62,426.13,BENIGN
22,80,216,945.54,50.91,DDoS
25,33207,24,589.06,381.23,BENIGN
21,650,189,995.56,71.46,DDoS
3306,99011,9,149.63,665.91,BENIGN
21,756,185,1063.97,13.88,DDoS
80,78,234,1454.76,60.29,DDoS
443,40331,27,751.53,982.44,BENIGN
21,24614,44,581.45,964.72,BENIGN
3306,99034,1,467.0,989.95,BENIGN
22,801,209,926.98,56.93,DDoS
443,33094,33,706.17,473.93,BENIGN
443,516,268,953.83,29.94,DDoS
53,88802,34,84.54,358.85,BENIGN
21,55744,45,107.15,78.27,BENIGN
3306,15240,13,576.84,786.61,BENIGN
25,29642,57,173.76,253.63,BENIGN
443,324,216,918.3,24.75,DDoS
21,36581,17,510.46,694.2,BENIGN
80,63,229,1491.86,62.37,DDoS
22,15085,74,345.23,926.37,BENIGN
25,32842,2,797.24,355.42,BENIGN
80,870,89,891.92,21.73,DDoS
22,25403,80,176.79,400.6,BENIGN
8080,698,173,1315.18,29.42,DDoS
3306,20355,65,299.32,507.87,BENIGN
8080,97106,57,509.87,235.25,BENIGN
22,78895,32,558.03,777.42,BENIGN
80,593,254,980.88,77.69,DDoS
8080,59316,71,418.31,922.71,BENIGN
80,89978,73,332.49,196.51,BENIGN
22,80167,58,485.85,31.87,BENIGN
3306,48364,76,777.2,686.81,BENIGN
80,853,195,1302.95,27.32,DDoS
8080,89986,49,590.68,23.47,BENIGN
53,459,105,1451.43,64.58,DDoS
8080,69210,58,747.38,72.39,BENIGN
80,88101,17,69.72,354.57,BENIGN
53,6982,33,384.33,896.33,BENIGN
25,38687,27,539.67,640.13,BENIGN
21,63915,64,203.52,184.39,BENIGN
21,845,279,915.13,54.57,DDoS
443,588,203,764.57,43.31,DDoS
80,16832,9,195.55,762.14,BENIGN
25,24567,79,625.77,655.98,BENIGN
21,17426,56,111.0,645.85,BENIGN
3306,87807,54,276.14,84.96,BENIGN
22,355,126,1054.37,33.62,DDoS
80,557,143,785.12,54.78,DDoS
22,2498,1,104.7,398.53,BENIGN
22,24392,12,324.26,989.39,BENIGN
80,65525,38,99.74,743.58,BENIGN
21,28629,5,512.86,43.72,BENIGN
22,99,181,1092.59,16.98,DDoS
21,51067,33,887.52,484.71,BENIGN
80,810,180,749.05,36.34,DDoS
25,60392,68,497.21,626.19,BENIGN
443,557,110,731.48,36.73,DDoS
80,67031,33,444.99,813.75,BENIGN
80,96212,14,603.56,466.98,BENIGN
3306,36576,60,588.44,684.45,BENIGN
8080,60577,47,426.88,40.86,BENIGN
22,409,240,1068.93,58.26,DDoS
21,65120,78,880.36,836.79,BENIGN
22,761,291,1453.26,42.34,DDoS
3306,42220,21,226.8,62.12,BENIGN
8080,860,134,854.88,70.16,DDoS
53,27,281,1070.41,2.58,DDoS
3306,976,276,1074.89,27.0,DDoS
22,93917,79,413.38,304.8,BENIGN
3306,28632,68,159.97,99.06,BENIGN
53,84185,26,85.32,845.83,BENIGN
53,12761,61,729.3,191.77,BENIGN
22,90804,32,784.39,553.2,BENIGN
21,73533,2,500.33,697.55,BENIGN
443,15065,22,703.72,512.08,BENIGN
22,8874,51,884.15,687.79,BENIGN
25,17629,12,125.93,456.32,BENIGN
443,1103,73,496.49,112.86,BENIGN
25,55469,55,877.79,914.6,BENIGN
8080,156,187,1087.2,66.25,DDoS
443,2637,58,697.75,937.28,BENIGN
3306,36925,54,893.2,834.84,BENIGN
25,908,140,979.93,48.55,DDoS
8080,26091,60,290.97,202.02,BENIGN
25,455,177,1130.69,66.77,DDoS
25,95037,62,737.67,236.68,BENIGN
8080,12591,50,578.78,398.03,BENIGN
53,998,251,1220.65,52.53,DDoS
80,14087,34,621.66,36.63,BENIGN
80,89982,57,724.58,814.5,BENIGN
443,82393,79,853.54,733.83,BENIGN
22,19459,29,89.84,320.82,BENIGN
53,45143,76,399.96,707.98,BENIGN
8080,91006,30,237.89,782.22,BENIGN
443,52582,17,834.7,988.31,BENIGN
80,57938,24,510.89,768.66,BENIGN
3306,408,93,1229.31,63.33,DDoS
80,360,101,1211.12,17.24,DDoS
21,75373,27,390.37,335.3,BENIGN
25,59055,79,580.94,762.07,BENIGN
21,64863,19,293.52,707.26,BENIGN
3306,475,179,815.4,64.06,DDoS
21,32642,3,570.82,300.33,BENIGN
22,19357,51,494.31,734.78,BENIGN
80,80172,23,541.98,348.89,BENIGN
53,74420,76,74.84,325.93,BENIGN
53,387,115,1050.46,72.46,DDoS
53,346,213,776.94,53.63,DDoS
25,52557,52,231.73,26.88,BENIGN
25,98292,33,264.66,987.57,BENIGN
53,17915,39,384.8,618.64,BENIGN
8080,16050,53,549.74,85.2,BENIGN
25,14672,32,359.55,663.91,BENIGN
21,43952,34,592.46,48.58,BENIGN
8080,1931,3,344.82,886.92,BENIGN
8080,727,214,1464.0,38.78,DDoS
25,68850,39,138.93,554.71,BENIGN
53,468,191,737.17,42.86,DDoS
8080,622,153,1132.53,50.98,DDoS
53,34570,47,149.05,829.59,BENIGN
443,51711,2,610.49,882.36,BENIGN
21,15140,63,404.57,833.13,BENIGN
443,35347,13,128.75,770.32,BENIGN
80,86737,13,291.9,780.36,BENIGN
443,83490,22,752.35,516.32,BENIGN
8080,69128,33,282.29,983.58,BENIGN
443,18651,59,448.35,152.75,BENIGN
25,92397,14,826.49,397.47,BENIGN
8080,26511,78,43.87,598.83,BENIGN
21,36574,63,530.13,944.95,BENIGN
80,673,129,723.04,64.17,DDoS
53,22833,73,586.28,864.97,BENIGN
443,620,238,1311.08,26.06,DDoS
80,21257,73,250.79,432.37,BENIGN
3306,84880,41,517.38,966.85,BENIGN
53,32195,71,795.57,333.84,BENIGN
3306,45,83,1143.54,29.2,DDoS
443,69902,71,479.85,26.79,BENIGN
80,341,129,1064.85,12.3,DDoS
25,83526,21,715.94,662.53,BENIGN
80,25986,2,430.7,80.19,BENIGN
443,56587,74,674.63,940.75,BENIGN
25,388,245,1013.27,9.03,DDoS
8080,872,258,754.21,46.27,DDoS
25,1341,17,430.73,151.41,BENIGN
21,21274,72,391.65,345.49,BENIGN
22,41154,75,184.04,884.38,BENIGN
25,661,247,915.46,25.9,DDoS
80,80872,19,703.27,751.54,BENIGN
8080,48610,68,473.57,466.43,BENIGN
22,35412,52,603.12,654.69,BENIGN
443,57973,11,609.85,46.21,BENIGN
25,48930,27,55.95,643.52,BENIGN
443,36635,75,557.25,762.84,BENIGN
21,9452,55,442.49,341.19,BENIGN
80,25523,60,552.39,918.11,BENIGN
443,37023,43,771.7,923.69,BENIGN
443,576,237,1466.72,37.86,DDoS
21,346,280,1112.87,42.88,DDoS
21,6626,6,535.63,190.82,BENIGN
3306,355,268,1132.05,1.77,DDoS
53,3805,8,519.4,668.76,BENIGN
80,11529,73,816.96,299.52,BENIGN
8080,458,162,1248.49,52.61,DDoS
8080,46068,48,790.99,433.23,BENIGN
21,435,289,1179.83,1.06,DDoS
443,131,279,868.85,68.58,DDoS
53,301,238,1216.42,54.69,DDoS
80,1611,18,876.86,358.05,BENIGN
80,52530,58,817.57,322.1,BENIGN
3306,52,239,1451.0,64.71,DDoS
25,21884,37,498.09,494.71,BENIGN
22,8125,69,222.86,450.68,BENIGN
80,81998,13,778.44,680.84,BENIGN
3306,256,148,1212.76,24.59,DDoS
443,67176,2,745.18,891.59,BENIGN
53,161,129,712.33,62.48,DDoS
8080,60858,32,224.73,781.61,BENIGN
53,66699,62,365.21,958.4,BENIGN
8080,46487,18,325.4,425.35,BENIGN
3306,71858,47,61.04,957.36,BENIGN
21,66662,62,491.62,664.69,BENIGN
25,15623,29,78.67,72.68,BENIGN
21,54111,34,332.89,264.34,BENIGN
8080,140,229,912.4,50.13,DDoS
21,60653,1,286.51,135.9,BENIGN
8080,5617,43,613.07,397.92,BENIGN
25,6291,55,558.89,348.17,BENIGN
443,536,106,1172.43,51.87,DDoS
25,877,173,1223.96,27.86,DDoS
53,24352,74,491.06,121.13,BENIGN
53,296,99,1192.8,49.16,DDoS
25,95214,12,109.64,25.69,BENIGN
3306,453,258,1327.02,23.56,DDoS
3306,7763,34,509.13,972.65,BENIGN
8080,80116,20,417.1,994.87,BENIGN
3306,588,277,917.04,20.23,DDoS
21,63909,50,639.63,526.44,BENIGN
3306,11681,51,583.39,108.87,BENIGN
25,61215,50,304.13,732.63,BENIGN
80,71735,38,202.58,793.63,BENIGN
8080,22307,9,818.46,458.08,BENIGN
80,84911,4,779.21,209.84,BENIGN
3306,21,174,954.84,67.67,DDoS
53,929,240,1495.99,42.52,DDoS
8080,82418,48,502.47,969.16,BENIGN
8080,50064,73,789.03,112.19,BENIGN
443,233,88,1096.8,19.34,DDoS
443,69185,31,339.76,920.37,BENIGN
22,784,270,1491.24,26.22,DDoS
22,24126,48,636.01,74.68,BENIGN
21,46551,41,759.56,96.01,BENIGN
3306,184,287,1259.56,21.6,DDoS
443,933,280,926.4,10.04,DDoS
22,18537,64,642.72,170.78,BENIGN
21,650,88,803.77,59.49,DDoS
3306,3,279,1205.06,38.77,DDoS
21,281,133,866.1,54.38,DDoS
3306,994,133,896.51,29.33,DDoS
3306,654,125,1173.93,43.78,DDoS
80,23420,43,169.64,372.79,BENIGN
443,36256,30,854.51,857.37,BENIGN
53,666,130,1234.84,73.84,DDoS
21,96711,40,500.95,186.08,BENIGN
53,842,264,1493.35,26.7,DDoS
53,23080,33,70.56,333.17,BENIGN
8080,32084,6,696.91,896.97,BENIGN
22,81321,3,43.67,378.26,BENIGN
53,63032,47,767.25,181.83,BENIGN
25,37,272,999.24,44.99,DDoS
22,29696,43,354.75,370.56,BENIGN
8080,605,222,750.65,61.61,DDoS
22,81284,73,709.0,311.15,BENIGN
80,6740,45,656.25,498.56,BENIGN
22,69763,1,436.33,974.12,BENIGN
3306,83531,50,40.83,680.32,BENIGN
21,467,174,720.98,36.4,DDoS
8080,55050,51,338.43,336.78,BENIGN
80,85610,51,317.84,934.65,BENIGN
25,99137,18,180.87,185.86,BENIGN
21,246,84,749.01,19.13,DDoS
443,889,89,1361.29,68.21,DDoS
443,97860,32,368.35,257.34,BENIGN
443,40481,19,756.69,976.39,BENIGN
3306,112,114,1352.58,17.3,DDoS
443,36332,1,655.56,148.97,BENIGN
8080,306,114,816.51,59.06,DDoS
21,246,85,818.93,55.31,DDoS
80,2976,4,123.0,146.82,BENIGN
53,72378,21,267.69,251.08,BENIGN
25,581,104,1271.32,18.67,DDoS
53,619,162,1478.54,9.33,DDoS
3306,25090,76,281.38,741.78,BENIGN
3306,97371,63,727.87,300.16,BENIGN
25,61079,75,843.19,231.22,BENIGN
21,4,221,851.38,51.36,DDoS
80,402,142,1416.9,19.0,DDoS
25,972,128,1427.92,57.71,DDoS
25,95900,21,402.4,500.09,BENIGN
22,57272,24,545.42,305.65,BENIGN
25,93758,58,783.86,211.57,BENIGN
53,91598,39,207.05,512.4,BENIGN
3306,171,232,827.98,14.89,DDoS
22,202,213,1276.58,6.62,DDoS
8080,24147,21,227.02,609.36,BENIGN
53,497,254,721.93,46.47,DDoS
80,95253,13,898.86,313.31,BENIGN
8080,947,121,848.42,78.99,DDoS
8080,398,193,1240.28,41.79,DDoS
22,76403,30,818.35,703.39,BENIGN
21,55392,21,636.96,621.34,BENIGN
25,286,108,981.93,15.74,DDoS
22,28161,67,424.23,651.05,BENIGN
443,96861,79,58.6,257.46,BENIGN
21,349,223,1085.77,45.63,DDoS
53,354,287,1427.3,10.33,DDoS
22,15,81,1085.64,44.76,DDoS
443,74079,56,558.58,317.43,BENIGN
3306,90295,59,285.21,724.71,BENIGN
53,98406,80,124.26,556.76,BENIGN
3306,48586,6,518.16,775.69,BENIGN
53,61040,1,681.8,346.28,BENIGN
8080,823,285,1208.11,56.54,DDoS
443,15492,8,807.26,876.76,BENIGN
3306,24322,39,881.47,159.98,BENIGN
25,56165,65,62.51,654.42,BENIGN
21,7468,41,528.84,316.17,BENIGN
22,435,290,913.31,67.31,DDoS
8080,27031,20,60.18,333.76,BENIGN
22,19380,53,585.17,309.03,BENIGN
80,713,250,1424.55,67.29,DDoS
22,63712,10,336.9,891.84,BENIGN
22,16697,6,563.48,348.45,BENIGN
3306,70926,32,599.47,49.56,BENIGN
8080,32558,10,682.8,202.61,BENIGN
53,97682,52,277.05,455.33,BENIGN
25,9092,56,416.95,633.55,BENIGN
21,22407,65,395.68,937.74,BENIGN
25,675,268,723.93,41.94,DDoS
443,97097,5,133.86,308.44,BENIGN
21,69643,2,359.85,613.88,BENIGN
53,108,108,1291.11,38.59,DDoS
80,4344,36,260.31,88.19,BENIGN
80,450,123,1258.91,55.02,DDoS
21,75713,23,899.31,297.56,BENIGN
80,94446,54,288.68,890.41,BENIGN
443,61,197,732.08,67.79,DDoS
22,10835,4,728.61,383.06,BENIGN
443,374,266,1117.76,36.46,DDoS
3306,55428,2,702.86,455.97,BENIGN
443,36032,15,267.8,243.39,BENIGN
8080,53840,3,527.45,138.03,BENIGN
25,63145,7,629.36,83.74,BENIGN
3306,16054,14,869.57,139.72,BENIGN
3306,179,265,1076.71,7.7,DDoS
8080,632,129,910.6,2.86,DDoS
3306,987,163,708.33,20.38,DDoS
25,25480,41,339.08,139.06,BENIGN
25,27223,64,811.15,203.15,BENIGN
53,330,267,725.47,51.84,DDoS
53,40405,3,511.96,448.22,BENIGN
3306,89375,76,150.36,770.44,BENIGN
22,418,89,779.31,1.19,DDoS
22,10748,76,885.47,945.04,BENIGN
21,8722,4,737.75,618.93,BENIGN
53,95221,80,428.44,713.15,BENIGN
53,87738,24,484.06,458.52,BENIGN
443,44965,76,782.66,271.76,BENIGN
8080,272,242,853.37,56.62,DDoS
53,54107,55,264.12,190.24,BENIGN
3306,641,232,1383.39,67.19,DDoS
443,11880,5,327.48,953.15,BENIGN
53,716,199,818.73,21.69,DDoS
3306,505,200,1098.15,41.33,DDoS
25,61132,65,97.32,503.31,BENIGN
53,33957,7,472.85,796.53,BENIGN
443,94828,29,204.26,766.73,BENIGN
25,76541,23,87.1,196.68,BENIGN
3306,395,101,1362.9,30.99,DDoS
443,457,291,1479.68,12.08,DDoS
8080,97141,15,624.12,393.73,BENIGN
3306,8595,72,827.96,430.11,BENIGN
443,12460,3,517.02,21.61,BENIGN
80,761,225,844.42,52.42,DDoS
25,52259,62,226.06,423.75,BENIGN
3306,30953,27,227.95,591.55,BENIGN
8080,6772,51,376.3,416.31,BENIGN
3306,2125,44,344.63,535.6,BENIGN
80,348,292,1437.17,54.3,DDoS
22,45,186,1200.59,14.95,DDoS
80,360,174,1412.91,74.25,DDoS
443,77682,74,683.98,779.34,BENIGN
21,28680,54,96.62,67.21,BENIGN
53,611,242,1301.27,46.75,DDoS
25,53288,12,539.88,767.08,BENIGN
21,81124,69,221.03,503.45,BENIGN
80,243,114,1370.07,7.49,DDoS
443,16584,62,414.49,346.18,BENIGN
80,286,128,1360.58,27.12,DDoS
443,44568,58,344.8,940.86,BENIGN
53,82368,42,85.1,547.61,BENIGN
3306,5689,26,854.27,77.71,BENIGN
21,73773,55,420.21,372.87,BENIGN
8080,27657,42,850.55,890.83,BENIGN
25,292,131,1178.77,10.93,DDoS
443,175,94,1066.56,3.58,DDoS
80,28195,64,504.21,859.12,BENIGN
22,650,116,1341.76,0.44,DDoS
22,264,104,1350.19,32.4,DDoS
80,76602,60,338.85,710.21,BENIGN
8080,15912,52,382.78,571.26,BENIGN
3306,35174,40,268.64,607.24,BENIGN
21,763,251,1264.87,70.96,DDoS
3306,85784,19,147.62,185.52,BENIGN
25,18332,56,130.0,353.67,BENIGN
80,23200,49,56.62,852.33,BENIGN
21,55036,46,660.09,593.03,BENIGN
8080,51208,70,476.14,412.69,BENIGN
22,871,129,1234.94,35.98,DDoS
22,898,235,1470.71,42.58,DDoS
21,570,192,1028.5,62.79,DDoS
21,30341,29,615.88,772.89,BENIGN
3306,85424,5,573.61,848.78,BENIGN
25,45492,29,709.01,478.49,BENIGN
3306,99796,28,130.03,721.02,BENIGN
53,94124,74,53.79,175.28,BENIGN
53,85185,63,502.01,800.25,BENIGN
22,303,182,1279.56,52.68,DDoS
53,15596,55,463.07,740.45,BENIGN
3306,6796,12,56.97,946.52,BENIGN
8080,67279,80,423.37,684.12,BENIGN
53,97344,48,768.88,373.32,BENIGN
22,571,289,963.72,56.2,DDoS
21,95620,38,578.37,37.41,BENIGN
3306,199,214,1406.86,15.88,DDoS
3306,618,273,718.13,9.58,DDoS
3306,45,115,1184.02,32.35,DDoS
22,25026,72,650.32,238.47,BENIGN
22,23,202,713.32,71.36,DDoS
443,81998,6,724.5,711.36,BENIGN
3306,3998,10,348.67,525.3,BENIGN
22,32293,36,736.06,89.03,BENIGN
53,80023,33,338.47,758.5,BENIGN
22,66034,72,487.95,318.23,BENIGN
21,19966,45,60.33,806.72,BENIGN
53,7006,26,551.56,829.55,BENIGN
80,454,210,1042.24,35.72,DDoS
80,5530,42,203.49,754.91,BENIGN
3306,94451,8,600.99,404.61,BENIGN
22,51993,9,271.45,972.66,BENIGN
443,47699,12,754.64,739.89,BENIGN
8080,448,186,1267.03,51.3,DDoS
53,92678,34,601.22,428.24,BENIGN
443,59145,68,179.29,460.61,BENIGN
25,63137,26,91.75,399.09,BENIGN
3306,31,100,1094.08,20.39,DDoS
3306,314,86,1418.52,4.82,DDoS
53,43913,53,621.88,794.27,BENIGN
8080,79710,55,752.93,457.19,BENIGN
25,490,202,1005.94,20.86,DDoS
21,962,200,1309.53,22.65,DDoS
22,463,149,1226.95,0.52,DDoS
53,429,289,984.86,65.04,DDoS
8080,24702,73,231.57,674.28,BENIGN
3306,24428,59,358.06,266.79,BENIGN
21,2818,30,710.01,592.46,BENIGN
22,80305,58,350.67,370.87,BENIGN
21,644,123,844.96,3.93,DDoS
25,5407,43,261.05,274.77,BENIGN
8080,67103,26,564.89,978.87,BENIGN
80,9921,72,666.56,479.13,BENIGN
53,59494,8,274.4,255.2,BENIGN
53,69087,58,93.99,878.49,BENIGN
22,36575,35,233.25,148.82,BENIGN
25,94953,31,512.24,324.52,BENIGN
53,37739,8,174.02,899.06,BENIGN
80,40523,55,483.38,397.53,BENIGN
80,71682,58,384.49,890.61,BENIGN
53,64915,22,304.31,809.11,BENIGN
8080,457,220,1064.88,38.43,DDoS
443,45745,53,145.43,885.57,BENIGN
25,217,176,1445.93,67.58,DDoS
25,203,96,933.41,55.9,DDoS
443,75601,16,382.11,427.08,BENIGN
443,56600,22,307.21,680.84,BENIGN
3306,63851,51,188.17,741.82,BENIGN
53,41897,60,529.77,636.59,BENIGN
21,506,183,1221.8,71.18,DDoS
25,6559,59,128.15,845.26,BENIGN
21,532,250,1156.63,36.82,DDoS
25,550,174,1253.48,15.38,DDoS
53,79335,65,87.44,997.62,BENIGN
22,39314,9,231.53,452.65,BENIGN
21,132,153,1082.67,69.76,DDoS
443,46332,41,485.39,201.98,BENIGN
443,571,108,1361.32,26.66,DDoS
80,60106,4,413.91,482.71,BENIGN
22,16331,27,123.58,850.84,BENIGN
21,41988,32,516.04,209.3,BENIGN
53,46715,42,889.44,858.14,BENIGN
22,32860,23,741.2,106.78,BENIGN
8080,971,156,1258.49,36.09,DDoS
443,39303,75,546.34,613.2,BENIGN
25,62764,6,239.93,708.82,BENIGN
8080,57176,69,605.83,143.43,BENIGN
53,6388,9,813.11,805.58,BENIGN
21,380,179,1343.69,69.14,DDoS
25,81750,66,483.43,807.45,BENIGN
3306,66608,56,242.33,640.05,BENIGN
21,95287,40,812.07,517.6,BENIGN
3306,954,129,1301.27,62.72,DDoS
22,74995,18,585.03,389.47,BENIGN
80,37012,18,786.09,588.95,BENIGN
53,775,99,771.66,66.36,DDoS
21,980,134,1213.84,63.33,DDoS
3306,79912,62,505.69,186.09,BENIGN
22,66881,62,155.58,136.29,BENIGN
80,221,210,820.82,47.36,DDoS
80,14743,48,804.34,785.39,BENIGN
8080,82484,45,848.6,500.27,BENIGN
3306,74244,8,661.87,977.51,BENIGN
22,5996,40,665.56,857.83,BENIGN
8080,699,258,916.07,33.6,DDoS
22,122,289,1395.34,21.94,DDoS
3306,1127,46,464.5,212.11,BENIGN
443,123,168,912.85,26.59,DDoS
53,76749,11,692.38,484.5,BENIGN
443,79160,49,764.51,993.0,BENIGN
80,79940,9,242.05,306.94,BENIGN
3306,42549,73,150.8,910.59,BENIGN
21,72045,27,716.11,44.56,BENIGN
80,10768,54,749.07,33.32,BENIGN
8080,87721,28,891.42,428.03,BENIGN
21,28552,78,297.47,639.03,BENIGN
21,80660,64,218.51,77.64,BENIGN
3306,5374,15,359.59,348.07,BENIGN
80,48030,29,194.0,775.66,BENIGN
53,41404,72,510.24,861.29,BENIGN
80,40378,77,466.09,279.43,BENIGN
8080,331,171,1485.26,7.78,DDoS
22,22362,37,67.17,346.34,BENIGN
25,89108,38,125.78,913.43,BENIGN
8080,27086,73,124.4,21.44,BENIGN
443,91913,51,740.32,412.37,BENIGN
80,82850,47,173.45,982.64,BENIGN
8080,89663,65,771.43,391.16,BENIGN
80,35230,25,561.25,161.52,BENIGN
53,335,278,1429.31,43.19,DDoS
25,68360,26,563.52,822.52,BENIGN
22,63686,4,224.34,482.06,BENIGN
53,7782,48,871.76,794.31,BENIGN
21,69073,46,216.52,80.32,BENIGN
25,971,221,762.11,15.11,DDoS
8080,91618,16,834.81,33.97,BENIGN
443,567,105,894.2,67.56,DDoS
25,5388,1,72.0,290.63,BENIGN
21,96440,14,662.41,775.54,BENIGN
22,88220,33,475.45,121.46,BENIGN
21,89917,42,182.26,340.29,BENIGN
3306,150,162,1373.49,34.51,DDoS
443,960,119,1230.53,57.32,DDoS
25,9027,9,823.82,77.39,BENIGN
53,125,165,816.52,20.46,DDoS
3306,15364,15,122.76,853.98,BENIGN
22,21650,33,685.12,57.03,BENIGN
8080,18763,53,739.5,149.08,BENIGN
3306,94631,73,296.77,106.28,BENIGN
80,1241,10,95.28,715.42,BENIGN
80,126,187,1063.81,66.05,DDoS
8080,83004,50,599.46,907.57,BENIGN
22,398,209,945.94,23.47,DDoS
3306,23264,23,729.68,42.17,BENIGN
80,42128,26,480.7,995.88,BENIGN
80,45923,79,355.8,622.47,BENIGN
21,22208,68,591.33,447.27,BENIGN
53,340,194,1093.47,6.86,DDoS
25,25251,60,286.55,925.84,BENIGN
8080,77415,11,828.07,914.98,BENIGN
443,49906,44,329.09,560.77,BENIGN
8080,22950,80,404.79,261.88,BENIGN
53,13586,62,210.49,560.66,BENIGN
25,949,244,1236.0,45.32,DDoS
53,24,119,1193.77,51.48,DDoS
53,51326,41,706.44,660.7,BENIGN
21,150,88,949.89,26.85,DDoS
443,33011,14,290.27,959.63,BENIGN
53,95590,48,235.34,234.31,BENIGN
21,9564,29,53.47,133.26,BENIGN
21,435,157,1366.27,14.79,DDoS
25,658,202,1101.74,69.99,DDoS
8080,344,249,1426.68,11.05,DDoS
25,989,201,718.83,52.85,DDoS
21,74841,60,383.57,936.33,BENIGN
25,92204,24,342.32,678.42,BENIGN
21,11204,9,222.05,35.11,BENIGN
3306,39005,80,575.4,462.67,BENIGN
3306,25903,28,525.67,515.91,BENIGN
25,15835,14,569.72,297.02,BENIGN
8080,84230,24,150.2,113.25,BENIGN
25,835,287,1478.43,58.58,DDoS
8080,955,225,1279.98,18.84,DDoS
53,28555,71,113.71,318.44,BENIGN
3306,917,99,1045.1,32.49,DDoS
25,41291,40,823.65,425.05,BENIGN
25,16004,15,559.12,536.51,BENIGN
8080,9905,15,141.23,504.21,BENIGN
53,32441,75,91.62,213.31,BENIGN
8080,959,212,1020.52,14.54,DDoS
22,53849,23,662.56,316.29,BENIGN
21,94226,49,677.06,853.66,BENIGN
21,61514,71,467.3,867.03,BENIGN
80,47789,59,579.28,86.15,BENIGN
25,70286,34,583.63,293.51,BENIGN
25,846,146,1319.09,48.19,DDoS
21,960,139,1053.25,66.06,DDoS
3306,7836,37,306.22,760.67,BENIGN
25,16299,16,503.17,94.5,BENIGN
53,758,205,1273.48,51.57,DDoS
25,475,153,1170.5,35.05,DDoS
21,50138,17,438.02,250.36,BENIGN
443,84963,67,753.4,905.54,BENIGN
3306,508,163,1383.97,9.67,DDoS
8080,284,240,1313.98,50.63,DDoS
25,79272,59,587.63,49.3,BENIGN
80,63414,57,592.06,835.78,BENIGN
8080,45222,27,63.05,39.31,BENIGN
443,35365,14,170.16,188.65,BENIGN
53,15213,24,534.24,563.14,BENIGN
53,34860,7,355.39,355.09,BENIGN
53,43797,14,468.34,302.94,BENIGN
3306,43037,20,833.87,415.48,BENIGN
21,29315,57,304.71,515.18,BENIGN
53,25,127,801.75,22.02,DDoS
21,927,226,1024.65,36.61,DDoS
53,94594,8,860.41,878.6,BENIGN
21,526,198,1035.5,49.83,DDoS
22,58556,22,361.58,73.85,BENIGN
53,998,110,1287.81,27.4,DDoS
22,24510,8,362.06,21.05,BENIGN
80,53030,73,373.91,635.8,BENIGN
8080,71911,67,257.94,676.05,BENIGN
3306,257,228,1425.57,5.78,DDoS
80,5357,22,68.54,578.33,BENIGN
80,39990,8,854.97,423.68,BENIGN
53,99,294,990.06,55.72,DDoS
8080,17332,78,363.62,598.44,BENIGN
3306,29,166,1118.41,28.29,DDoS
21,696,283,869.44,71.91,DDoS
25,847,91,1421.67,17.36,DDoS
80,60694,59,184.8,160.54,BENIGN
8080,67409,73,205.53,412.21,BENIGN
53,71875,51,68.36,496.42,BENIGN
25,88514,68,427.19,229.16,BENIGN
80,16477,14,94.82,222.48,BENIGN
53,91051,75,169.34,223.72,BENIGN
53,152,133,1072.37,26.83,DDoS
80,408,247,893.72,14.97,DDoS
3306,563,144,1027.81,22.3,DDoS
53,429,106,1016.81,59.49,DDoS
21,18012,60,543.57,212.46,BENIGN
25,8299,17,143.86,886.17,BENIGN
443,98158,50,566.89,749.38,BENIGN
25,686,177,758.29,11.91,DDoS
3306,87769,47,266.64,100.89,BENIGN
21,27005,63,439.83,52.46,BENIGN
3306,61083,5,323.93,221.47,BENIGN
53,32151,58,743.07,980.75,BENIGN
21,791,163,1485.73,64.68,DDoS
8080,894,102,768.02,47.45,DDoS
8080,99662,51,669.56,192.42,BENIGN
3306,497,234,757.03,9.23,DDoS
8080,15949,24,338.97,717.2,BENIGN
53,77247,10,388.66,305.35,BENIGN
53,134,297,1185.54,73.92,DDoS
21,73,221,1054.46,63.25,DDoS
3306,12355,63,388.48,686.04,BENIGN
21,884,173,1372.52,71.85,DDoS
22,58147,56,52.09,593.6,BENIGN
21,49,211,860.82,65.09,DDoS
22,402,297,1208.41,28.13,DDoS
53,51995,54,489.31,394.89,BENIGN
80,64088,76,357.53,349.18,BENIGN
80,191,287,814.5,79.9,DDoS
22,709,184,1227.21,1.26,DDoS
80,82106,20,521.87,250.17,BENIGN
443,272,116,1245.77,17.27,DDoS
25,24140,64,751.94,243.12,BENIGN
53,702,184,1491.49,56.27,DDoS
8080,35082,21,468.92,428.26,BENIGN
22,96542,32,848.3,736.34,BENIGN
22,19521,40,65.61,481.9,BENIGN
443,81879,45,566.08,122.72,BENIGN
3306,10870,65,61.89,803.44,BENIGN
80,79616,69,522.72,81.15,BENIGN
22,237,180,1278.54,35.01,DDoS
21,44163,17,199.68,372.21,BENIGN
3306,501,139,1337.81,55.16,DDoS
25,24520,24,810.26,119.87,BENIGN
8080,32209,19,315.27,781.6,BENIGN
22,25366,73,841.82,453.74,BENIGN
443,93356,51,330.9,708.26,BENIGN
443,56323,1,510.12,190.02,BENIGN
8080,14925,29,211.39,436.73,BENIGN
80,97396,44,752.03,337.23,BENIGN
3306,405,270,943.86,76.77,DDoS
443,525,101,869.76,71.72,DDoS
25,21321,25,673.66,136.31,BENIGN
21,53378,43,836.73,863.16,BENIGN
22,57705,75,637.75,860.57,BENIGN
443,50573,59,798.73,872.71,BENIGN
8080,47556,80,572.05,757.19,BENIGN
3306,845,185,1168.24,32.48,DDoS
53,26862,49,276.28,320.22,BENIGN
8080,90952,14,768.89,249.81,BENIGN
21,26834,33,877.5,310.82,BENIGN
3306,160,190,858.03,39.8,DDoS
21,93825,35,167.21,162.22,BENIGN
21,18195,14,736.67,798.08,BENIGN
22,68267,12,614.61,876.4,BENIGN
80,31484,33,421.63,121.88,BENIGN
80,87721,23,548.19,378.05,BENIGN
8080,16,209,1288.43,18.81,DDoS
80,40114,41,218.25,956.86,BENIGN
22,326,246,1041.19,16.14,DDoS
21,30513,9,639.22,963.78,BENIGN
443,50901,30,839.6,211.68,BENIGN
25,83341,11,643.35,874.2,BENIGN
22,32864,65,852.71,183.05,BENIGN
25,54761,70,531.44,157.93,BENIGN
80,53174,70,154.34,947.66,BENIGN
21,45694,71,631.46,190.25,BENIGN
21,46425,59,141.91,565.52,BENIGN
443,74949,66,875.8,438.68,BENIGN
21,612,234,856.38,73.62,DDoS
3306,45395,13,212.27,922.23,BENIGN
443,30233,54,440.71,304.97,BENIGN
3306,14168,55,750.39,332.34,BENIGN
25,699,85,1087.28,53.46,DDoS
22,51142,61,107.28,508.19,BENIGN
80,428,235,1302.31,68.35,DDoS
443,23816,14,429.95,538.08,BENIGN
21,1053,50,574.74,462.03,BENIGN
3306,59498,19,774.48,287.4,BENIGN
53,81328,26,96.06,760.79,BENIGN
3306,911,193,1141.56,70.83,DDoS
3306,91472,34,462.6,273.32,BENIGN
443,80630,19,588.84,357.63,BENIGN
25,44892,42,727.36,275.29,BENIGN
3306,15705,38,647.16,550.67,BENIGN
21,7404,30,558.58,476.74,BENIGN
25,45079,37,337.3,429.8,BENIGN
80,77267,38,116.55,146.94,BENIGN
80,81807,46,377.39,420.51,BENIGN
22,67774,43,595.84,177.25,BENIGN
53,25881,15,848.87,165.6,BENIGN
3306,64726,66,225.92,826.51,BENIGN
8080,71225,47,571.13,125.91,BENIGN
25,54646,32,480.53,521.58,BENIGN
53,19580,43,652.86,703.69,BENIGN
25,709,184,856.92,32.42,DDoS
443,11069,60,738.66,965.77,BENIGN
22,84482,44,553.39,346.18,BENIGN
21,49405,7,405.49,576.76,BENIGN
53,80549,34,502.78,250.76,BENIGN
25,93258,20,487.64,338.77,BENIGN
443,59546,75,215.76,836.13,BENIGN
22,12160,40,811.5,710.72,BENIGN
443,365,144,948.02,69.86,DDoS
3306,61635,50,166.45,911.58,BENIGN
8080,65831,34,68.37,42.14,BENIGN
53,98595,63,587.49,475.94,BENIGN
80,27353,48,256.28,472.65,BENIGN
22,7552,58,718.84,665.72,BENIGN
25,43004,10,613.71,20.45,BENIGN
8080,785,289,1472.97,7.88,DDoS
80,64919,22,750.85,966.95,BENIGN
3306,106,172,1281.11,21.76,DDoS
443,66408,7,481.5,572.32,BENIGN
53,843,161,770.43,56.0,DDoS
80,24506,75,631.9,63.87,BENIGN
443,40826,57,260.77,680.95,BENIGN
53,81858,74,87.14,360.49,BENIGN
53,32540,62,473.46,700.34,BENIGN
25,354,202,1261.8,23.44,DDoS
21,38165,18,749.24,247.25,BENIGN
22,796,297,1207.64,43.52,DDoS
3306,45911,9,530.83,61.2,BENIGN
22,7955,72,158.57,107.41,BENIGN
3306,814,92,1024.47,61.68,DDoS
21,824,228,732.82,29.29,DDoS
22,39097,16,870.06,689.19,BENIGN
22,27724,37,657.73,658.38,BENIGN
80,93214,59,135.49,725.32,BENIGN
443,641,297,1125.05,7.36,DDoS
80,57863,25,529.32,962.35,BENIGN
3306,473,242,1232.64,9.08,DDoS
80,558,285,1458.54,4.86,DDoS
22,71997,72,247.26,411.13,BENIGN
25,1821,18,726.06,676.73,BENIGN
8080,32427,46,403.85,285.02,BENIGN
443,621,247,1245.28,27.89,DDoS
25,91959,24,490.1,264.03,BENIGN
3306,22304,40,734.24,670.29,BENIGN
21,992,239,815.11,18.04,DDoS
8080,82663,10,264.76,29.82,BENIGN
80,671,128,1197.68,29.22,DDoS
3306,81702,31,568.79,250.84,BENIGN
443,4218,50,771.13,491.21,BENIGN
53,456,178,1476.15,25.6,DDoS
21,554,251,741.97,14.24,DDoS
3306,401,213,1192.59,56.35,DDoS
8080,561,168,1279.64,59.13,DDoS
80,697,108,1485.6,55.95,DDoS
8080,89939,40,300.35,322.01,BENIGN
25,78939,19,43.37,285.6,BENIGN
25,2824,25,623.53,186.66,BENIGN
25,60803,43,569.2,73.56,BENIGN
21,99069,77,846.86,539.02,BENIGN
80,28368,23,45.36,288.82,BENIGN
22,84873,63,152.87,766.7,BENIGN
53,931,272,1405.07,36.31,DDoS
25,43825,46,800.78,132.14,BENIGN
25,8318,8,464.73,615.1,BENIGN
22,28243,3,725.21,175.19,BENIGN
3306,440,191,1368.55,49.84,DDoS
53,501,153,1034.31,7.89,DDoS
21,374,227,1412.44,27.81,DDoS
8080,986,181,1449.39,31.82,DDoS
53,613,265,960.93,47.86,DDoS
21,39927,10,685.61,508.49,BENIGN
25,57045,26,689.55,765.63,BENIGN
53,46724,54,844.26,774.25,BENIGN
3306,41859,64,415.79,591.89,BENIGN
8080,89733,64,458.05,24.39,BENIGN
3306,883,173,1452.85,4.18,DDoS
3306,37706,44,97.29,386.58,BENIGN
8080,81772,18,791.22,846.43,BENIGN
25,1364,40,790.42,436.26,BENIGN
25,81914,46,79.89,734.89,BENIGN
21,706,181,1025.79,0.54,DDoS
3306,29884,65,645.55,822.53,BENIGN
8080,33,263,936.6,33.4,DDoS
8080,1007,21,63.74,622.25,BENIGN
53,113,127,1312.76,65.08,DDoS
53,77133,37,268.29,823.71,BENIGN
53,65567,49,249.39,957.21,BENIGN
21,524,198,910.84,68.24,DDoS
8080,88866,13,153.14,605.43,BENIGN
8080,99801,72,554.53,735.52,BENIGN
22,83846,30,325.09,866.42,BENIGN
443,444,231,977.96,75.52,DDoS
8080,19763,18,513.11,484.01,BENIGN
443,18006,1,531.35,63.28,BENIGN
25,88473,39,688.5,468.36,BENIGN
443,11428,37,808.57,434.81,BENIGN
80,579,218,1188.13,7.7,DDoS
8080,88746,1,282.38,995.39,BENIGN
3306,84245,14,571.87,463.24,BENIGN
21,9073,4,768.33,374.91,BENIGN
22,35304,38,347.55,740.69,BENIGN
80,734,156,830.33,54.07,DDoS
443,68328,24,509.0,927.69,BENIGN
21,75746,5,756.52,556.25,BENIGN
8080,36,260,998.61,9.55,DDoS
443,80458,7,533.44,468.85,BENIGN
25,1291,57,752.42,587.68,BENIGN
80,90360,52,119.7,677.01,BENIGN
443,28689,47,742.0,188.4,BENIGN
22,50791,77,309.32,780.84,BENIGN
8080,71529,21,456.57,742.32,BENIGN
53,18886,54,555.18,663.16,BENIGN
3306,74839,33,554.31,446.26,BENIGN
53,510,188,799.53,0.86,DDoS
8080,11086,18,63.33,631.43,BENIGN
8080,77854,50,541.84,347.64,BENIGN
22,93261,34,556.77,883.19,BENIGN
3306,27271,27,449.92,575.75,BENIGN
21,78628,11,248.76,549.8,BENIGN
25,1356,15,522.6,106.8,BENIGN
443,16726,30,240.94,483.79,BENIGN
53,28323,26,120.64,250.43,BENIGN
25,13,251,1072.25,60.68,DDoS
25,516,204,1317.5,33.3,DDoS
25,778,288,1193.03,3.27,DDoS
443,26163,23,188.5,69.5,BENIGN
53,24730,7,302.5,528.68,BENIGN
22,42688,15,559.2,524.61,BENIGN
443,55445,33,544.07,486.29,BENIGN
80,39130,19,615.01,353.9,BENIGN
80,2947,24,479.64,180.78,BENIGN
443,511,91,1265.2,43.13,DDoS
22,83158,13,245.16,502.35,BENIGN
21,36,137,1489.57,72.6,DDoS
25,76231,22,325.6,810.71,BENIGN
22,229,142,1437.39,41.64,DDoS
53,779,121,737.5,50.25,DDoS
53,81373,63,569.99,561.97,BENIGN
3306,24027,11,119.48,954.01,BENIGN
80,428,122,734.85,10.95,DDoS
53,275,82,1065.65,62.0,DDoS
21,95245,44,614.32,228.82,BENIGN
53,120,273,1256.89,71.09,DDoS
443,14745,31,272.94,925.54,BENIGN
8080,4546,76,154.02,572.15,BENIGN
21,67680,75,840.14,271.45,BENIGN
21,753,232,1051.34,28.14,DDoS
53,87338,8,288.41,265.69,BENIGN
53,89983,14,425.08,373.51,BENIGN
21,601,80,1453.06,65.06,DDoS
21,40460,34,302.44,699.89,BENIGN
21,68739,9,726.46,744.46,BENIGN
53,721,210,1304.97,42.73,DDoS
21,50664,41,783.55,887.08,BENIGN
80,33768,31,883.83,486.15,BENIGN
53,11019,31,847.65,115.96,BENIGN
25,45595,34,493.16,622.94,BENIGN
25,18367,57,674.52,998.66,BENIGN
53,168,145,792.47,79.64,DDoS
80,94923,27,772.56,683.85,BENIGN
443,191,153,1079.85,14.43,DDoS
25,20167,6,422.31,915.72,BENIGN
8080,29381,62,82.4,681.29,BENIGN
22,22128,31,552.35,926.18,BENIGN
25,60775,27,234.46,385.37,BENIGN
80,544,167,1432.85,15.14,DDoS
8080,47711,70,807.59,789.87,BENIGN
22,21855,12,493.61,295.52,BENIGN
8080,14119,8,518.82,359.73,BENIGN
443,70175,16,824.26,803.03,BENIGN
21,24769,72,143.29,821.54,BENIGN
22,38395,18,710.82,22.03,BENIGN
22,674,230,1296.17,71.45,DDoS
22,41461,26,201.32,572.56,BENIGN
443,79091,57,149.75,32.33,BENIGN
22,190,154,818.65,62.01,DDoS
80,4200,79,594.88,687.07,BENIGN
25,30487,15,363.51,237.12,BENIGN
22,4,248,1112.62,63.71,DDoS
53,41079,33,452.9,254.33,BENIGN
80,64693,16,810.21,101.89,BENIGN
8080,65980,80,737.61,943.59,BENIGN
443,7533,19,300.83,129.26,BENIGN
53,62703,21,896.9,305.06,BENIGN
53,5891,57,370.15,591.25,BENIGN
8080,19788,70,221.03,108.22,BENIGN
25,65619,65,535.59,124.61,BENIGN
80,14970,69,81.55,384.99,BENIGN
80,770,116,1073.42,31.19,DDoS
53,228,104,1011.17,27.16,DDoS
443,4211,5,56.64,398.22,BENIGN
8080,62797,40,245.67,783.15,BENIGN
22,72917,35,777.55,462.01,BENIGN
443,98660,70,271.76,911.58,BENIGN
3306,30736,7,836.26,125.01,BENIGN
443,71248,21,205.12,209.82,BENIGN
53,44280,15,120.3,603.84,BENIGN
80,98509,27,861.33,725.68,BENIGN
3306,157,139,1052.53,29.03,DDoS
25,89263,38,519.01,934.03,BENIGN
53,20976,74,177.37,295.72,BENIGN
3306,45127,36,465.11,238.09,BENIGN
443,305,174,983.12,47.61,DDoS
22,51446,44,233.76,999.06,BENIGN
21,21782,27,419.23,988.41,BENIGN
3306,463,178,1296.28,10.05,DDoS
25,52097,10,463.99,651.14,BENIGN
21,47617,43,848.13,761.01,BENIGN
53,709,91,988.02,62.54,DDoS
53,376,153,1183.43,42.59,DDoS
22,64214,11,570.95,943.82,BENIGN
3306,6243,25,289.44,755.72,BENIGN
25,30113,9,133.33,65.46,BENIGN
8080,31743,73,558.56,201.43,BENIGN
8080,287,287,846.85,0.39,DDoS
21,29006,60,565.52,793.17,BENIGN
3306,72835,4,496.85,521.49,BENIGN
8080,47175,65,594.61,950.59,BENIGN
8080,35460,72,425.57,770.22,BENIGN
25,35071,18,340.52,306.6,BENIGN
80,749,276,1378.52,17.04,DDoS
25,43810,52,483.01,593.49,BENIGN
8080,9091,58,489.35,648.06,BENIGN
25,24764,41,240.01,764.18,BENIGN
80,557,299,1023.24,35.13,DDoS
21,49907,14,132.47,955.11,BENIGN
22,90040,21,730.98,424.47,BENIGN
53,476,166,836.86,35.13,DDoS
80,742,117,1282.55,49.82,DDoS
3306,25973,41,103.42,771.05,BENIGN
8080,60296,8,354.96,818.36,BENIGN
22,386,99,877.01,50.5,DDoS
21,827,184,918.87,77.21,DDoS
25,21671,73,754.89,663.37,BENIGN
80,217,189,1094.45,42.45,DDoS
22,158,261,1284.0,61.85,DDoS
21,6217,10,865.84,466.94,BENIGN
80,99359,32,856.66,494.85,BENIGN
443,70340,34,394.41,469.69,BENIGN
25,488,284,1258.43,38.06,DDoS
443,55545,74,723.4,458.48,BENIGN
25,41570,53,836.77,102.65,BENIGN
3306,653,235,1429.68,65.19,DDoS
80,1212,77,632.57,73.95,BENIGN
53,49548,51,367.9,869.22,BENIGN
3306,13288,1,492.92,351.96,BENIGN
25,42,81,1099.7,66.35,DDoS
53,769,115,805.93,9.34,DDoS
22,81484,6,314.02,847.97,BENIGN
443,780,219,1426.93,58.72,DDoS
21,96195,76,136.24,787.24,BENIGN
3306,81739,67,814.86,846.23,BENIGN
443,289,237,943.93,6.53,DDoS
3306,31064,23,520.43,748.81,BENIGN
3306,34723,18,824.41,918.74,BENIGN
3306,16930,56,423.62,126.38,BENIGN
25,3590,20,738.96,268.12,BENIGN
3306,42437,42,70.99,173.91,BENIGN
53,923,263,766.9,41.46,DDoS
53,43676,34,587.4,69.39,BENIGN
8080,81961,43,41.7,882.53,BENIGN
21,667,276,810.65,17.22,DDoS
53,30772,15,607.14,636.77,BENIGN
25,510,111,1375.09,76.94,DDoS
53,18,182,772.08,16.51,DDoS
53,2880,31,131.05,533.53,BENIGN
25,37709,40,485.53,183.87,BENIGN
25,73697,2,469.14,211.4,BENIGN
21,627,190,884.31,55.84,DDoS
3306,52302,58,691.57,448.25,BENIGN
80,83938,21,854.7,714.88,BENIGN
21,80946,77,100.26,981.13,BENIGN
25,126,186,938.24,79.81,DDoS
21,43038,65,769.89,738.25,BENIGN
8080,62312,60,656.59,135.68,BENIGN
25,15583,45,209.87,183.97,BENIGN
22,84310,23,488.17,851.93,BENIGN
53,23744,60,700.06,437.72,BENIGN
21,17789,64,780.67,773.11,BENIGN
21,57144,40,334.78,289.63,BENIGN
80,738,87,824.26,8.01,DDoS
3306,55488,42,690.85,894.64,BENIGN
8080,27377,71,891.46,188.76,BENIGN
53,33615,40,718.94,346.24,BENIGN
8080,397,186,1111.76,12.95,DDoS
3306,836,173,1316.29,53.67,DDoS
53,88102,1,876.95,978.22,BENIGN
80,15816,26,240.17,642.85,BENIGN
443,81149,10,814.17,678.55,BENIGN
80,14015,40,793.92,132.9,BENIGN
443,652,177,1370.18,16.95,DDoS
21,22031,71,103.05,371.03,BENIGN
3306,45286,5,536.1,82.92,BENIGN
25,902,243,991.43,29.53,DDoS
53,16829,48,95.34,662.43,BENIGN
443,9142,4,594.24,857.86,BENIGN
80,37,115,1067.54,18.02,DDoS
3306,45026,51,526.64,163.12,BENIGN
22,73562,2,757.42,535.62,BENIGN
22,22621,51,736.47,428.84,BENIGN
443,90,159,897.19,59.73,DDoS
22,79214,65,783.55,882.31,BENIGN
443,37217,14,268.88,977.23,BENIGN
21,138,231,876.59,63.53,DDoS
21,96752,49,804.2,295.66,BENIGN
22,854,266,1105.01,59.68,DDoS
21,93887,18,633.85,731.73,BENIGN
21,7699,46,497.78,663.51,BENIGN
21,501,166,806.87,40.66,DDoS
53,86418,40,327.01,614.98,BENIGN
53,25528,37,332.29,698.1,BENIGN
21,156,111,717.06,9.02,DDoS
3306,16525,15,694.52,840.09,BENIGN
8080,37669,48,219.52,744.13,BENIGN
8080,58695,80,509.9,396.65,BENIGN
3306,609,125,1379.67,17.2,DDoS
22,96811,2,67.97,678.24,BENIGN
8080,97761,45,850.4,602.95,BENIGN
53,84833,48,384.27,222.02,BENIGN
25,88581,28,130.74,820.8,BENIGN
8080,544,264,1372.22,64.54,DDoS
443,756,288,793.58,35.59,DDoS
22,684,132,991.87,15.69,DDoS
21,853,224,1205.58,9.95,DDoS
3306,594,159,949.17,44.26,DDoS
25,10164,59,841.36,246.36,BENIGN
22,46683,66,625.54,102.15,BENIGN
8080,803,290,922.88,71.73,DDoS
53,44358,56,176.78,910.44,BENIGN
3306,805,151,859.29,62.3,DDoS
3306,11806,20,40.17,607.48,BENIGN
3306,677,216,1228.97,56.29,DDoS
53,88378,61,454.01,120.84,BENIGN
25,810,115,737.71,47.19,DDoS
8080,5735,50,362.93,600.93,BENIGN
53,97051,70,309.81,858.16,BENIGN
8080,75104,36,290.53,431.96,BENIGN
22,27930,13,698.64,102.12,BENIGN
8080,41917,4,186.33,753.55,BENIGN
80,403,263,1254.55,62.8,DDoS
3306,33744,22,238.57,381.94,BENIGN
8080,888,123,815.69,52.73,DDoS
8080,53294,12,211.37,897.12,BENIGN
22,82280,66,861.09,96.96,BENIGN
21,90340,42,859.78,321.76,BENIGN
80,1521,60,595.33,786.91,BENIGN
25,97742,63,443.23,305.19,BENIGN
21,56064,45,786.32,511.4,BENIGN
22,206,273,840.02,29.35,DDoS
22,93509,56,209.29,345.87,BENIGN
25,91112,65,739.72,415.79,BENIGN
80,192,291,1425.05,26.92,DDoS
3306,57057,55,78.37,398.82,BENIGN
8080,3527,66,845.39,717.6,BENIGN
80,56163,66,570.0,385.0,BENIGN
22,18818,50,696.39,269.55,BENIGN
443,665,261,907.75,14.45,DDoS
21,201,225,1048.76,22.68,DDoS
8080,77423,50,83.07,25.24,BENIGN
53,8,211,1090.62,31.0,DDoS
443,607,135,1268.74,46.54,DDoS
25,11646,73,121.78,600.57,BENIGN
443,81000,69,450.97,611.85,BENIGN
8080,3,104,1378.13,76.41,DDoS
8080,60847,54,680.24,120.5,BENIGN
3306,730,192,1246.94,25.55,DDoS
3306,135,158,1177.68,6.92,DDoS
22,173,210,785.88,63.68,DDoS
3306,45170,11,459.24,499.45,BENIGN
443,867,237,1314.2,36.87,DDoS
22,119,141,960.92,57.06,DDoS
25,89652,55,728.09,787.75,BENIGN
22,65468,55,606.95,81.36,BENIGN
53,43007,56,687.97,435.38,BENIGN
443,51249,28,552.68,466.65,BENIGN
8080,34008,69,636.18,425.14,BENIGN
22,38660,16,241.48,347.07,BENIGN
21,412,83,1270.89,24.89,DDoS
25,43698,58,299.31,750.0,BENIGN
8080,40920,33,503.41,132.6,BENIGN
25,29530,79,883.3,666.33,BENIGN
53,916,164,1424.4,40.81,DDoS
25,37634,6,813.88,364.33,BENIGN
443,349,96,866.4,61.13,DDoS
80,72494,54,317.97,429.76,BENIGN
3306,91404,29,509.14,793.42,BENIGN
25,81,138,946.34,13.23,DDoS
22,35553,12,61.94,381.27,BENIGN
53,81068,80,852.1,433.15,BENIGN
3306,21578,6,793.96,821.63,BENIGN
22,80545,30,224.04,388.34,BENIGN
25,60525,33,307.8,113.06,BENIGN
21,27604,75,443.44,139.56,BENIGN
443,69127,24,888.18,73.87,BENIGN
21,37,239,1288.59,26.83,DDoS
53,63567,15,830.78,495.92,BENIGN
53,7944,28,108.57,30.55,BENIGN
21,58093,47,122.94,947.25,BENIGN
25,67686,66,468.61,907.84,BENIGN
21,46830,65,578.12,730.82,BENIGN
8080,61980,75,450.3,116.97,BENIGN
443,61044,78,764.65,428.4,BENIGN
80,50227,76,649.29,941.26,BENIGN
8080,13639,3,503.46,656.31,BENIGN
22,18419,64,616.72,962.92,BENIGN
3306,72040,78,531.32,315.64,BENIGN
22,192,178,1451.46,26.48,DDoS
80,42530,18,264.91,114.71,BENIGN
80,97250,57,898.02,386.44,BENIGN
22,222,166,842.23,45.03,DDoS
25,58310,7,253.89,989.72,BENIGN
3306,91354,10,894.69,549.14,BENIGN
53,99981,76,450.95,315.0,BENIGN
3306,72138,57,382.65,160.61,BENIGN
25,54893,63,364.0,131.26,BENIGN
22,44944,39,582.68,415.95,BENIGN
21,739,138,1489.71,9.64,DDoS
22,90647,39,520.29,838.24,BENIGN
8080,33115,9,193.3,985.09,BENIGN
8080,591,90,949.45,77.79,DDoS
53,287,106,1481.65,36.09,DDoS
21,188,142,1338.58,57.83,DDoS
22,307,289,1206.8,24.91,DDoS
25,127,285,1110.06,71.89,DDoS
3306,22292,10,693.29,787.99,BENIGN
21,96364,19,867.17,648.96,BENIGN
80,836,106,1096.01,39.66,DDoS
53,83,261,972.52,6.95,DDoS
8080,3593,63,628.12,433.39,BENIGN
53,281,255,748.29,69.31,DDoS
3306,11524,80,814.29,705.11,BENIGN
8080,13067,79,380.9,188.27,BENIGN
8080,496,93,1491.26,25.31,DDoS
3306,67511,56,180.1,774.75,BENIGN
25,68045,48,638.82,459.58,BENIGN
25,126,125,752.67,47.26,DDoS
443,65573,49,660.33,488.71,BENIGN
25,84484,2,41.24,187.84,BENIGN
3306,22079,36,303.23,199.38,BENIGN
21,26684,1,641.48,30.42,BENIGN
25,66629,6,401.24,787.43,BENIGN
8080,854,224,946.01,47.74,DDoS
3306,72145,39,556.91,520.98,BENIGN
22,92590,23,46.63,727.26,BENIGN
3306,567,299,1445.18,40.1,DDoS
22,482,173,997.73,79.06,DDoS
8080,38610,42,456.34,699.78,BENIGN
8080,29097,1,538.79,275.45,BENIGN
21,27885,3,823.48,129.39,BENIGN
53,355,197,996.51,20.69,DDoS
3306,403,158,1301.97,55.38,DDoS
80,75972,36,760.94,328.9,BENIGN
25,31463,13,286.36,578.71,BENIGN
3306,56297,23,165.12,664.53,BENIGN
3306,1319,26,882.84,169.18,BENIGN
80,64083,9,92.34,161.6,BENIGN
3306,36761,15,580.91,662.14,BENIGN
3306,628,202,1182.44,52.64,DDoS
22,81322,26,251.36,211.78,BENIGN
25,839,189,1143.13,16.82,DDoS
3306,69420,75,720.19,166.66,BENIGN
25,28576,72,788.67,445.01,BENIGN
3306,46690,24,678.79,264.49,BENIGN
22,492,219,1479.93,18.63,DDoS
53,15943,75,559.12,44.56,BENIGN
21,79227,52,66.21,213.03,BENIGN
21,181,232,1426.96,62.4,DDoS
80,71933,51,438.78,997.64,BENIGN
3306,190,216,770.54,4.53,DDoS
25,98124,57,733.62,547.53,BENIGN
25,88908,30,643.06,492.51,BENIGN
443,80797,6,348.64,584.7,BENIGN
3306,514,281,1159.33,45.48,DDoS
8080,221,257,1088.73,3.43,DDoS
21,19387,50,140.92,715.0,BENIGN
21,570,257,1077.79,15.02,DDoS
21,80384,15,568.14,827.35,BENIGN
443,28718,19,539.08,41.01,BENIGN
8080,996,200,845.99,37.37,DDoS
8080,63364,19,734.88,667.31,BENIGN
80,2473,60,160.29,930.17,BENIGN
22,67600,46,491.22,875.62,BENIGN
3306,445,255,1446.28,45.48,DDoS
21,85524,41,633.47,931.18,BENIGN
21,632,87,948.37,60.44,DDoS
8080,95481,78,459.49,287.75,BENIGN
8080,31782,49,763.15,626.25,BENIGN
80,64874,64,660.57,582.39,BENIGN
25,19667,20,178.2,703.68,BENIGN
3306,96743,11,690.33,337.28,BENIGN
80,11,117,1097.42,10.86,DDoS
80,63423,54,732.24,983.95,BENIGN
3306,91936,73,249.18,546.77,BENIGN
8080,111,144,986.68,69.67,DDoS
80,16337,56,483.52,875.29,BENIGN
80,510,167,1397.88,4.37,DDoS
443,46610,47,495.58,928.79,BENIGN
22,77732,21,783.86,869.3,BENIGN
8080,967,191,970.97,16.97,DDoS
21,761,217,1488.49,24.73,DDoS
22,82513,74,534.15,662.84,BENIGN
3306,74925,77,211.2,939.01,BENIGN
443,325,191,1167.04,46.98,DDoS
80,358,268,1227.44,61.11,DDoS
443,2706,56,747.11,224.49,BENIGN
443,19373,67,772.37,305.44,BENIGN
443,9368,59,751.6,981.87,BENIGN
22,70516,19,99.55,327.69,BENIGN
3306,18689,65,535.61,940.39,BENIGN
53,566,153,745.13,11.56,DDoS
80,42997,50,783.36,568.44,BENIGN
443,585,104,819.82,32.67,DDoS
8080,763,215,1153.81,26.08,DDoS
443,72818,35,274.21,35.14,BENIGN
3306,47295,40,434.79,629.76,BENIGN
25,657,296,1453.69,54.99,DDoS
25,41115,68,445.86,349.53,BENIGN
22,4597,7,756.97,404.65,BENIGN
21,279,240,1013.07,8.65,DDoS
443,142,295,1411.65,62.4,DDoS
22,44847,7,398.66,635.81,BENIGN
3306,8247,47,65.02,361.93,BENIGN
8080,660,175,1256.99,34.26,DDoS
22,63429,74,641.61,263.68,BENIGN
21,500,148,880.6,12.16,DDoS
80,93398,25,320.02,169.36,BENIGN
3306,3395,76,147.28,155.32,BENIGN
21,66154,10,821.98,773.9,BENIGN
21,89549,30,184.77,118.7,BENIGN
80,18140,56,597.31,766.68,BENIGN
25,461,129,1493.62,74.54,DDoS
22,972,299,1331.09,0.59,DDoS
22,13810,34,358.2,179.23,BENIGN
80,28169,40,371.85,804.2,BENIGN
53,68498,57,267.27,170.34,BENIGN
8080,53875,71,377.71,765.2,BENIGN
8080,943,221,732.59,3.97,DDoS
8080,92691,28,508.25,341.07,BENIGN
80,13128,41,271.82,690.91,BENIGN
8080,60514,70,131.62,642.99,BENIGN
25,82395,36,572.53,729.51,BENIGN
21,902,215,1483.9,69.71,DDoS
443,979,155,916.88,32.51,DDoS
8080,34100,15,430.56,54.82,BENIGN
3306,48637,54,765.34,912.49,BENIGN
8080,39075,41,613.66,250.25,BENIGN
3306,29813,64,840.8,506.36,BENIGN
8080,82039,77,79.17,669.45,BENIGN
53,239,285,1148.84,66.78,DDoS
3306,440,148,1108.3,24.78,DDoS
3306,13673,40,371.04,176.97,BENIGN
3306,29563,43,502.25,78.61,BENIGN
22,27314,12,606.1,100.42,BENIGN
22,354,190,790.95,8.74,DDoS
80,22476,63,475.81,485.32,BENIGN
25,851,227,1330.98,35.65,DDoS
22,82342,15,455.02,392.66,BENIGN
3306,74081,21,797.77,359.32,BENIGN
21,87707,26,143.3,641.9,BENIGN
25,40899,2,493.84,321.3,BENIGN
25,200,236,1081.34,45.98,DDoS
25,46509,53,333.73,495.4,BENIGN
80,51445,16,475.84,258.06,BENIGN
53,337,111,769.06,3.01,DDoS
8080,42055,10,543.12,950.12,BENIGN
443,378,113,1111.1,34.56,DDoS
21,1794,9,868.01,848.0,BENIGN
25,50,292,1220.07,30.45,DDoS
443,40883,40,319.87,999.34,BENIGN
8080,24490,3,122.88,372.22,BENIGN
21,58066,14,366.46,946.2,BENIGN
8080,63132,30,201.5,436.95,BENIGN
21,1944,80,116.22,281.79,BENIGN
443,3044,80,44.96,129.05,BENIGN
443,87112,39,817.11,119.63,BENIGN
443,37670,75,777.15,658.48,BENIGN
22,72124,63,777.43,395.99,BENIGN
25,180,232,1015.23,58.12,DDoS
80,71136,33,247.47,530.05,BENIGN
3306,71894,40,495.34,860.44,BENIGN
22,86477,3,747.93,612.06,BENIGN
80,41859,50,276.91,353.58,BENIGN
80,387,251,702.06,28.61,DDoS
80,68059,11,761.23,489.82,BENIGN
80,182,206,1210.52,30.21,DDoS
53,60897,24,183.04,786.52,BENIGN
3306,628,299,959.18,20.94,DDoS
3306,912,91,965.56,3.85,DDoS
8080,28635,42,765.28,181.02,BENIGN
8080,35101,76,217.19,966.03,BENIGN
8080,28422,73,442.68,206.04,BENIGN
8080,13654,25,622.26,359.79,BENIGN
3306,39794,19,401.9,640.79,BENIGN
80,80962,72,575.05,469.22,BENIGN
80,92836,41,117.15,661.63,BENIGN
3306,298,103,1332.9,48.64,DDoS
22,57912,47,401.1,722.84,BENIGN
53,92506,47,834.82,887.52,BENIGN
80,44,185,801.73,60.2,DDoS
53,22922,25,487.76,219.57,BENIGN
22,71486,77,314.51,581.66,BENIGN
53,21396,42,94.86,492.94,BENIGN
8080,24060,77,272.87,456.3,BENIGN
8080,42246,14,179.66,849.08,BENIGN
8080,58100,26,501.02,439.59,BENIGN
8080,60515,8,220.75,740.49,BENIGN
53,643,98,896.31,51.52,DDoS
25,47718,27,591.26,686.68,BENIGN
443,309,153,1289.67,17.16,DDoS
21,89591,43,688.89,464.99,BENIGN
22,82059,55,801.59,971.17,BENIGN
53,48450,20,359.62,300.63,BENIGN
22,961,167,1251.4,74.56,DDoS
443,47133,9,461.56,686.67,BENIGN
3306,431,297,717.0,62.9,DDoS
53,99149,33,444.39,963.24,BENIGN
8080,55423,14,54.78,65.5,BENIGN
80,28962,3,179.61,892.35,BENIGN
22,77300,44,866.61,124.48,BENIGN
3306,611,211,879.57,15.28,DDoS
21,13939,34,879.51,936.77,BENIGN
22,83301,18,394.72,999.15,BENIGN
21,271,161,862.33,37.98,DDoS
80,35953,42,147.19,625.51,BENIGN
25,65715,71,470.04,51.6,BENIGN
443,89997,16,589.43,766.32,BENIGN
53,433,217,938.81,15.66,DDoS
3306,195,166,984.26,21.5,DDoS
80,28213,25,656.85,826.0,BENIGN
22,12344,5,793.69,855.7,BENIGN
25,33419,23,212.22,557.23,BENIGN
8080,45373,18,430.5,988.24,BENIGN
25,58283,21,581.8,26.46,BENIGN
22,338,189,927.35,79.0,DDoS
80,82596,79,693.47,543.39,BENIGN
443,79604,48,50.71,701.95,BENIGN
3306,75645,74,561.76,232.98,BENIGN
443,75644,16,802.75,635.11,BENIGN
25,280,179,794.17,18.76,DDoS
80,5733,19,288.6,375.04,BENIGN
8080,533,274,1017.16,17.42,DDoS
25,28622,43,215.76,182.5,BENIGN
53,67151,76,559.9,420.23,BENIGN
3306,70866,48,739.57,836.66,BENIGN
443,92,178,829.25,5.36,DDoS
3306,47469,11,302.04,623.44,BENIGN
22,81430,52,671.29,690.72,BENIGN
22,81,84,971.93,35.12,DDoS
80,955,132,1244.26,79.86,DDoS
25,44324,74,396.34,566.08,BENIGN
8080,72828,50,564.45,615.75,BENIGN
21,27713,33,815.39,204.57,BENIGN
21,788,165,833.65,8.11,DDoS
3306,6947,55,159.49,969.56,BENIGN
443,565,91,1245.7,3.82,DDoS
443,42545,16,726.43,315.94,BENIGN
80,367,281,747.67,27.89,DDoS
22,89408,35,452.11,287.3,BENIGN
3306,931,136,1326.88,20.37,DDoS
53,54992,39,428.92,333.86,BENIGN
22,717,227,1291.84,14.26,DDoS
3306,2718,38,148.78,45.64,BENIGN
25,38116,36,158.88,679.24,BENIGN
3306,70195,44,686.26,202.03,BENIGN
3306,66944,23,56.48,115.94,BENIGN
443,22687,20,303.73,979.86,BENIGN
443,35034,21,710.24,546.16,BENIGN
25,1209,21,46.89,766.61,BENIGN
80,80612,56,619.71,370.79,BENIGN
8080,82624,10,104.33,354.75,BENIGN
443,451,94,808.22,67.65,DDoS
22,66386,77,447.6,540.76,BENIGN
22,479,275,1082.88,27.65,DDoS
8080,26993,60,114.32,155.59,BENIGN
8080,31201,31,235.36,27.25,BENIGN
53,45127,49,534.83,811.71,BENIGN
21,939,97,852.68,72.5,DDoS
443,366,103,1175.88,40.25,DDoS
21,21694,19,394.54,443.71,BENIGN
21,905,134,714.09,70.44,DDoS
22,85152,40,634.62,135.15,BENIGN
3306,656,167,856.79,65.59,DDoS
25,12528,27,384.81,430.34,BENIGN
22,44083,11,682.32,315.45,BENIGN
53,218,115,1405.08,54.96,DDoS
8080,96050,24,748.53,603.67,BENIGN
22,94327,33,552.64,418.2,BENIGN
25,42324,71,246.32,648.48,BENIGN
443,88690,78,466.73,979.7,BENIGN
80,57782,37,115.97,212.35,BENIGN
443,43397,36,75.18,322.01,BENIGN
22,2093,58,805.38,34.24,BENIGN
53,66201,3,864.42,657.73,BENIGN
21,14396,3,621.15,142.86,BENIGN
3306,27346,53,843.53,183.79,BENIGN
443,25575,52,854.6,276.27,BENIGN
21,27568,50,458.35,519.48,BENIGN
25,81111,56,451.74,319.66,BENIGN
53,51646,77,481.89,715.07,BENIGN
443,708,139,864.9,10.61,DDoS
53,13403,58,41.0,648.16,BENIGN
25,16810,78,527.34,89.1,BENIGN
21,82669,13,777.11,364.8,BENIGN
25,47489,55,857.76,975.18,BENIGN
22,72397,37,541.52,339.75,BENIGN
3306,4833,54,483.27,200.25,BENIGN
25,580,160,1268.55,5.73,DDoS
80,75135,49,368.98,678.97,BENIGN
53,82349,25,175.9,350.6,BENIGN
80,72717,65,328.09,887.31,BENIGN
80,26064,8,740.0,880.88,BENIGN
25,755,294,1354.51,76.82,DDoS
443,25118,7,158.09,228.32,BENIGN
53,31717,68,577.78,960.44,BENIGN
8080,93042,13,637.04,156.51,BENIGN
80,61908,20,166.56,64.8,BENIGN
8080,754,221,820.08,17.94,DDoS
8080,9862,14,640.92,958.16,BENIGN
25,98176,61,830.64,258.77,BENIGN
25,79854,21,417.54,991.44,BENIGN
25,70920,21,251.44,27.54,BENIGN
21,24900,17,550.11,395.53,BENIGN
3306,44127,14,301.95,692.57,BENIGN
3306,45408,59,272.85,43.17,BENIGN
80,51085,68,95.54,682.42,BENIGN
21,75190,79,578.57,595.86,BENIGN
53,7600,23,764.95,523.65,BENIGN
80,778,81,1114.18,19.01,DDoS
443,38955,11,538.11,558.72,BENIGN
443,92848,57,548.16,264.2,BENIGN
8080,2,196,1302.43,22.37,DDoS
80,37999,37,245.58,875.86,BENIGN
53,75760,72,802.68,965.44,BENIGN
21,1000,246,910.96,74.08,DDoS
3306,12333,49,549.04,979.37,BENIGN
53,36783,8,486.88,535.71,BENIGN
443,86823,55,240.07,255.72,BENIGN
25,15,268,956.11,56.95,DDoS
80,249,201,1028.74,12.7,DDoS
8080,79771,35,145.07,339.78,BENIGN
22,69994,45,111.96,443.01,BENIGN
443,16547,53,283.27,780.82,BENIGN
3306,66592,36,733.09,124.26,BENIGN
80,812,105,1320.84,70.99,DDoS
443,45359,67,704.24,925.24,BENIGN
8080,90803,16,761.59,559.9,BENIGN
443,7970,13,285.3,64.73,BENIGN
8080,256,166,1207.08,47.36,DDoS
53,67879,76,52.68,788.9,BENIGN
443,19426,32,329.47,243.25,BENIGN
25,837,177,1016.17,11.43,DDoS
53,475,215,1416.89,44.38,DDoS
25,525,277,1249.13,36.79,DDoS
443,875,237,859.01,76.35,DDoS
25,686,193,1297.74,27.85,DDoS
21,486,139,1493.1,79.19,DDoS
53,68784,22,849.77,231.26,BENIGN
21,68000,23,307.5,888.24,BENIGN
21,756,139,716.73,60.82,DDoS
25,70799,76,295.14,800.48,BENIGN
22,40363,75,841.56,755.64,BENIGN
443,78430,58,401.02,725.7,BENIGN
22,37275,47,46.22,273.15,BENIGN
443,88375,12,210.37,62.91,BENIGN
3306,880,179,756.43,0.33,DDoS
443,51823,52,518.47,282.28,BENIGN
53,85013,4,840.77,531.76,BENIGN
21,787,213,1434.9,70.83,DDoS
3306,76247,51,559.76,241.8,BENIGN
21,58,163,995.91,11.37,DDoS
25,61451,22,111.33,237.99,BENIGN
22,86213,52,171.34,713.02,BENIGN
3306,1997,35,542.42,922.99,BENIGN
25,97417,21,783.25,86.91,BENIGN
443,58524,8,640.93,402.56,BENIGN
3306,32822,57,155.39,703.6,BENIGN
22,46327,66,848.93,732.11,BENIGN
80,40940,62,73.88,867.15,BENIGN
25,12580,21,755.26,331.28,BENIGN
3306,91826,36,126.72,439.82,BENIGN
3306,60972,13,328.25,777.6,BENIGN
443,16581,18,73.52,504.27,BENIGN
80,710,166,1200.8,61.44,DDoS
8080,584,188,1092.43,47.17,DDoS
3306,187,172,1277.15,27.13,DDoS
3306,11247,45,64.32,718.12,BENIGN
22,25580,45,789.71,615.25,BENIGN
21,71190,7,762.81,429.44,BENIGN
22,99545,2,744.45,220.07,BENIGN
53,78682,78,791.83,844.1,BENIGN
22,18141,16,634.21,23.28,BENIGN
22,77407,70,526.1,232.87,BENIGN
21,1964,7,252.66,933.66,BENIGN
8080,73632,40,756.99,921.47,BENIGN
80,14898,39,76.45,352.36,BENIGN
80,20405,46,427.09,498.67,BENIGN
80,81044,42,565.1,160.16,BENIGN
80,36551,51,205.9,612.54,BENIGN
443,529,275,854.32,41.73,DDoS
22,50858,18,391.37,911.2,BENIGN
3306,92812,25,374.41,456.17,BENIGN
443,60692,59,313.72,605.77,BENIGN
21,89250,24,632.49,630.33,BENIGN
21,93709,70,583.96,472.9,BENIGN
443,89029,34,122.81,155.49,BENIGN
53,59281,61,70.48,57.41,BENIGN
25,45282,44,75.21,441.36,BENIGN
443,557,270,1461.98,69.51,DDoS
3306,58921,67,866.4,721.31,BENIGN
443,30587,74,137.09,585.46,BENIGN
80,58440,36,760.61,99.08,BENIGN
80,14268,31,277.78,630.95,BENIGN
21,28760,71,887.01,752.2,BENIGN
443,41719,3,291.94,193.36,BENIGN
3306,91089,26,724.06,843.87,BENIGN
53,29267,53,610.35,491.89,BENIGN
80,514,249,1156.37,19.35,DDoS
21,41617,51,603.56,297.65,BENIGN
53,9236,6,784.14,601.99,BENIGN
3306,576,187,781.38,36.84,DDoS
22,8502,61,527.0,22.92,BENIGN
21,53008,58,400.66,476.06,BENIGN
8080,16479,12,687.02,231.08,BENIGN
3306,96562,21,313.92,699.26,BENIGN
80,744,240,1176.07,11.4,DDoS
25,777,300,1172.27,56.24,DDoS
80,8183,33,296.12,92.22,BENIGN
3306,90118,31,75.49,909.4,BENIGN
53,66126,48,413.07,805.91,BENIGN
53,3849,21,137.71,332.93,BENIGN
22,74983,3,315.56,470.29,BENIGN
22,658,202,1267.09,56.19,DDoS
25,190,81,1237.42,17.32,DDoS
21,69080,78,206.24,780.56,BENIGN
25,913,203,1433.26,33.64,DDoS
21,50268,50,784.21,338.68,BENIGN
21,16303,38,474.6,173.09,BENIGN
80,64794,57,348.74,870.86,BENIGN
3306,46156,68,331.34,754.82,BENIGN
3306,40229,47,115.47,701.62,BENIGN
53,460,225,893.66,30.87,DDoS
8080,12953,52,337.45,199.92,BENIGN
22,43760,14,114.38,477.58,BENIGN
22,35024,9,275.42,568.59,BENIGN
25,58844,39,422.65,419.44,BENIGN
25,675,264,761.88,77.52,DDoS
443,537,217,1051.07,62.08,DDoS
53,66182,63,791.36,949.98,BENIGN
3306,88472,70,474.74,531.5,BENIGN
21,96738,23,858.41,343.9,BENIGN
8080,62691,69,872.4,415.37,BENIGN
443,415,133,909.49,32.56,DDoS
3306,879,161,1317.52,27.69,DDoS
443,301,98,1241.33,18.68,DDoS
25,82726,7,497.22,834.23,BENIGN
3306,42278,14,831.82,268.4,BENIGN
80,14432,64,52.11,770.93,BENIGN
22,81489,54,438.28,124.88,BENIGN
8080,49443,22,198.22,322.08,BENIGN
21,51573,48,327.97,694.51,BENIGN
8080,95144,63,522.66,966.68,BENIGN
22,42571,15,366.27,253.71,BENIGN
53,163,284,1406.91,57.33,DDoS
443,513,92,747.89,6.58,DDoS
80,33,264,1311.83,42.69,DDoS
8080,44629,47,424.12,496.17,BENIGN
22,154,223,844.38,70.68,DDoS
53,679,260,1499.86,43.98,DDoS
22,55511,50,538.93,731.87,BENIGN
22,367,230,1110.37,0.79,DDoS
25,212,115,1162.1,62.53,DDoS
21,44896,55,161.84,124.89,BENIGN
25,7990,19,263.1,312.88,BENIGN
21,46572,73,505.95,622.19,BENIGN
80,389,182,1443.99,2.25,DDoS
22,998,93,1353.1,11.76,DDoS
21,54147,43,471.75,541.28,BENIGN
25,24258,35,270.41,314.52,BENIGN
22,11761,19,665.97,690.63,BENIGN
80,76919,23,434.34,594.19,BENIGN
80,78187,67,119.16,98.38,BENIGN
53,981,272,759.19,52.47,DDoS
8080,11258,27,369.62,293.31,BENIGN
443,94726,50,615.53,181.87,BENIGN
80,2,276,1129.94,72.48,DDoS
8080,11132,79,86.39,65.32,BENIGN
3306,28,201,893.54,60.81,DDoS
21,32435,21,406.49,956.03,BENIGN
21,56340,35,897.02,234.85,BENIGN
22,19393,28,886.57,553.86,BENIGN
8080,34756,32,424.07,445.98,BENIGN
22,8225,46,511.26,547.3,BENIGN
3306,907,270,922.1,27.3,DDoS
3306,72503,20,159.19,221.91,BENIGN
443,20563,46,859.28,378.38,BENIGN
22,97396,79,184.83,221.88,BENIGN
443,36027,15,149.74,780.04,BENIGN
80,87898,53,427.46,77.32,BENIGN
53,40338,33,811.97,821.76,BENIGN
25,43713,78,868.84,88.01,BENIGN
443,383,286,1303.79,79.6,DDoS
25,28641,15,619.45,147.91,BENIGN
21,325,233,1280.17,34.34,DDoS
21,990,189,1122.66,29.69,DDoS
443,827,83,1340.25,1.17,DDoS
8080,66984,61,156.31,206.6,BENIGN
25,359,88,1370.75,39.27,DDoS
53,399,158,847.41,59.67,DDoS
25,834,121,1443.48,41.3,DDoS
80,65043,32,413.84,425.9,BENIGN
21,75594,64,76.0,655.68,BENIGN
80,96439,15,524.35,416.6,BENIGN
21,29918,31,337.12,160.68,BENIGN
80,23565,10,805.15,864.8,BENIGN
25,1703,6,866.06,59.29,BENIGN
53,17754,8,348.69,148.63,BENIGN
22,590,263,987.49,78.87,DDoS
80,299,188,1006.38,67.94,DDoS
80,886,103,928.81,69.07,DDoS
25,845,170,1417.54,49.11,DDoS
443,927,204,853.16,3.52,DDoS
8080,8639,52,482.81,637.0,BENIGN
25,94974,55,709.8,199.15,BENIGN
22,16875,55,57.11,832.57,BENIGN
53,91271,40,813.75,353.47,BENIGN
22,17599,60,714.75,952.19,BENIGN
8080,21248,36,826.8,667.82,BENIGN
21,84323,41,410.89,313.78,BENIGN
3306,62185,51,704.99,933.72,BENIGN
21,54966,79,776.95,137.7,BENIGN
21,9,84,704.04,72.32,DDoS
443,217,274,1452.62,35.49,DDoS
21,501,267,778.1,60.63,DDoS
53,196,126,817.82,67.77,DDoS
22,30255,62,407.65,775.19,BENIGN
53,892,133,1276.54,21.49,DDoS
8080,283,110,1076.57,32.39,DDoS
3306,58290,11,76.38,658.46,BENIGN
8080,613,102,1381.96,9.81,DDoS
53,85426,35,469.64,757.11,BENIGN
22,40502,66,611.65,103.54,BENIGN
3306,994,230,1213.72,31.11,DDoS
22,12297,41,874.32,360.69,BENIGN
80,85999,3,472.9,383.13,BENIGN
25,44056,13,854.36,227.75,BENIGN
22,97390,71,156.8,208.73,BENIGN
21,282,145,1010.53,74.63,DDoS
443,88506,26,582.67,105.89,BENIGN
21,15305,71,849.25,193.43,BENIGN
3306,758,151,1492.65,36.29,DDoS
25,256,138,1372.78,38.97,DDoS
80,433,172,854.07,3.54,DDoS
25,85,127,1078.39,18.64,DDoS
53,51864,22,596.66,490.89,BENIGN
80,57921,3,298.58,515.33,BENIGN
3306,2400,79,873.89,396.54,BENIGN
443,12133,72,200.71,585.66,BENIGN
80,64021,41,472.29,318.14,BENIGN
22,3930,75,464.02,238.75,BENIGN
3306,203,108,1466.21,46.26,DDoS
53,66745,76,390.93,587.29,BENIGN
3306,16738,61,315.0,406.8,BENIGN
21,42570,36,726.78,960.2,BENIGN
53,23615,4,397.8,830.79,BENIGN
53,45345,44,494.69,255.79,BENIGN
8080,548,95,1231.09,56.64,DDoS
8080,54177,32,258.41,304.05,BENIGN
80,520,212,978.39,18.6,DDoS
22,12199,78,757.06,905.03,BENIGN
53,60344,57,475.22,225.51,BENIGN
22,141,208,763.2,44.55,DDoS
25,12275,63,428.65,111.92,BENIGN
21,45,124,742.62,73.31,DDoS
3306,9657,64,307.38,465.9,BENIGN
443,63092,79,97.06,286.55,BENIGN
80,9148,4,686.43,878.95,BENIGN
22,61,293,1370.55,51.05,DDoS
21,72768,76,55.85,917.39,BENIGN
22,855,281,1316.64,45.66,DDoS
443,595,118,1072.86,39.36,DDoS
21,256,245,1058.63,33.64,DDoS
3306,78,212,1285.15,59.33,DDoS
3306,74515,74,804.96,385.84,BENIGN
22,28047,51,851.85,628.62,BENIGN
25,6832,76,129.67,525.04,BENIGN
443,80070,24,639.72,616.79,BENIGN
22,229,213,1410.4,67.43,DDoS
3306,16897,73,444.29,642.36,BENIGN
3306,72231,10,156.63,415.1,BENIGN
443,51467,74,765.77,874.86,BENIGN
25,60377,4,620.56,512.32,BENIGN
3306,47542,59,831.4,795.43,BENIGN
3306,49648,77,426.93,670.34,BENIGN
25,65283,56,454.86,698.03,BENIGN
80,6142,60,313.57,737.72,BENIGN
53,26184,32,711.09,250.3,BENIGN
22,37575,60,704.2,697.39,BENIGN
53,57885,64,523.65,416.25,BENIGN
80,59557,32,594.51,553.73,BENIGN
21,53774,1,679.74,760.17,BENIGN
25,899,133,808.24,19.88,DDoS
8080,527,284,1051.05,44.84,DDoS
80,169,262,1320.58,75.39,DDoS
8080,44734,64,382.58,761.47,BENIGN
22,511,288,1246.94,35.09,DDoS
443,92090,77,713.98,29.95,BENIGN
443,355,269,925.63,61.83,DDoS
443,577,291,1093.65,71.43,DDoS
21,71940,51,459.67,129.57,BENIGN
53,39423,79,494.45,329.87,BENIGN
22,34567,26,403.34,833.77,BENIGN
80,81869,33,129.76,934.81,BENIGN
3306,60657,23,268.76,515.34,BENIGN
25,8445,11,805.75,261.66,BENIGN
8080,53184,55,425.99,81.76,BENIGN
443,67953,60,142.14,128.98,BENIGN
8080,733,236,1157.82,47.89,DDoS
80,63433,11,822.65,869.08,BENIGN
80,20641,23,107.74,122.54,BENIGN
3306,5240,41,70.05,920.46,BENIGN
443,63086,31,294.01,939.51,BENIGN
21,12533,36,390.63,945.05,BENIGN
8080,12257,24,864.17,862.19,BENIGN
8080,48733,76,104.5,797.94,BENIGN
443,46736,53,389.31,43.04,BENIGN
22,239,211,1029.66,24.62,DDoS
80,8144,58,846.03,276.67,BENIGN
8080,86389,1,95.3,575.32,BENIGN
22,53116,34,436.49,810.92,BENIGN
3306,82961,62,457.48,632.56,BENIGN
22,35700,9,305.69,355.33,BENIGN
21,561,190,919.76,46.72,DDoS
8080,29321,45,828.94,579.33,BENIGN
22,47027,10,756.78,291.74,BENIGN
3306,28349,77,171.94,716.9,BENIGN
3306,48708,13,710.51,220.37,BENIGN
443,7444,5,297.34,662.38,BENIGN
53,440,276,1462.87,72.33,DDoS
22,990,212,912.22,37.76,DDoS
443,590,285,826.59,1.38,DDoS
443,393,299,869.02,45.32,DDoS
53,87352,32,743.68,804.7,BENIGN
22,138,221,1042.8,39.17,DDoS
443,92013,78,185.2,307.22,BENIGN
443,19349,66,701.6,911.91,BENIGN
80,438,124,1396.77,60.65,DDoS
22,934,247,1198.08,21.46,DDoS
25,585,102,1094.85,32.0,DDoS
3306,2031,63,573.35,103.67,BENIGN
53,32083,30,853.5,709.1,BENIGN
22,96899,27,350.78,100.67,BENIGN
8080,57593,22,652.19,552.54,BENIGN
53,95156,40,884.19,704.1,BENIGN
21,95207,4,534.08,121.46,BENIGN
25,12804,55,513.53,541.22,BENIGN
53,11160,69,599.45,304.42,BENIGN
53,13682,52,207.35,147.57,BENIGN
22,69574,56,773.82,299.14,BENIGN
25,31236,19,875.02,179.13,BENIGN
53,34056,21,776.23,215.95,BENIGN
22,52477,66,681.66,175.39,BENIGN
21,351,114,1447.09,62.23,DDoS
21,63497,45,565.48,291.98,BENIGN
443,59036,55,308.48,287.63,BENIGN
8080,470,230,939.64,58.57,DDoS
8080,24921,45,226.56,587.45,BENIGN
21,40178,35,609.97,759.7,BENIGN
8080,122,227,1460.43,29.52,DDoS
25,64284,41,833.0,278.56,BENIGN
443,762,162,1235.04,2.21,DDoS
53,46387,1,129.04,440.22,BENIGN
80,308,129,1227.5,35.89,DDoS
21,81298,37,511.23,486.41,BENIGN
21,599,113,1043.72,27.88,DDoS
22,1761,42,686.27,558.55,BENIGN
80,67678,23,58.34,484.45,BENIGN
80,78852,65,482.4,198.8,BENIGN
53,47716,23,578.46,23.83,BENIGN
21,19900,26,586.28,685.16,BENIGN
443,28732,7,667.59,500.1,BENIGN
53,78002,75,49.66,328.84,BENIGN
53,174,202,1178.15,73.96,DDoS
8080,858,198,1157.74,63.17,DDoS
22,44641,79,634.52,744.41,BENIGN
22,173,190,1331.9,18.56,DDoS
21,7444,71,43.82,655.82,BENIGN
80,2644,30,453.81,543.47,BENIGN
8080,7451,49,506.2,165.45,BENIGN
8080,76484,21,861.65,68.99,BENIGN
8080,12044,24,160.65,862.91,BENIGN
3306,6955,3,868.8,591.71,BENIGN
21,76739,36,829.76,120.74,BENIGN
8080,77376,8,241.85,309.78,BENIGN
25,33519,61,148.22,357.04,BENIGN
80,99938,14,165.55,610.16,BENIGN
21,69306,27,271.4,244.67,BENIGN
25,554,249,1041.11,39.22,DDoS
53,96965,73,633.3,899.39,BENIGN
8080,64557,11,717.37,315.98,BENIGN
25,7765,6,442.25,106.54,BENIGN
80,31432,47,202.24,413.58,BENIGN
8080,640,118,791.52,74.68,DDoS
21,12,166,1302.64,6.93,DDoS
3306,56111,32,743.5,128.02,BENIGN
21,88386,29,506.09,75.34,BENIGN
8080,312,117,1386.61,79.87,DDoS
8080,627,145,1177.93,71.56,DDoS
3306,43630,75,328.79,486.34,BENIGN
3306,434,158,1138.97,22.29,DDoS
25,923,147,718.56,61.16,DDoS
443,581,219,746.47,9.37,DDoS
3306,254,222,831.7,21.9,DDoS
53,394,168,1318.45,77.23,DDoS
8080,11524,66,562.76,663.21,BENIGN
25,513,247,1231.14,68.7,DDoS
25,613,108,977.08,69.8,DDoS
80,85077,28,271.96,610.4,BENIGN
22,30,152,1193.61,3.95,DDoS
443,35,81,1033.12,26.07,DDoS
443,80020,69,643.31,204.44,BENIGN
22,12240,51,444.75,960.27,BENIGN
3306,295,84,1309.8,66.88,DDoS
80,458,168,702.33,45.11,DDoS
80,86915,56,279.16,525.57,BENIGN
25,113,94,1160.18,35.33,DDoS
443,3314,42,560.57,833.06,BENIGN
3306,337,135,1279.46,23.14,DDoS
8080,730,216,856.56,15.06,DDoS
3306,51491,43,260.23,573.41,BENIGN
25,979,210,784.8,11.82,DDoS
443,1947,61,579.84,801.39,BENIGN
3306,93410,31,191.22,99.31,BENIGN
22,3998,63,579.64,534.74,BENIGN
3306,17853,32,869.74,189.35,BENIGN
443,12122,80,599.24,182.11,BENIGN
3306,13910,47,772.11,554.61,BENIGN
21,41771,17,266.4,478.93,BENIGN
80,9008,33,788.04,943.93,BENIGN
8080,80726,57,798.26,329.26,BENIGN
8080,263,156,1399.61,43.61,DDoS
25,75472,46,115.44,403.13,BENIGN
80,994,296,753.37,66.39,DDoS
80,91795,76,862.88,348.03,BENIGN
21,41797,74,403.59,656.18,BENIGN
53,15355,54,340.45,560.62,BENIGN
25,98043,28,722.97,976.63,BENIGN
80,60963,52,375.72,414.27,BENIGN
53,34654,39,196.29,968.02,BENIGN
8080,493,230,1174.98,0.72,DDoS
8080,74061,9,128.12,148.34,BENIGN
80,62970,57,513.57,446.85,BENIGN
3306,97328,66,81.98,120.87,BENIGN
53,471,110,1311.21,33.48,DDoS
22,367,126,1422.93,0.1,DDoS
25,23727,54,335.25,514.84,BENIGN
22,17668,56,124.79,348.76,BENIGN
53,60296,1,110.72,987.55,BENIGN
53,29027,26,595.66,850.86,BENIGN
80,7754,22,318.89,919.18,BENIGN
21,850,265,1019.25,58.74,DDoS
25,97,219,1439.28,79.13,DDoS
22,31467,15,693.75,353.32,BENIGN
22,332,297,1031.77,76.07,DDoS
25,45496,25,630.34,781.12,BENIGN
22,244,176,930.15,12.05,DDoS
3306,34215,47,858.07,477.48,BENIGN
3306,199,246,1189.22,57.49,DDoS
53,165,104,1047.23,78.57,DDoS
80,62125,1,122.26,172.82,BENIGN
8080,45068,63,266.06,816.22,BENIGN
53,99752,48,126.37,121.77,BENIGN
22,39058,2,775.2,96.39,BENIGN
443,78711,39,268.89,703.4,BENIGN
8080,63056,56,673.71,929.38,BENIGN
3306,20731,45,213.4,462.29,BENIGN
25,126,271,809.07,18.25,DDoS
25,91696,35,145.04,979.92,BENIGN
3306,46155,80,660.16,189.27,BENIGN
80,18100,24,291.59,194.7,BENIGN
25,94,183,1493.07,24.89,DDoS
22,97463,46,827.86,814.87,BENIGN
25,83166,21,829.34,84.74,BENIGN
53,58924,2,761.05,973.85,BENIGN
22,96084,8,402.64,481.74,BENIGN
53,7221,15,665.82,111.56,BENIGN
22,10851,6,106.9,620.3,BENIGN
21,402,89,738.44,26.52,DDoS
80,41807,75,332.75,399.32,BENIGN
3306,94069,45,116.49,216.23,BENIGN
8080,28598,61,629.65,197.95,BENIGN
22,76195,24,674.53,28.0,BENIGN
22,24774,40,270.36,552.92,BENIGN
80,65450,53,554.77,730.61,BENIGN
25,63012,52,310.43,229.07,BENIGN
53,73630,73,126.01,435.23,BENIGN
53,87007,38,334.55,251.73,BENIGN
443,10990,52,69.29,519.1,BENIGN
25,72320,16,519.89,162.1,BENIGN
21,696,149,1207.48,63.87,DDoS
21,549,157,1120.21,62.81,DDoS
21,40480,43,109.12,277.23,BENIGN
8080,475,115,1196.51,46.91,DDoS
3306,736,94,1083.72,17.55,DDoS
443,36365,30,817.04,147.05,BENIGN
21,87917,51,139.13,770.79,BENIGN
8080,331,147,993.53,73.91,DDoS
53,44916,74,709.32,839.25,BENIGN
80,55166,60,419.6,863.5,BENIGN
25,576,86,892.96,48.92,DDoS
21,53472,72,379.82,69.85,BENIGN
22,74815,15,742.39,105.47,BENIGN
22,72959,21,484.62,690.39,BENIGN
22,95811,42,51.31,251.51,BENIGN
8080,45528,2,352.39,403.38,BENIGN
443,702,102,912.1,10.65,DDoS
8080,52810,53,178.49,480.09,BENIGN
3306,22241,60,792.97,193.61,BENIGN
443,982,158,915.3,29.01,DDoS
8080,11916,35,549.78,463.34,BENIGN
80,72,155,907.67,59.97,DDoS
21,330,163,927.13,63.98,DDoS
53,144,98,1426.02,77.93,DDoS
21,74379,13,215.85,145.58,BENIGN
8080,898,235,896.04,44.29,DDoS
22,4119,73,643.21,660.65,BENIGN
80,169,263,1463.6,24.7,DDoS
25,437,184,1432.48,47.37,DDoS
3306,892,215,861.06,43.8,DDoS
3306,93732,53,425.6,79.16,BENIGN
80,79425,62,459.46,341.19,BENIGN
3306,25285,47,612.53,605.74,BENIGN
443,19496,12,226.95,345.77,BENIGN
443,166,166,877.4,54.77,DDoS
21,399,189,1165.19,37.2,DDoS
8080,57974,39,289.8,226.32,BENIGN
53,188,110,759.23,58.17,DDoS
8080,99911,64,195.27,891.94,BENIGN
8080,30766,21,126.71,814.26,BENIGN
8080,47110,41,40.69,399.76,BENIGN
21,49154,2,343.27,532.4,BENIGN
3306,56,198,827.18,78.82,DDoS
22,77017,20,722.25,829.83,BENIGN
3306,51874,65,537.51,34.25,BENIGN
8080,964,276,1411.4,57.9,DDoS
21,41847,26,67.51,191.19,BENIGN
3306,106,145,1394.51,61.23,DDoS
22,86538,57,55.36,645.22,BENIGN
21,93464,18,810.64,64.18,BENIGN
8080,7939,24,598.86,307.93,BENIGN
25,75727,79,896.36,610.06,BENIGN
443,7180,34,476.72,593.98,BENIGN
80,98145,46,783.28,187.25,BENIGN
25,69513,37,584.37,322.15,BENIGN
25,14691,34,45.46,521.99,BENIGN
25,64958,74,693.08,850.16,BENIGN
3306,625,230,1364.07,10.7,DDoS
22,468,241,1314.32,2.71,DDoS
21,691,83,946.52,38.22,DDoS
22,31114,2,711.4,697.75,BENIGN
21,62727,77,126.05,120.43,BENIGN
53,66704,39,159.18,881.83,BENIGN
25,60863,36,128.12,349.4,BENIGN
21,54493,49,696.46,451.95,BENIGN
3306,27997,57,127.14,310.61,BENIGN
443,13372,52,732.4,381.67,BENIGN
53,41725,10,818.78,135.32,BENIGN
21,65315,71,180.99,418.63,BENIGN
22,178,163,770.24,9.8,DDoS
53,674,285,1447.66,41.87,DDoS
21,75922,9,272.08,72.16,BENIGN
53,47,286,765.33,36.27,DDoS
21,92785,72,120.19,327.05,BENIGN
3306,13645,76,788.05,288.61,BENIGN
80,191,269,754.19,20.6,DDoS
53,35426,62,684.6,518.75,BENIGN
25,45,229,844.35,41.39,DDoS
25,36287,25,392.36,302.34,BENIGN
53,89716,40,623.89,79.54,BENIGN
443,645,161,1359.11,52.93,DDoS
3306,80502,17,832.79,21.47,BENIGN
53,75935,59,168.25,788.02,BENIGN
443,95393,67,597.24,976.82,BENIGN
3306,91739,31,218.95,974.51,BENIGN
21,46928,30,540.67,947.07,BENIGN
80,72950,23,529.84,661.07,BENIGN
8080,52037,77,471.39,957.25,BENIGN
21,1252,20,427.63,216.16,BENIGN
3306,73375,36,571.44,310.16,BENIGN
21,61004,77,87.5,300.62,BENIGN
8080,31728,63,584.36,183.4,BENIGN
80,57530,3,810.47,774.87,BENIGN
22,90582,67,166.04,958.84,BENIGN
53,609,200,1129.07,33.7,DDoS
53,83033,35,402.86,638.9,BENIGN
53,153,126,1462.07,9.68,DDoS
443,53261,80,57.96,798.96,BENIGN
22,23875,20,235.77,504.99,BENIGN
21,142,148,757.12,61.54,DDoS
80,68600,28,518.33,935.44,BENIGN
21,72208,75,597.44,285.61,BENIGN
53,88878,22,224.57,956.45,BENIGN
21,436,273,1386.23,31.62,DDoS
25,11627,6,477.15,111.93,BENIGN
22,20229,15,246.3,242.24,BENIGN
8080,94805,23,109.39,274.76,BENIGN
21,34732,58,152.85,488.51,BENIGN
21,68623,79,829.81,644.27,BENIGN
21,34324,22,821.37,664.48,BENIGN
25,27298,5,227.81,268.0,BENIGN
8080,85902,7,491.21,787.62,BENIGN
21,30139,19,671.43,756.72,BENIGN
80,53449,1,754.43,786.19,BENIGN
25,500,142,1463.94,59.73,DDoS
8080,67551,46,540.14,452.93,BENIGN
443,96314,41,442.31,249.68,BENIGN
22,514,134,1099.05,77.62,DDoS
53,33328,69,662.1,992.23,BENIGN
21,89460,8,320.81,602.26,BENIGN
25,389,275,783.8,48.95,DDoS
443,21105,6,436.82,639.34,BENIGN
80,901,227,1338.06,28.25,DDoS
53,773,196,962.18,9.27,DDoS
22,59538,20,86.76,486.39,BENIGN
80,9341,15,423.74,645.3,BENIGN
3306,60594,59,790.35,490.32,BENIGN
80,55871,59,655.31,869.17,BENIGN
80,805,261,1092.76,9.96,DDoS
25,69074,66,84.99,37.78,BENIGN
21,770,227,1378.99,17.53,DDoS
80,2272,72,224.39,316.59,BENIGN
25,16782,41,647.9,794.21,BENIGN
22,632,240,855.3,62.18,DDoS
80,195,272,995.34,16.46,DDoS
22,58805,29,134.03,933.06,BENIGN
80,36463,71,813.39,634.41,BENIGN
443,81798,70,468.83,377.68,BENIGN
25,30920,18,637.01,649.3,BENIGN
25,538,89,1197.55,11.46,DDoS
3306,28612,74,120.96,58.21,BENIGN
21,975,189,1364.39,44.94,DDoS
80,30173,70,94.68,399.76,BENIGN
21,559,180,1083.74,37.42,DDoS
3306,34606,35,749.82,594.87,BENIGN
8080,84,90,784.63,21.02,DDoS
53,331,165,1410.29,18.28,DDoS
80,69868,64,156.59,513.1,BENIGN
22,17,113,829.09,58.54,DDoS
53,64543,48,176.08,693.5,BENIGN
53,64852,19,247.59,867.98,BENIGN
22,38641,9,666.28,396.03,BENIGN
53,55781,60,417.65,378.08,BENIGN
53,61964,57,440.9,660.42,BENIGN
21,54397,4,343.18,708.41,BENIGN
3306,96783,43,589.04,451.56,BENIGN
80,81446,49,721.46,247.62,BENIGN
3306,83012,77,473.41,111.97,BENIGN
3306,21747,79,148.21,111.49,BENIGN
22,52064,3,320.05,761.01,BENIGN
443,12192,2,60.07,492.49,BENIGN
22,16324,67,755.32,173.35,BENIGN
25,84803,33,100.8,549.19,BENIGN
80,28233,24,199.93,75.42,BENIGN
22,31262,80,619.69,177.68,BENIGN
21,85995,38,791.33,279.79,BENIGN
21,38119,62,854.59,454.81,BENIGN
53,39032,37,725.47,820.12,BENIGN
25,10938,59,308.16,419.88,BENIGN
3306,59897,73,702.81,750.78,BENIGN
80,698,277,1000.74,17.5,DDoS
53,26044,58,363.22,825.75,BENIGN
22,934,87,1135.68,41.42,DDoS
80,79657,9,192.04,983.11,BENIGN
443,966,121,1418.63,17.38,DDoS
443,48885,56,451.3,52.93,BENIGN
3306,23460,22,650.07,760.82,BENIGN
22,26165,41,400.59,801.05,BENIGN
21,39090,30,459.06,199.62,BENIGN
21,4678,13,785.59,367.74,BENIGN
80,6653,34,251.19,65.64,BENIGN
53,66579,16,171.99,491.84,BENIGN
3306,57497,60,481.24,45.49,BENIGN
25,23215,77,681.34,69.2,BENIGN
25,46916,11,223.28,427.55,BENIGN
21,70526,15,300.64,659.95,BENIGN
3306,65836,73,568.64,999.18,BENIGN
21,833,163,754.63,12.27,DDoS
21,82470,55,341.24,793.56,BENIGN
21,6139,48,845.07,548.78,BENIGN
8080,84076,75,768.83,700.13,BENIGN
443,49,293,1069.44,69.16,DDoS
25,22573,18,782.81,891.02,BENIGN
8080,7201,17,821.94,349.6,BENIGN
443,678,120,1408.91,14.77,DDoS
8080,36268,37,622.61,578.7,BENIGN
8080,82945,2,252.65,33.09,BENIGN
53,44291,33,712.19,480.03,BENIGN
22,82098,49,419.89,495.25,BENIGN
80,983,193,955.47,6.44,DDoS
80,411,189,844.81,60.38,DDoS
21,2706,78,637.3,839.33,BENIGN
25,28344,60,659.42,186.43,BENIGN
443,66474,50,275.83,34.72,BENIGN
21,84154,46,301.19,44.87,BENIGN
443,81143,47,368.8,38.94,BENIGN
21,74453,39,101.01,646.42,BENIGN
53,71483,29,759.88,718.86,BENIGN
53,139,294,1174.7,78.04,DDoS
443,87923,63,705.01,880.58,BENIGN
3306,25822,54,574.62,927.1,BENIGN
8080,71632,33,376.83,52.6,BENIGN
21,235,166,1236.45,8.39,DDoS
22,11536,57,178.03,930.69,BENIGN
80,555,252,1359.14,26.13,DDoS
443,774,144,1057.49,47.33,DDoS
53,56290,43,83.12,544.72,BENIGN
25,48207,43,474.85,333.63,BENIGN
25,71631,66,761.66,437.34,BENIGN
80,82774,52,323.83,122.79,BENIGN
25,38464,39,646.47,210.26,BENIGN
25,656,195,1495.29,61.18,DDoS
25,293,202,1438.93,36.97,DDoS
8080,97682,44,514.82,517.37,BENIGN
8080,883,186,926.86,75.53,DDoS
53,875,199,1264.82,24.65,DDoS
443,96161,42,406.18,167.33,BENIGN
443,85205,45,742.33,985.49,BENIGN
3306,910,273,1199.18,43.02,DDoS
8080,17486,58,888.9,596.13,BENIGN
8080,261,181,890.53,8.16,DDoS
21,94489,53,73.6,975.94,BENIGN
21,74941,26,781.39,253.98,BENIGN
22,68533,67,213.42,806.0,BENIGN
443,270,228,899.2,12.37,DDoS
8080,76754,22,471.46,937.2,BENIGN
80,52617,55,413.9,223.49,BENIGN
25,92469,12,70.07,40.84,BENIGN
443,1,90,715.67,71.67,DDoS
3306,54654,12,441.19,32.82,BENIGN
3306,34662,40,636.9,920.54,BENIGN
443,52312,19,859.92,700.89,BENIGN
8080,1461,19,782.7,616.74,BENIGN
53,363,95,1306.39,12.33,DDoS
443,48389,26,356.85,467.38,BENIGN
53,64065,10,864.7,474.72,BENIGN
3306,16237,49,183.81,153.57,BENIGN
22,28866,68,61.4,823.77,BENIGN
25,904,254,735.55,35.08,DDoS
21,41436,51,56.97,236.63,BENIGN
3306,35777,74,140.69,748.5,BENIGN
22,98,113,1468.35,17.81,DDoS
22,36744,77,468.85,189.61,BENIGN
21,10372,4,762.15,967.37,BENIGN
8080,108,156,785.16,22.42,DDoS
3306,92059,50,494.3,586.14,BENIGN
22,625,263,1063.11,69.79,DDoS
53,456,215,1014.5,12.75,DDoS
3306,29239,47,355.08,368.68,BENIGN
80,9916,19,97.09,608.23,BENIGN
443,35412,76,654.8,361.06,BENIGN
8080,76588,47,243.5,27.4,BENIGN
3306,48814,35,529.58,498.25,BENIGN
21,34579,47,623.06,595.66,BENIGN
8080,152,277,1443.82,0.36,DDoS
22,517,219,1232.98,0.13,DDoS
22,98744,55,59.07,302.27,BENIGN
53,980,105,1343.59,0.49,DDoS
25,624,200,982.94,6.47,DDoS
21,73250,56,309.8,191.79,BENIGN
8080,93747,56,849.27,526.87,BENIGN
53,22678,80,87.44,751.44,BENIGN
21,38121,13,435.59,37.33,BENIGN
3306,66257,28,556.48,160.69,BENIGN
3306,773,226,1368.35,37.25,DDoS
3306,258,253,1113.08,39.4,DDoS
8080,69742,25,854.41,640.06,BENIGN
8080,11829,60,793.8,642.96,BENIGN
25,495,85,731.86,41.68,DDoS
25,52214,17,437.45,263.69,BENIGN
8080,219,219,826.1,67.41,DDoS
22,21445,51,695.83,178.07,BENIGN
80,436,280,866.6,42.36,DDoS
53,31394,1,101.33,897.86,BENIGN
3306,64274,47,837.6,950.08,BENIGN
80,814,234,1482.28,59.17,DDoS
443,71966,41,637.81,80.46,BENIGN
443,6716,16,635.24,39.22,BENIGN
22,29549,5,352.67,62.36,BENIGN
22,34314,6,610.7,842.03,BENIGN
80,96559,68,833.85,879.6,BENIGN
21,88418,68,377.37,340.81,BENIGN
53,22333,45,199.15,475.1,BENIGN
8080,62284,43,354.94,446.03,BENIGN
21,41857,19,539.93,504.38,BENIGN
443,80036,27,165.93,372.37,BENIGN
25,41912,79,280.21,860.95,BENIGN
53,12819,55,371.43,620.85,BENIGN
53,26021,66,721.14,976.01,BENIGN
25,10924,37,196.2,41.32,BENIGN
22,88103,41,432.63,508.77,BENIGN
443,24175,33,83.62,597.8,BENIGN
22,50154,19,688.79,994.78,BENIGN
8080,84795,45,215.51,736.7,BENIGN
21,935,203,1486.22,52.01,DDoS
3306,328,217,984.83,11.43,DDoS
3306,47686,39,834.46,636.85,BENIGN
443,46259,71,530.19,234.71,BENIGN
22,730,205,1302.56,74.15,DDoS
443,36171,40,588.29,144.35,BENIGN
22,54508,69,442.02,132.17,BENIGN
8080,25,161,1016.66,7.93,DDoS
8080,48685,13,77.3,932.22,BENIGN
443,74715,67,385.22,760.12,BENIGN
443,12323,48,517.14,616.01,BENIGN
443,752,208,1050.7,10.09,DDoS
80,11379,24,798.7,516.87,BENIGN
8080,54209,22,597.4,275.6,BENIGN
80,384,243,1401.09,5.53,DDoS
25,428,236,708.4,21.25,DDoS
53,54144,71,717.02,739.75,BENIGN
21,94102,58,111.86,739.58,BENIGN
22,23690,64,647.4,51.52,BENIGN
25,33298,17,332.48,462.63,BENIGN
53,16784,24,246.48,55.02,BENIGN
21,67678,79,524.77,826.95,BENIGN
3306,730,144,1464.12,16.35,DDoS
443,59046,18,706.62,97.05,BENIGN
21,861,181,867.63,65.04,DDoS
3306,96722,59,789.53,658.91,BENIGN
25,71062,27,340.84,688.93,BENIGN
21,48398,80,203.02,556.28,BENIGN
443,153,171,933.84,35.46,DDoS
25,26308,33,747.85,251.24,BENIGN
80,45829,36,635.54,460.59,BENIGN
21,99462,62,134.23,565.43,BENIGN
53,83567,76,272.22,420.86,BENIGN
22,12553,38,794.81,906.55,BENIGN
21,73457,2,709.68,834.04,BENIGN
25,70727,33,667.29,359.79,BENIGN
21,44156,69,299.13,193.25,BENIGN
25,388,255,704.63,7.66,DDoS
3306,57856,63,148.79,193.3,BENIGN
21,34349,35,341.76,940.08,BENIGN
80,54160,57,460.36,647.86,BENIGN
80,872,274,1473.18,15.38,DDoS
21,39699,26,757.52,500.15,BENIGN
21,172,164,1055.49,58.16,DDoS
21,25287,30,435.77,253.53,BENIGN
21,580,298,1065.01,78.21,DDoS
3306,69183,80,870.92,842.44,BENIGN
22,22740,21,812.13,851.73,BENIGN
22,45124,4,198.45,973.96,BENIGN
25,35282,51,590.14,27.18,BENIGN
21,504,108,875.78,38.14,DDoS
25,901,255,1269.79,58.26,DDoS
53,808,101,1379.43,71.07,DDoS
80,5397,40,50.5,167.3,BENIGN
21,18414,7,201.46,684.34,BENIGN
22,73485,39,360.72,772.8,BENIGN
80,813,93,800.22,25.11,DDoS
22,72177,26,386.51,427.19,BENIGN
22,417,166,1106.2,58.46,DDoS
443,80397,74,452.48,700.84,BENIGN
443,29816,40,292.63,328.89,BENIGN
53,79180,50,468.28,206.09,BENIGN
21,21468,70,219.73,513.41,BENIGN
3306,15258,51,857.25,412.05,BENIGN
21,190,282,1109.72,2.78,DDoS
8080,266,267,789.93,40.85,DDoS
25,468,81,1304.94,54.19,DDoS
443,73,252,1445.63,20.85,DDoS
3306,381,244,916.21,39.52,DDoS
53,56583,62,628.48,806.72,BENIGN
80,61034,46,730.93,361.46,BENIGN
22,267,173,1030.58,65.72,DDoS
21,683,233,960.16,67.66,DDoS
53,159,260,1462.11,17.09,DDoS
21,499,182,729.08,45.41,DDoS
8080,88817,56,112.03,287.7,BENIGN
22,31165,39,262.09,326.01,BENIGN
3306,77211,27,477.95,166.73,BENIGN
443,38520,77,232.4,483.97,BENIGN
8080,655,246,1226.27,49.05,DDoS
22,12015,11,643.54,694.63,BENIGN
25,91416,34,801.76,278.33,BENIGN
3306,69911,58,211.49,23.18,BENIGN
443,1000,104,1023.14,20.26,DDoS
53,52627,78,468.37,952.39,BENIGN
25,703,94,1270.8,27.43,DDoS
25,36144,3,341.64,286.43,BENIGN
21,95082,78,499.42,332.01,BENIGN
443,64050,37,185.06,98.3,BENIGN
25,318,87,937.31,6.55,DDoS
53,537,254,963.25,67.4,DDoS
22,86163,59,65.76,132.97,BENIGN
8080,60361,36,232.45,105.58,BENIGN
443,5854,4,307.79,870.93,BENIGN
21,53693,5,757.35,138.11,BENIGN
53,72050,46,263.22,661.68,BENIGN
25,24421,52,706.21,243.41,BENIGN
80,68107,10,46.78,446.12,BENIGN
80,36199,17,674.09,371.85,BENIGN
80,28908,42,279.68,65.15,BENIGN
21,20622,68,176.52,855.22,BENIGN
21,70834,65,823.1,410.44,BENIGN
443,71480,54,283.02,769.72,BENIGN
21,10943,23,109.21,253.1,BENIGN
80,46897,78,809.69,220.16,BENIGN
3306,20164,60,163.15,347.4,BENIGN
22,51010,12,135.36,849.19,BENIGN
25,8573,42,443.59,897.46,BENIGN
21,66207,48,827.99,513.7,BENIGN
80,75542,56,259.28,135.5,BENIGN
21,68431,32,886.21,795.8,BENIGN
8080,54074,6,145.25,810.01,BENIGN
3306,60574,57,492.98,346.28,BENIGN
21,82016,58,698.95,802.9,BENIGN
80,30747,51,841.65,877.01,BENIGN
22,17500,49,669.11,262.94,BENIGN
3306,15632,48,660.4,881.39,BENIGN
21,18363,25,783.92,544.36,BENIGN
80,89411,28,428.82,477.96,BENIGN
8080,71536,70,58.36,299.2,BENIGN
443,91475,19,73.81,840.0,BENIGN
8080,50524,41,413.33,236.66,BENIGN
22,52215,25,878.8,560.85,BENIGN
22,82135,19,724.8,814.69,BENIGN
22,8617,37,872.54,199.42,BENIGN
25,609,271,1477.47,45.66,DDoS
80,40615,69,423.54,939.38,BENIGN
25,95770,6,827.29,110.67,BENIGN
8080,791,194,1366.81,45.51,DDoS
22,98013,64,581.63,714.15,BENIGN
80,11591,23,556.3,597.86,BENIGN
53,82145,20,803.68,86.57,BENIGN
80,763,153,956.88,37.94,DDoS
80,678,221,1411.13,3.95,DDoS
25,93524,38,557.66,96.71,BENIGN
22,80165,20,503.16,212.38,BENIGN
3306,99126,40,575.96,555.11,BENIGN
3306,575,137,770.04,43.91,DDoS
22,33734,72,210.03,250.47,BENIGN
25,98934,26,852.1,416.49,BENIGN
80,291,207,1238.58,6.12,DDoS
8080,911,187,769.79,53.57,DDoS
443,67207,15,594.88,31.45,BENIGN
21,87699,20,726.92,895.89,BENIGN
53,31927,9,678.53,500.62,BENIGN
8080,94563,67,891.37,226.14,BENIGN
80,9421,5,896.3,568.35,BENIGN
443,1941,62,176.15,164.96,BENIGN
25,40321,57,486.2,804.9,BENIGN
21,274,111,704.71,75.72,DDoS
21,257,118,971.43,38.86,DDoS
21,95,286,1096.74,26.52,DDoS
25,45,119,872.12,10.45,DDoS
22,11694,8,558.57,386.7,BENIGN
443,2389,38,591.46,744.17,BENIGN
53,32435,40,814.23,47.59,BENIGN
53,40428,19,339.45,335.59,BENIGN
22,14944,8,828.6,767.33,BENIGN
21,37911,9,853.46,479.18,BENIGN
3306,89206,70,565.44,105.66,BENIGN
3306,84066,69,416.61,203.23,BENIGN
53,95880,3,299.19,773.03,BENIGN
443,8608,12,632.12,892.83,BENIGN
80,540,266,1458.32,27.53,DDoS
53,28734,7,372.74,114.75,BENIGN
53,43599,16,315.19,168.95,BENIGN
80,6512,40,563.64,428.22,BENIGN
8080,281,187,1151.12,29.87,DDoS
21,659,244,1169.49,26.74,DDoS
25,99061,2,826.36,143.25,BENIGN
21,491,133,1371.76,71.18,DDoS
25,44445,17,372.42,177.84,BENIGN
21,39739,15,240.32,685.15,BENIGN
80,23938,10,91.26,490.71,BENIGN
80,19606,31,749.82,331.3,BENIGN
8080,824,299,1388.15,34.93,DDoS
443,98207,48,447.09,72.23,BENIGN
22,22935,65,895.94,855.84,BENIGN
3306,103,159,879.8,67.14,DDoS
21,599,108,1272.14,51.83,DDoS
53,41290,45,611.31,463.56,BENIGN
3306,642,155,1278.72,15.67,DDoS
21,837,84,873.59,70.39,DDoS
8080,72765,11,470.76,373.11,BENIGN
8080,31959,44,42.76,875.6,BENIGN
53,370,294,1128.3,2.67,DDoS
21,81249,9,869.98,661.63,BENIGN
22,59094,26,244.86,85.87,BENIGN
22,92381,68,367.68,862.69,BENIGN
3306,73274,44,786.12,78.11,BENIGN
53,10,243,1125.11,29.94,DDoS
21,66002,74,793.13,169.92,BENIGN
443,28833,24,861.82,748.17,BENIGN
443,72584,25,627.62,880.88,BENIGN
21,57985,15,581.31,63.69,BENIGN
80,96545,59,547.06,516.32,BENIGN
80,6,195,1357.33,63.06,DDoS
3306,83736,8,126.0,50.55,BENIGN
22,15389,57,732.42,322.82,BENIGN
3306,27596,23,121.99,372.21,BENIGN
22,81826,60,782.79,334.05,BENIGN
8080,135,289,1487.47,66.0,DDoS
53,87620,21,259.62,42.56,BENIGN
80,5313,18,309.0,213.38,BENIGN
8080,71741,11,498.42,356.78,BENIGN
53,20055,72,446.73,751.42,BENIGN
25,381,245,1090.61,56.26,DDoS
53,31004,45,109.72,570.0,BENIGN
53,57861,40,195.87,643.25,BENIGN
21,10522,50,660.88,941.23,BENIGN
21,65383,60,598.97,931.37,BENIGN
3306,81232,26,571.19,861.35,BENIGN
8080,378,292,764.41,78.01,DDoS
25,1730,33,739.1,870.12,BENIGN
22,12,154,875.29,49.88,DDoS
8080,75334,72,829.3,833.15,BENIGN
25,39367,38,229.62,679.57,BENIGN
22,15600,34,582.37,31.09,BENIGN
22,3636,7,508.67,795.14,BENIGN
22,80590,12,100.4,650.03,BENIGN
8080,383,226,1074.55,63.41,DDoS
3306,929,135,901.88,24.45,DDoS
21,31707,8,326.88,315.13,BENIGN
25,996,166,1413.99,1.68,DDoS
22,73693,19,494.29,542.63,BENIGN
3306,83,139,1458.03,52.24,DDoS
8080,90670,66,500.43,777.61,BENIGN
53,64511,16,304.51,238.8,BENIGN
53,70997,40,413.92,529.37,BENIGN
25,24227,7,219.98,868.97,BENIGN
22,783,119,1301.68,38.52,DDoS
21,32334,18,450.15,700.51,BENIGN
3306,362,167,1139.71,49.37,DDoS
80,170,140,1276.92,19.83,DDoS
443,517,170,1218.17,57.66,DDoS
8080,98816,12,257.72,666.21,BENIGN
53,63094,29,459.74,778.68,BENIGN
80,601,226,907.37,22.41,DDoS
443,95632,26,751.03,161.36,BENIGN
3306,20632,10,661.15,970.19,BENIGN
22,360,146,1050.27,63.71,DDoS
80,173,300,1314.08,25.77,DDoS
3306,26032,38,582.11,137.27,BENIGN
8080,475,196,1231.32,79.56,DDoS
25,938,144,1151.64,11.52,DDoS
22,82137,55,396.11,153.89,BENIGN
443,84735,34,131.45,20.1,BENIGN
53,59693,36,312.71,463.57,BENIGN
8080,77219,78,169.14,384.01,BENIGN
22,30742,61,755.27,802.01,BENIGN
22,49990,30,466.09,197.15,BENIGN
22,55,207,748.04,69.12,DDoS
8080,70526,27,732.96,272.18,BENIGN
3306,29436,20,246.17,68.7,BENIGN
8080,66164,37,450.27,689.32,BENIGN
3306,52571,63,235.95,946.72,BENIGN
80,533,143,938.31,13.36,DDoS
25,37614,1,571.2,769.43,BENIGN
22,35933,79,634.37,694.38,BENIGN
22,373,136,1196.72,64.69,DDoS
3306,22473,14,678.01,305.24,BENIGN
3306,18502,53,430.92,99.45,BENIGN
53,54673,62,92.9,224.35,BENIGN
443,423,179,1051.42,14.91,DDoS
25,665,277,1431.22,79.04,DDoS
443,40121,34,458.43,742.3,BENIGN
21,350,137,1413.49,77.94,DDoS
3306,78174,59,554.46,702.06,BENIGN
3306,154,282,1350.7,19.58,DDoS
80,99734,52,229.87,57.84,BENIGN
53,28236,28,590.01,827.32,BENIGN
443,63113,65,461.95,220.46,BENIGN
3306,29967,80,199.19,126.28,BENIGN
443,98229,50,162.1,649.86,BENIGN
25,58381,29,322.39,678.76,BENIGN
8080,90859,80,437.55,312.91,BENIGN
3306,69592,44,732.79,21.95,BENIGN
25,81823,34,432.7,672.46,BENIGN
53,77731,30,773.54,410.7,BENIGN
443,51851,53,783.38,909.57,BENIGN
80,72385,57,533.16,881.55,BENIGN
3306,31451,55,669.83,500.13,BENIGN
22,82724,49,371.69,866.33,BENIGN
22,413,82,714.77,64.16,DDoS
80,34663,2,599.97,290.19,BENIGN
22,66602,74,83.76,85.01,BENIGN
53,72307,17,43.84,985.87,BENIGN
80,66179,62,773.15,921.54,BENIGN
3306,17203,67,189.79,425.96,BENIGN
3306,268,90,1410.04,44.18,DDoS
80,149,123,1424.64,14.36,DDoS
3306,57770,11,876.29,424.97,BENIGN
8080,576,190,1018.39,79.43,DDoS
8080,66256,7,296.89,234.02,BENIGN
22,26837,74,190.99,985.89,BENIGN
21,4315,80,537.0,136.04,BENIGN
443,60661,52,698.94,584.49,BENIGN
25,39861,22,422.05,841.39,BENIGN
21,8245,59,62.22,816.26,BENIGN
25,21231,7,687.34,150.74,BENIGN
3306,705,163,1345.18,46.98,DDoS
21,62777,15,470.88,844.12,BENIGN
3306,420,218,734.82,18.58,DDoS
80,4766,11,829.15,577.69,BENIGN
3306,88628,6,85.05,176.95,BENIGN
22,706,259,1044.07,61.84,DDoS
53,140,143,974.93,14.45,DDoS
21,104,122,1493.87,77.74,DDoS
3306,25371,14,167.17,884.75,BENIGN
8080,265,288,1217.37,2.11,DDoS
443,906,128,1155.35,32.22,DDoS
53,338,257,950.52,35.57,DDoS
3306,94904,79,522.03,433.38,BENIGN
8080,4423,77,603.01,193.22,BENIGN
25,380,253,1478.19,12.21,DDoS
22,94277,13,286.61,212.55,BENIGN
443,307,140,1349.38,40.82,DDoS
21,60349,6,555.75,591.32,BENIGN
3306,79340,74,667.05,556.22,BENIGN
53,30233,61,101.46,272.7,BENIGN
25,13604,14,232.27,433.77,BENIGN
80,51462,69,813.47,477.69,BENIGN
80,25822,77,126.43,651.56,BENIGN
25,81988,5,329.26,962.4,BENIGN
25,44631,10,658.27,516.92,BENIGN
8080,28822,33,866.31,990.08,BENIGN
80,31131,73,679.8,473.29,BENIGN
25,27616,30,851.0,23.15,BENIGN
443,263,250,1463.22,15.5,DDoS
3306,96529,79,802.67,642.96,BENIGN
80,843,147,1312.51,75.45,DDoS
80,5398,71,881.78,376.99,BENIGN
22,30255,34,523.16,533.4,BENIGN
21,22917,12,94.7,299.03,BENIGN
3306,62434,41,778.01,496.61,BENIGN
8080,87,261,1202.46,8.72,DDoS
443,60820,25,783.51,193.98,BENIGN
443,747,228,1066.55,76.44,DDoS
25,830,258,1260.22,79.25,DDoS
80,30940,42,587.52,220.21,BENIGN
8080,932,178,1116.57,21.67,DDoS
53,65143,27,273.08,403.19,BENIGN
25,44216,34,140.56,989.36,BENIGN
22,736,261,704.47,68.31,DDoS
443,42933,8,823.34,560.44,BENIGN
53,18235,79,473.77,63.93,BENIGN
443,784,137,865.5,37.17,DDoS
8080,807,259,733.22,51.86,DDoS
80,66042,22,572.7,209.98,BENIGN
25,25606,36,328.08,155.46,BENIGN
443,81581,57,619.59,995.93,BENIGN
8080,44667,70,369.93,631.96,BENIGN
3306,926,90,1216.29,12.35,DDoS
22,96657,38,499.92,452.33,BENIGN
8080,95223,51,880.03,750.81,BENIGN
80,957,184,1184.92,71.49,DDoS
53,17380,14,70.63,826.7,BENIGN
22,11365,51,776.7,347.5,BENIGN
25,94992,71,629.0,621.11,BENIGN
22,36150,10,137.56,947.16,BENIGN
53,648,217,1247.74,41.57,DDoS
53,872,134,1140.77,53.63,DDoS
21,60108,80,384.31,695.12,BENIGN
8080,6646,65,318.24,276.0,BENIGN
8080,79724,66,775.99,951.49,BENIGN
80,51723,74,83.26,255.5,BENIGN
25,68507,68,504.3,613.95,BENIGN
21,37694,1,380.22,163.14,BENIGN
80,75853,47,552.67,67.5,BENIGN
53,14800,73,492.68,625.15,BENIGN
80,815,277,1097.64,39.9,DDoS
443,338,138,715.99,77.58,DDoS
22,977,179,1338.02,37.19,DDoS
53,578,206,1162.62,28.27,DDoS
443,93442,19,845.49,702.24,BENIGN
443,30406,19,361.44,922.82,BENIGN
8080,533,273,1148.48,62.52,DDoS
80,40823,11,403.3,496.5,BENIGN
443,132,251,1361.45,7.06,DDoS
8080,40463,35,306.63,922.11,BENIGN
80,20099,39,690.57,704.17,BENIGN
443,399,292,1127.24,70.41,DDoS
22,64180,63,623.38,849.08,BENIGN
80,82242,43,848.47,711.45,BENIGN
3306,2364,58,203.66,503.55,BENIGN
80,250,242,842.42,54.0,DDoS
21,311,85,782.07,6.03,DDoS
3306,93760,27,814.02,761.31,BENIGN
443,281,166,991.72,2.61,DDoS
80,258,141,766.34,12.76,DDoS
3306,57080,59,417.22,395.74,BENIGN
22,51174,31,217.41,998.65,BENIGN
21,536,270,775.69,40.59,DDoS
443,77327,75,607.39,21.65,BENIGN
80,9813,39,367.15,929.48,BENIGN
80,83350,21,449.68,825.29,BENIGN
53,35935,50,436.94,784.81,BENIGN
3306,287,120,967.08,2.31,DDoS
53,32162,19,705.5,639.74,BENIGN
3306,83151,40,878.06,677.99,BENIGN
25,28914,20,254.25,173.84,BENIGN
53,80226,22,598.36,262.02,BENIGN
80,949,180,757.53,32.23,DDoS
21,53979,3,347.52,596.72,BENIGN
25,34068,48,63.21,379.08,BENIGN
8080,88330,68,184.41,101.8,BENIGN
3306,97565,75,121.5,290.99,BENIGN
443,160,275,971.17,74.46,DDoS
3306,174,101,1179.65,21.61,DDoS
21,97028,39,90.13,164.19,BENIGN
53,710,253,1033.2,30.02,DDoS
3306,8183,33,387.34,261.35,BENIGN
80,58499,21,302.8,901.78,BENIGN
80,47784,28,101.72,233.42,BENIGN
22,61582,37,450.86,392.24,BENIGN
22,65613,61,665.95,912.77,BENIGN
53,917,145,835.1,40.8,DDoS
443,24090,69,613.72,647.62,BENIGN
443,18514,65,164.37,975.69,BENIGN
25,460,235,1153.79,67.51,DDoS
443,77392,40,636.0,56.44,BENIGN
443,24266,59,338.41,964.47,BENIGN
21,5825,72,405.84,836.59,BENIGN
8080,811,213,1449.42,40.26,DDoS
443,31,176,1380.64,22.07,DDoS
3306,356,180,1192.53,50.31,DDoS
3306,42540,9,839.72,45.1,BENIGN
8080,811,112,1101.86,58.34,DDoS
21,61892,62,46.67,431.92,BENIGN
53,3167,20,610.53,209.24,BENIGN
80,410,175,1314.62,53.89,DDoS
25,554,231,964.84,30.97,DDoS
22,336,155,1390.14,29.23,DDoS
53,78120,3,307.82,554.05,BENIGN
3306,29712,71,344.46,610.98,BENIGN
21,7294,44,770.78,76.03,BENIGN
443,98861,3,670.1,649.78,BENIGN
80,49942,72,481.62,587.09,BENIGN
21,28674,75,590.14,659.89,BENIGN
22,167,119,1457.52,66.12,DDoS
443,110,185,1134.32,31.24,DDoS
80,22064,69,563.96,941.56,BENIGN
443,264,237,1104.71,31.51,DDoS
3306,87129,76,609.2,112.61,BENIGN
443,48951,34,621.15,561.32,BENIGN
3306,823,102,1292.3,5.52,DDoS
22,228,176,1010.9,51.15,DDoS
21,78372,26,283.16,706.91,BENIGN
22,302,244,813.36,75.41,DDoS
21,45717,51,413.45,968.53,BENIGN
8080,956,169,1019.16,51.61,DDoS
80,79152,50,304.34,76.39,BENIGN
25,57073,54,63.62,777.53,BENIGN
25,72418,21,621.41,630.3,BENIGN
21,99172,61,235.67,463.42,BENIGN
80,20586,59,554.77,736.09,BENIGN
25,27517,2,136.17,595.67,BENIGN
21,52808,48,723.8,809.2,BENIGN
21,896,175,1221.92,25.14,DDoS
21,26602,71,404.4,309.92,BENIGN
22,91256,72,59.39,403.93,BENIGN
443,40801,48,440.98,584.01,BENIGN
25,26821,71,783.63,355.48,BENIGN
25,76774,77,891.33,650.32,BENIGN
8080,56625,11,201.77,40.91,BENIGN
22,22120,62,790.51,414.65,BENIGN
443,52680,80,284.29,610.13,BENIGN
25,403,213,1071.06,55.55,DDoS
3306,39730,64,134.06,794.47,BENIGN
25,365,138,912.97,46.48,DDoS
25,791,241,1370.53,9.08,DDoS
8080,55941,28,746.71,297.48,BENIGN
3306,52,119,794.32,47.07,DDoS
53,57793,79,397.17,962.17,BENIGN
53,60629,65,639.18,836.17,BENIGN
53,830,287,842.19,73.8,DDoS
22,9536,73,395.22,526.27,BENIGN
3306,77229,65,853.31,759.29,BENIGN
80,57430,61,518.45,622.85,BENIGN
25,124,174,1472.06,46.79,DDoS
25,2948,10,175.61,830.08,BENIGN
21,90882,46,291.7,880.89,BENIGN
3306,4572,63,629.82,364.17,BENIGN
3306,356,122,1138.92,72.37,DDoS
21,336,175,1075.55,52.29,DDoS
8080,82075,24,169.03,865.06,BENIGN
80,3416,50,837.09,359.53,BENIGN
25,85765,58,302.98,133.03,BENIGN
80,85,209,1226.63,0.2,DDoS
53,1167,49,899.63,931.46,BENIGN
53,9870,64,63.6,837.91,BENIGN
25,85150,4,864.87,807.55,BENIGN
443,65086,79,373.5,141.89,BENIGN
25,15246,19,242.28,279.92,BENIGN
22,53067,47,559.33,548.6,BENIGN
443,54263,54,347.85,820.05,BENIGN
22,433,284,1026.17,13.1,DDoS
53,6049,70,363.49,81.7,BENIGN
443,244,299,716.73,55.85,DDoS
3306,851,140,1181.83,20.82,DDoS
21,70424,71,101.77,280.78,BENIGN
53,267,258,1055.14,1.24,DDoS
21,28214,40,308.03,802.23,BENIGN
25,49361,49,409.15,397.8,BENIGN
3306,25356,12,231.37,988.1,BENIGN
53,636,175,707.91,73.36,DDoS
25,51406,11,74.28,210.43,BENIGN
3306,45521,65,647.5,974.12,BENIGN
3306,88676,61,623.65,875.21,BENIGN
443,96603,15,573.2,848.1,BENIGN
80,79997,3,272.7,634.16,BENIGN
25,858,127,1180.78,6.6,DDoS
80,36529,17,710.45,52.44,BENIGN
8080,77770,8,703.78,176.88,BENIGN
443,784,220,1050.81,31.49,DDoS
25,25338,24,276.17,173.48,BENIGN
8080,96363,4,641.55,961.48,BENIGN
443,8157,13,847.77,575.63,BENIGN
53,21920,24,267.55,194.6,BENIGN
21,35558,4,656.66,411.97,BENIGN
443,46298,74,581.41,699.56,BENIGN
25,847,178,1260.78,22.2,DDoS
443,73317,25,683.88,569.6,BENIGN
8080,91262,76,142.19,234.99,BENIGN
443,93845,62,186.6,363.05,BENIGN
8080,11101,66,190.4,536.63,BENIGN
3306,117,286,1464.27,75.18,DDoS
25,941,108,859.78,17.92,DDoS
21,58978,26,168.62,279.83,BENIGN
8080,61853,8,682.25,442.19,BENIGN
8080,77080,24,311.7,45.22,BENIGN
25,86739,74,175.13,21.8,BENIGN
3306,764,227,1462.5,49.23,DDoS
443,10110,57,163.32,104.2,BENIGN
25,7710,24,643.97,729.5,BENIGN
443,51624,61,195.57,507.59,BENIGN
21,82,89,1328.61,33.43,DDoS
22,14,220,865.2,14.93,DDoS
443,40824,29,588.1,840.49,BENIGN
21,864,97,1325.64,64.09,DDoS
443,694,97,1265.44,41.29,DDoS
80,494,290,884.97,18.43,DDoS
25,24538,68,427.36,472.09,BENIGN
80,310,116,1382.73,40.6,DDoS
80,98200,76,45.92,746.41,BENIGN
25,81821,55,282.28,723.66,BENIGN
80,80471,60,495.69,380.89,BENIGN
443,25671,68,317.48,322.18,BENIGN
443,883,263,1068.44,51.89,DDoS
8080,829,258,797.16,46.59,DDoS
53,688,137,864.14,20.44,DDoS
8080,812,164,1431.5,0.74,DDoS
53,84021,14,421.6,996.7,BENIGN
25,36840,69,319.59,98.59,BENIGN
3306,38672,51,640.3,567.93,BENIGN
53,45395,33,469.5,505.99,BENIGN
22,68033,71,141.76,460.95,BENIGN
22,49309,25,151.27,482.14,BENIGN
443,12,296,1436.43,74.87,DDoS
53,15966,78,487.38,872.91,BENIGN
21,56234,75,700.69,217.5,BENIGN
443,92205,45,622.98,91.81,BENIGN
443,731,237,715.11,3.77,DDoS
21,350,109,1179.43,30.14,DDoS
53,32292,4,367.14,956.01,BENIGN
80,118,202,1222.58,62.54,DDoS
21,22489,41,178.81,861.17,BENIGN
25,16642,77,227.49,395.07,BENIGN
21,64911,26,631.28,43.98,BENIGN
8080,26247,44,498.79,572.82,BENIGN
21,987,133,963.54,48.2,DDoS
8080,15870,31,204.06,87.8,BENIGN
3306,98362,77,360.53,283.04,BENIGN
53,283,186,1153.57,28.06,DDoS
25,565,212,1333.64,52.56,DDoS
25,64165,21,693.67,321.86,BENIGN
25,16825,65,481.02,685.46,BENIGN
443,756,176,1279.49,34.04,DDoS
8080,48104,28,719.17,861.69,BENIGN
21,19,132,1455.49,38.96,DDoS
3306,40293,48,636.61,931.63,BENIGN
3306,52518,67,861.58,599.77,BENIGN
8080,222,121,1112.16,31.75,DDoS
80,76,105,1218.12,66.86,DDoS
443,86302,25,528.24,732.39,BENIGN
53,5691,4,736.86,966.97,BENIGN
8080,59645,22,612.41,546.18,BENIGN
3306,97162,7,105.55,825.04,BENIGN
443,906,298,895.13,66.25,DDoS
3306,89763,35,879.4,696.45,BENIGN
80,48350,10,480.38,324.21,BENIGN
25,931,204,893.05,2.87,DDoS
21,77964,59,755.03,82.67,BENIGN
53,540,160,983.7,68.58,DDoS
22,56362,53,749.97,890.49,BENIGN
53,229,165,817.45,71.96,DDoS
25,83659,74,605.55,999.74,BENIGN
53,981,216,1159.14,19.83,DDoS
8080,10725,3,173.33,104.16,BENIGN
443,272,197,1498.67,50.01,DDoS
80,93820,43,364.21,258.34,BENIGN
80,78430,33,434.48,746.05,BENIGN
25,53949,66,492.93,731.6,BENIGN
3306,818,300,1362.79,25.99,DDoS
8080,265,183,1371.6,77.29,DDoS
22,33544,29,845.93,61.0,BENIGN
21,60809,13,367.78,416.92,BENIGN
22,38280,23,354.74,749.98,BENIGN
443,17481,68,734.41,807.68,BENIGN
80,99568,1,133.41,153.34,BENIGN
80,64976,65,127.81,505.14,BENIGN
443,40761,50,339.23,829.67,BENIGN
25,6823,64,72.01,275.5,BENIGN
25,26576,59,645.33,99.45,BENIGN
22,881,162,981.22,21.02,DDoS
53,20968,69,800.7,314.51,BENIGN
3306,51725,5,88.5,497.22,BENIGN
80,76438,12,595.94,392.99,BENIGN
8080,73729,13,357.16,311.59,BENIGN
8080,82549,39,88.78,324.61,BENIGN
3306,44929,56,46.7,265.02,BENIGN
21,88861,35,553.88,327.62,BENIGN
25,61605,47,356.96,915.75,BENIGN
53,33232,38,54.86,983.94,BENIGN
8080,18498,23,566.64,884.67,BENIGN
443,366,86,1086.18,13.2,DDoS
21,23369,3,124.49,750.55,BENIGN
53,6521,76,298.48,270.65,BENIGN
53,305,101,1238.57,43.8,DDoS
25,96349,66,448.19,303.04,BENIGN
22,59445,20,218.81,723.16,BENIGN
8080,65621,13,588.26,402.39,BENIGN
25,478,145,1162.3,41.12,DDoS
8080,28376,47,820.64,179.8,BENIGN
22,42730,42,586.45,626.01,BENIGN
8080,36422,14,873.71,263.18,BENIGN
21,32445,71,464.04,892.1,BENIGN
21,572,273,1023.51,2.61,DDoS
443,40113,39,674.78,375.53,BENIGN
80,75419,49,537.93,263.26,BENIGN
25,76231,7,126.79,957.22,BENIGN
80,57102,26,532.62,530.17,BENIGN
8080,1884,42,811.43,667.12,BENIGN
3306,353,141,1086.11,67.71,DDoS
25,54858,65,802.46,616.09,BENIGN
3306,72877,31,822.46,73.12,BENIGN
22,284,158,1499.23,14.58,DDoS
21,84160,63,621.84,141.99,BENIGN
8080,22,141,1203.75,34.23,DDoS
22,307,89,823.68,8.21,DDoS
8080,306,272,1156.47,3.29,DDoS
21,51981,4,379.37,203.82,BENIGN
22,3699,80,403.77,869.56,BENIGN
22,41619,78,146.89,388.43,BENIGN
8080,505,195,1470.67,67.98,DDoS
21,48027,44,588.36,208.22,BENIGN
22,26289,11,556.47,634.36,BENIGN
443,92495,20,630.05,724.06,BENIGN
443,90385,6,226.53,499.31,BENIGN
80,910,88,1457.72,59.26,DDoS
443,75890,52,514.7,925.23,BENIGN
3306,51537,56,478.03,516.92,BENIGN
22,12589,56,315.58,605.46,BENIGN
443,680,126,1092.3,63.08,DDoS
80,15166,35,86.84,318.79,BENIGN
22,37622,49,868.23,526.33,BENIGN
25,87037,32,483.12,296.24,BENIGN
22,64851,23,882.47,727.23,BENIGN
8080,790,139,1232.92,29.5,DDoS
3306,157,84,728.22,14.6,DDoS
53,12,108,1430.27,48.67,DDoS
3306,8935,15,462.43,517.35,BENIGN
8080,48640,46,82.41,113.25,BENIGN
25,89663,49,844.64,109.85,BENIGN
3306,142,155,944.54,32.95,DDoS
80,34709,12,114.67,511.25,BENIGN
53,660,180,1414.83,49.43,DDoS
8080,673,230,1081.25,67.58,DDoS
8080,54029,35,160.1,167.08,BENIGN
22,12826,57,459.97,592.49,BENIGN
8080,795,139,1053.43,79.32,DDoS
3306,30359,27,467.13,956.13,BENIGN
21,560,221,1186.31,49.41,DDoS
80,947,86,834.8,14.16,DDoS
443,18373,58,437.48,796.09,BENIGN
3306,18412,48,616.03,383.04,BENIGN
25,39777,39,135.62,146.74,BENIGN
21,23891,12,456.3,740.02,BENIGN
25,34226,20,106.9,715.6,BENIGN
21,881,201,1145.62,45.07,DDoS
443,27553,56,452.7,447.93,BENIGN
21,78093,65,580.52,902.69,BENIGN
443,83946,20,370.1,250.81,BENIGN
53,60168,77,305.34,320.35,BENIGN
8080,1417,76,440.42,876.02,BENIGN
80,618,213,1081.28,17.74,DDoS
53,93322,36,763.4,912.21,BENIGN
53,66040,8,291.26,456.89,BENIGN
21,41120,40,851.85,402.08,BENIGN
21,393,146,1084.76,45.54,DDoS
443,33689,13,111.44,88.93,BENIGN
53,22680,10,881.65,632.53,BENIGN
8080,961,218,1126.03,13.12,DDoS
3306,51358,5,477.07,561.61,BENIGN
53,243,175,780.9,19.71,DDoS
53,23630,42,659.27,583.87,BENIGN
8080,59928,3,219.77,480.25,BENIGN
443,8330,12,894.68,660.55,BENIGN
21,62580,7,770.58,204.26,BENIGN
21,11320,36,195.23,238.38,BENIGN
21,93875,44,625.33,991.88,BENIGN
443,58880,30,691.6,209.91,BENIGN
8080,715,147,1372.82,36.44,DDoS
443,49701,73,103.25,403.17,BENIGN
8080,45009,12,719.99,162.15,BENIGN
21,21207,10,700.79,445.49,BENIGN
25,13195,39,846.94,912.95,BENIGN
53,836,252,800.41,77.02,DDoS
21,44337,26,853.79,572.95,BENIGN
8080,11661,50,282.56,304.78,BENIGN
80,44699,35,775.91,47.34,BENIGN
22,68859,2,611.68,613.28,BENIGN
80,62105,79,382.17,124.87,BENIGN
80,83502,79,438.22,551.1,BENIGN
8080,97790,74,638.07,241.64,BENIGN
25,23,296,1230.83,41.87,DDoS
443,44711,58,821.13,700.2,BENIGN
443,56347,63,97.91,883.62,BENIGN
80,89540,74,492.33,441.56,BENIGN
8080,16498,55,513.36,42.66,BENIGN
8080,20130,67,354.68,619.72,BENIGN
443,45193,37,842.88,101.72,BENIGN
80,53293,66,715.23,566.41,BENIGN
443,83,177,1242.73,61.5,DDoS
25,27175,35,479.74,74.51,BENIGN
443,92447,33,568.74,415.7,BENIGN
8080,61034,13,638.41,393.03,BENIGN
80,19428,25,120.72,786.14,BENIGN
21,988,127,1249.09,44.81,DDoS
3306,78045,80,335.92,113.19,BENIGN
8080,476,85,736.35,33.79,DDoS
8080,9614,19,184.79,285.49,BENIGN
80,23825,29,486.49,456.22,BENIGN
22,6798,26,502.04,904.16,BENIGN
3306,7728,36,42.25,408.21,BENIGN
53,97663,55,164.02,571.99,BENIGN
8080,800,225,1327.09,56.88,DDoS
3306,173,110,1385.84,57.94,DDoS
8080,27120,24,655.52,146.83,BENIGN
80,57687,51,438.18,970.76,BENIGN
80,48686,74,468.08,963.98,BENIGN
8080,683,141,1078.11,20.43,DDoS
80,67402,67,215.22,723.66,BENIGN
53,74881,34,484.03,858.21,BENIGN
80,37472,75,632.63,498.35,BENIGN
53,59450,80,697.77,911.9,BENIGN
3306,28816,58,636.65,532.57,BENIGN
80,36310,58,165.7,183.27,BENIGN
53,28993,75,420.72,920.59,BENIGN
80,74598,57,449.44,864.4,BENIGN
53,98545,39,630.06,984.86,BENIGN
443,46,112,1196.51,17.37,DDoS
80,917,134,1497.24,37.74,DDoS
80,5657,76,198.57,735.4,BENIGN
21,20268,64,60.6,597.44,BENIGN
443,967,219,748.51,62.11,DDoS
25,108,157,1358.35,62.59,DDoS
80,44323,40,336.93,794.05,BENIGN
53,65758,46,629.57,607.07,BENIGN
3306,68953,48,899.37,114.88,BENIGN
21,67356,71,624.64,793.8,BENIGN
25,34852,70,796.85,187.31,BENIGN
3306,994,145,832.07,26.78,DDoS
21,61523,12,841.23,996.36,BENIGN
25,39365,18,372.69,818.66,BENIGN
21,8004,53,414.51,103.17,BENIGN
8080,27,101,756.15,53.47,DDoS
53,84468,35,645.32,991.58,BENIGN
443,14268,53,85.39,409.28,BENIGN
80,77607,52,564.96,914.55,BENIGN
53,95,176,1148.8,37.52,DDoS
53,7180,49,207.63,788.05,BENIGN
80,941,231,804.63,20.55,DDoS
8080,765,156,703.38,27.52,DDoS
3306,38406,19,856.44,812.3,BENIGN
25,23660,36,720.54,764.16,BENIGN
53,65497,27,98.73,864.22,BENIGN
80,57900,7,305.48,401.52,BENIGN
25,289,153,1285.2,38.04,DDoS
443,88424,56,624.59,215.96,BENIGN
443,34324,19,858.91,117.28,BENIGN
443,885,139,1472.5,53.08,DDoS
53,78725,2,465.37,207.82,BENIGN
21,23668,60,138.49,751.76,BENIGN
53,40012,63,88.81,674.09,BENIGN
53,132,292,802.25,55.62,DDoS
443,56202,38,82.62,47.72,BENIGN
8080,22369,34,140.79,237.65,BENIGN
8080,440,158,1026.59,31.57,DDoS
443,66615,6,763.0,156.67,BENIGN
3306,28177,31,344.33,949.71,BENIGN
25,82213,35,553.95,329.14,BENIGN
8080,55863,36,365.67,433.63,BENIGN
25,34498,74,654.4,235.35,BENIGN
443,52511,75,697.39,788.88,BENIGN
80,28853,22,299.51,158.98,BENIGN
21,761,170,859.68,10.86,DDoS
21,91594,18,143.2,411.13,BENIGN
21,586,211,853.32,75.55,DDoS
80,343,295,1101.77,61.15,DDoS
22,56373,47,104.97,306.97,BENIGN
8080,79036,11,501.76,242.36,BENIGN
22,82191,59,535.93,52.5,BENIGN
22,34493,12,54.64,68.45,BENIGN
8080,8722,28,899.1,286.94,BENIGN
443,28457,56,880.32,56.62,BENIGN
21,23971,20,632.05,62.71,BENIGN
8080,77769,42,42.22,207.38,BENIGN
53,92504,13,349.49,912.22,BENIGN
8080,75778,23,825.19,88.71,BENIGN
443,57803,51,330.74,911.09,BENIGN
80,121,219,769.01,51.67,DDoS
22,18017,71,78.04,263.89,BENIGN
22,71424,26,381.34,878.89,BENIGN
443,482,228,824.85,5.65,DDoS
443,41835,70,143.76,81.93,BENIGN
21,54532,71,468.84,194.18,BENIGN
25,241,202,711.59,9.77,DDoS
21,359,90,1391.86,29.0,DDoS
3306,61472,29,115.69,670.91,BENIGN
22,823,300,1346.82,5.96,DDoS
53,41672,26,259.43,673.04,BENIGN
3306,17795,78,135.68,217.3,BENIGN
3306,24374,11,327.77,600.62,BENIGN
21,2896,50,41.9,842.79,BENIGN
443,713,113,707.48,57.49,DDoS
21,34788,58,360.16,626.7,BENIGN
80,4649,62,294.76,126.84,BENIGN
22,379,140,868.89,55.52,DDoS
21,9258,57,341.12,511.38,BENIGN
25,87925,45,372.41,544.59,BENIGN
8080,35198,66,674.64,516.14,BENIGN
3306,12563,19,210.9,998.5,BENIGN
25,80924,1,833.36,24.44,BENIGN
80,93070,77,93.18,868.41,BENIGN
8080,51641,32,372.61,415.75,BENIGN
22,775,234,1292.32,59.89,DDoS
3306,33380,27,508.55,469.71,BENIGN
80,16458,11,196.16,301.6,BENIGN
8080,80678,25,810.18,242.79,BENIGN
25,175,211,1361.31,61.78,DDoS
443,47034,54,356.44,632.42,BENIGN
80,39518,7,191.06,664.57,BENIGN
25,476,84,1007.68,43.44,DDoS
8080,512,213,1480.51,12.68,DDoS
53,36145,37,839.49,247.15,BENIGN
80,54207,70,484.65,230.97,BENIGN
22,88347,80,374.86,404.18,BENIGN
3306,202,218,1262.77,18.41,DDoS
53,600,155,1076.21,55.86,DDoS
25,37518,46,719.67,808.59,BENIGN
80,26179,16,598.17,842.1,BENIGN
3306,48263,75,197.36,605.49,BENIGN
21,68663,15,744.97,193.05,BENIGN
21,43224,37,486.93,988.37,BENIGN
25,128,224,1286.52,27.81,DDoS
443,639,271,1169.88,8.85,DDoS
3306,39993,40,624.15,481.31,BENIGN
443,72090,65,897.76,865.59,BENIGN
443,817,145,1057.75,55.75,DDoS
22,12538,76,715.82,128.06,BENIGN
8080,68109,70,154.85,669.33,BENIGN
21,938,267,836.49,35.37,DDoS
80,271,172,960.78,74.81,DDoS
8080,16189,21,133.91,830.58,BENIGN
21,99537,40,737.29,931.13,BENIGN
22,52319,44,146.76,513.63,BENIGN
25,4093,39,434.49,714.94,BENIGN
25,782,111,1224.73,13.05,DDoS
53,114,267,1465.17,0.59,DDoS
8080,68421,16,711.26,973.86,BENIGN
25,82152,43,111.35,797.72,BENIGN
3306,84098,24,643.85,386.84,BENIGN
8080,371,209,1153.12,13.9,DDoS
8080,79033,9,719.48,576.94,BENIGN
8080,47934,21,770.18,608.27,BENIGN
25,5362,24,353.88,593.58,BENIGN
8080,74440,41,825.4,845.21,BENIGN
80,330,155,1282.96,40.16,DDoS
53,76736,15,199.8,513.89,BENIGN
3306,59711,31,253.68,378.74,BENIGN
22,60762,4,765.7,439.89,BENIGN
22,53,80,1201.13,35.23,DDoS
8080,47669,62,723.62,205.14,BENIGN
8080,86082,16,377.97,425.71,BENIGN
8080,708,188,1208.25,67.02,DDoS
3306,211,207,926.13,39.31,DDoS
80,218,185,1014.54,76.46,DDoS
80,17708,50,578.75,465.89,BENIGN
25,342,208,906.28,77.04,DDoS
443,70655,71,389.64,555.27,BENIGN
25,400,267,798.52,12.55,DDoS
3306,60,82,896.72,23.53,DDoS
8080,887,223,1453.84,44.56,DDoS
25,4676,31,360.8,487.25,BENIGN
21,89018,73,422.61,351.92,BENIGN
80,80144,62,82.77,282.0,BENIGN
21,7600,61,607.61,90.35,BENIGN
8080,235,284,930.31,33.44,DDoS
8080,641,165,845.91,70.39,DDoS
53,58575,72,734.66,732.69,BENIGN
8080,566,96,791.62,73.97,DDoS
22,78924,45,203.89,93.07,BENIGN
8080,84301,16,343.03,144.87,BENIGN
22,35458,42,721.24,73.68,BENIGN
3306,4821,62,714.86,906.08,BENIGN
25,51255,50,734.7,31.86,BENIGN
80,51337,2,408.07,930.97,BENIGN
80,94262,54,289.2,367.71,BENIGN
22,183,221,1284.02,1.76,DDoS
443,87431,38,663.62,59.89,BENIGN
21,27495,67,893.67,890.22,BENIGN
8080,30507,13,430.88,743.9,BENIGN
3306,15304,45,815.93,371.14,BENIGN
443,69,143,1445.24,6.31,DDoS
443,19131,54,669.53,575.0,BENIGN
3306,49485,70,638.24,341.38,BENIGN
25,32439,69,216.0,963.86,BENIGN
3306,66614,70,318.51,46.36,BENIGN
21,43604,52,479.23,850.91,BENIGN
22,11567,80,362.33,576.26,BENIGN
8080,75081,14,195.17,639.5,BENIGN
21,34655,78,259.3,233.31,BENIGN
21,44106,59,777.51,512.17,BENIGN
80,753,286,834.91,60.03,DDoS
25,118,280,947.66,30.89,DDoS
80,86668,20,518.3,32.83,BENIGN
443,520,143,1055.66,66.81,DDoS
80,67936,10,715.18,897.29,BENIGN
443,92104,29,446.59,73.92,BENIGN
21,471,80,1106.92,51.47,DDoS
21,262,160,1385.77,18.42,DDoS
53,46759,52,444.13,107.6,BENIGN
443,74773,43,105.24,883.49,BENIGN
21,371,265,1249.01,62.9,DDoS
53,10287,53,333.63,106.74,BENIGN
53,90185,2,771.01,26.74,BENIGN
25,85168,54,296.6,791.49,BENIGN
25,59366,22,177.69,516.93,BENIGN
3306,76950,25,107.24,760.29,BENIGN
8080,38662,69,520.35,727.79,BENIGN
25,27321,19,438.56,864.45,BENIGN
443,78445,78,661.14,252.11,BENIGN
25,33383,12,123.77,797.18,BENIGN
8080,91485,25,712.99,984.08,BENIGN
22,28318,43,847.85,327.41,BENIGN
8080,88450,9,578.16,583.11,BENIGN
80,507,147,1438.21,34.53,DDoS
53,30794,76,433.97,630.34,BENIGN
443,14644,68,872.82,161.56,BENIGN
80,58571,49,775.52,768.05,BENIGN
8080,914,161,1128.32,50.69,DDoS
80,33997,19,356.95,698.44,BENIGN
3306,78754,53,451.52,264.58,BENIGN
21,78013,51,368.6,901.54,BENIGN
80,24070,71,585.44,230.42,BENIGN
25,17654,27,512.86,373.56,BENIGN
53,119,183,1381.9,59.21,DDoS
3306,24577,78,370.62,898.98,BENIGN
53,63597,30,268.0,533.08,BENIGN
21,23299,51,506.26,743.53,BENIGN
3306,844,80,1204.39,50.4,DDoS
3306,67347,68,533.95,938.67,BENIGN
22,20078,10,576.2,677.82,BENIGN
22,25722,5,832.2,311.4,BENIGN
8080,216,156,1466.04,42.56,DDoS
21,46882,2,283.56,426.4,BENIGN
21,702,276,1306.22,51.92,DDoS
443,54048,28,118.89,730.28,BENIGN
3306,99803,37,765.26,497.17,BENIGN
22,225,192,1168.96,20.58,DDoS
25,35833,17,140.42,753.58,BENIGN
3306,22,175,1397.7,60.57,DDoS
8080,429,231,1439.92,60.21,DDoS
443,83224,64,84.83,882.62,BENIGN
25,19445,36,169.32,80.78,BENIGN
80,99967,72,848.81,455.78,BENIGN
53,50706,77,404.38,993.36,BENIGN
25,30582,36,572.58,892.1,BENIGN
3306,9132,12,673.65,720.25,BENIGN
8080,808,222,958.09,21.68,DDoS
21,707,179,980.12,34.93,DDoS
53,15481,19,419.38,725.11,BENIGN
8080,19581,52,119.76,140.14,BENIGN
80,88281,75,410.06,255.5,BENIGN
25,19391,4,898.42,776.34,BENIGN
8080,964,146,1070.08,19.72,DDoS
8080,568,103,1260.77,56.37,DDoS
443,234,84,1374.48,24.3,DDoS
22,51322,19,881.47,649.01,BENIGN
443,88582,43,251.35,752.54,BENIGN
22,2002,44,518.68,953.98,BENIGN
25,91818,49,182.15,296.48,BENIGN
3306,388,103,722.18,5.09,DDoS
443,76063,45,679.24,859.98,BENIGN
443,70363,79,214.33,165.54,BENIGN
3306,43497,25,897.81,991.07,BENIGN
21,47743,3,616.28,562.36,BENIGN
8080,8460,30,740.47,314.8,BENIGN
3306,85692,10,192.05,84.29,BENIGN
3306,897,104,1471.32,73.6,DDoS
443,18096,40,94.5,818.22,BENIGN
53,83,283,1221.97,50.01,DDoS
22,560,196,865.46,3.61,DDoS
22,86181,21,742.41,803.21,BENIGN
8080,61433,30,442.51,969.96,BENIGN
21,85337,14,58.61,598.49,BENIGN
53,5125,62,148.7,777.15,BENIGN
21,98552,1,206.01,397.56,BENIGN
443,26339,31,849.13,935.91,BENIGN
21,96937,41,350.48,719.81,BENIGN
8080,332,154,1466.81,49.73,DDoS
53,174,210,972.9,69.34,DDoS
443,915,140,1301.9,58.91,DDoS
8080,541,278,1044.94,8.68,DDoS
22,950,247,870.85,27.82,DDoS
22,111,99,799.08,52.5,DDoS
53,965,132,1257.21,69.47,DDoS
80,68060,24,678.52,142.21,BENIGN
8080,744,241,840.74,73.94,DDoS
443,79,106,1113.25,2.4,DDoS
22,87853,7,476.34,593.06,BENIGN
22,212,91,1180.86,65.84,DDoS
443,646,245,1185.89,75.32,DDoS
80,22197,3,778.24,826.26,BENIGN
3306,87132,65,586.82,554.69,BENIGN
22,783,161,1438.28,51.54,DDoS
3306,24492,70,253.4,943.76,BENIGN
80,48492,70,491.21,778.06,BENIGN
3306,66568,5,433.26,565.35,BENIGN
53,37631,37,400.1,287.91,BENIGN
8080,76350,68,661.2,641.06,BENIGN
21,4703,75,199.76,777.05,BENIGN
53,591,90,1346.01,72.58,DDoS
53,816,292,1442.85,74.12,DDoS
80,12880,39,438.73,550.06,BENIGN
22,53646,25,596.8,614.66,BENIGN
3306,366,275,1107.6,33.33,DDoS
443,36802,7,710.99,838.2,BENIGN
21,45614,36,318.95,432.95,BENIGN
22,86448,23,820.1,206.26,BENIGN
25,60,209,1235.64,5.73,DDoS
3306,54475,12,859.0,305.55,BENIGN
3306,49910,67,613.99,935.66,BENIGN
8080,482,111,739.31,3.46,DDoS
21,890,83,1451.08,13.34,DDoS
8080,916,294,1432.03,33.42,DDoS
8080,69291,43,774.46,190.15,BENIGN
8080,4000,77,617.66,302.93,BENIGN
21,71003,66,738.13,301.97,BENIGN
3306,95359,9,498.49,505.83,BENIGN
8080,58827,52,490.01,147.38,BENIGN
3306,79434,2,586.38,913.09,BENIGN
25,31675,7,229.85,368.08,BENIGN
80,61968,60,276.47,448.84,BENIGN
22,26581,39,842.45,575.3,BENIGN
80,43004,44,330.03,49.13,BENIGN
22,28079,25,741.29,945.46,BENIGN
22,765,102,1485.37,37.59,DDoS
25,717,153,1197.92,33.79,DDoS
8080,241,270,905.86,61.06,DDoS
443,89934,7,145.22,750.41,BENIGN
53,50953,27,816.45,223.87,BENIGN
25,720,282,1116.14,56.5,DDoS
25,63094,66,631.32,295.69,BENIGN
80,381,294,932.3,1.48,DDoS
443,68957,54,377.6,520.51,BENIGN
3306,30734,39,79.74,784.85,BENIGN
21,75085,57,737.05,451.03,BENIGN
443,842,208,1250.93,10.11,DDoS
8080,978,282,1298.57,8.26,DDoS
443,605,149,1120.57,59.21,DDoS
53,62195,54,640.81,284.69,BENIGN
21,57644,30,359.17,739.1,BENIGN
3306,84465,69,692.78,331.0,BENIGN
22,858,199,928.44,36.87,DDoS
25,25255,58,267.15,680.75,BENIGN
22,17243,77,504.34,453.35,BENIGN
22,435,193,1110.21,54.7,DDoS
8080,47476,35,845.97,767.89,BENIGN
25,33136,76,627.73,462.75,BENIGN
80,36533,14,255.42,706.73,BENIGN
3306,11982,28,379.53,210.76,BENIGN
80,409,142,802.08,40.46,DDoS
8080,35083,65,285.96,846.03,BENIGN
443,825,80,1481.22,62.61,DDoS
25,78416,67,485.53,469.93,BENIGN
443,89983,74,389.15,429.38,BENIGN
3306,91065,57,532.18,826.21,BENIGN
53,65672,69,618.92,210.79,BENIGN
80,93286,64,540.15,605.35,BENIGN
25,97466,69,854.6,636.33,BENIGN
25,87364,74,479.94,249.84,BENIGN
22,69200,10,796.57,125.96,BENIGN
3306,18079,36,44.7,748.38,BENIGN
8080,810,254,819.92,77.35,DDoS
3306,64150,37,792.36,927.66,BENIGN
22,96338,23,164.31,651.52,BENIGN
80,48902,40,597.86,476.74,BENIGN
21,66647,72,764.53,827.98,BENIGN
8080,76775,43,265.38,301.1,BENIGN
53,546,225,1288.5,17.96,DDoS
22,87746,58,784.41,112.19,BENIGN
53,872,261,927.42,54.1,DDoS
80,17088,32,822.89,472.04,BENIGN
21,80631,21,500.48,869.19,BENIGN
3306,80550,54,312.2,238.43,BENIGN
8080,31631,60,310.76,940.89,BENIGN
53,13,204,809.71,65.95,DDoS
80,44248,50,44.73,916.23,BENIGN
25,668,89,884.73,51.27,DDoS
443,32039,25,439.0,878.7,BENIGN
3306,551,159,708.22,54.99,DDoS
53,587,290,884.64,76.39,DDoS
8080,6152,57,579.48,205.08,BENIGN
80,5972,68,154.71,145.38,BENIGN
21,90313,76,144.2,58.72,BENIGN
443,1019,66,359.06,663.34,BENIGN
21,16885,75,202.02,269.55,BENIGN
3306,36931,13,362.18,126.91,BENIGN
53,24810,22,287.23,239.86,BENIGN
53,98641,74,360.53,96.35,BENIGN
53,200,269,826.46,77.73,DDoS
22,75591,74,588.29,153.03,BENIGN
8080,67490,16,283.48,202.89,BENIGN
80,177,115,779.9,21.5,DDoS
443,52454,12,85.07,765.0,BENIGN
8080,30316,19,868.97,20.06,BENIGN
21,87815,23,739.24,858.86,BENIGN
443,39443,32,586.91,843.85,BENIGN
21,91135,16,577.36,579.6,BENIGN
443,64637,53,247.74,671.28,BENIGN
443,15159,45,277.67,923.06,BENIGN
3306,91552,58,899.56,96.79,BENIGN
80,962,157,1239.41,72.16,DDoS
53,4588,53,265.64,360.98,BENIGN
80,83545,4,569.89,204.65,BENIGN
25,196,190,1313.35,11.61,DDoS
22,80940,59,152.5,986.45,BENIGN
53,7733,41,365.71,423.78,BENIGN
443,56789,57,853.67,90.3,BENIGN
25,81798,40,731.36,711.0,BENIGN
80,357,227,1060.43,25.69,DDoS
53,317,277,1204.1,36.37,DDoS
22,17,181,1144.92,69.33,DDoS
3306,16182,74,197.32,932.85,BENIGN
53,839,257,812.78,56.13,DDoS
21,15,116,1022.69,7.39,DDoS
21,42902,8,126.24,800.74,BENIGN
53,22753,44,725.68,276.66,BENIGN
80,418,83,932.33,66.29,DDoS
53,93599,57,512.39,297.54,BENIGN
80,45761,56,298.96,780.32,BENIGN
25,20081,75,146.51,412.21,BENIGN
8080,32958,29,272.73,998.38,BENIGN
21,838,133,716.73,50.95,DDoS
25,67201,66,600.54,225.17,BENIGN
53,932,276,1454.0,40.27,DDoS
80,85235,47,384.08,351.26,BENIGN
22,34845,33,84.55,546.37,BENIGN
8080,97236,79,740.28,97.39,BENIGN
21,92605,32,707.58,775.13,BENIGN
21,39883,39,785.49,710.49,BENIGN
53,99950,3,549.94,294.42,BENIGN
443,24930,68,221.25,838.02,BENIGN
21,77502,38,817.17,911.09,BENIGN
22,145,239,1208.5,26.8,DDoS
25,39785,20,416.94,962.5,BENIGN
3306,98179,29,43.02,292.68,BENIGN
8080,4046,73,870.47,872.79,BENIGN
3306,94082,37,97.75,445.58,BENIGN
53,67354,9,51.52,726.68,BENIGN
53,46578,14,181.17,137.82,BENIGN
21,50957,21,250.38,123.19,BENIGN
3306,379,292,1418.33,29.51,DDoS
3306,889,136,700.37,74.79,DDoS
22,208,161,1164.77,69.79,DDoS
3306,842,155,710.16,53.3,DDoS
8080,95139,52,527.58,852.34,BENIGN
3306,1000,266,1427.31,79.8,DDoS
53,91457,65,207.85,685.86,BENIGN
53,49306,61,788.3,276.81,BENIGN
3306,126,286,1355.38,33.87,DDoS
3306,91107,51,686.08,903.94,BENIGN
80,53095,28,249.51,370.41,BENIGN
443,59669,15,112.44,433.98,BENIGN
25,75815,50,555.29,623.49,BENIGN
21,77630,53,839.1,242.07,BENIGN
3306,616,124,1102.59,25.24,DDoS
53,94482,68,217.33,506.7,BENIGN
25,59633,38,99.52,742.13,BENIGN
22,425,269,1452.59,9.26,DDoS
3306,63634,50,704.35,64.22,BENIGN
8080,38,132,962.58,43.81,DDoS
443,57125,47,831.73,618.75,BENIGN
80,83268,51,133.82,849.14,BENIGN
25,50335,1,870.36,675.13,BENIGN
25,52280,40,409.03,839.98,BENIGN
3306,898,131,1228.98,70.51,DDoS
3306,415,125,814.92,7.88,DDoS
53,12427,59,232.39,399.54,BENIGN
3306,55889,59,239.23,615.25,BENIGN
80,65039,21,468.16,504.92,BENIGN
22,424,175,1269.99,32.97,DDoS
25,92528,56,393.67,699.03,BENIGN
25,83408,16,398.34,47.46,BENIGN
3306,113,262,1227.39,77.24,DDoS
21,77301,33,740.44,352.57,BENIGN
21,91325,34,551.41,105.6,BENIGN
53,56402,13,299.08,534.81,BENIGN
8080,941,245,1082.66,64.53,DDoS
22,27691,67,588.51,36.58,BENIGN
22,83837,31,683.9,363.7,BENIGN
25,2240,44,206.21,263.48,BENIGN
80,70834,43,114.53,544.85,BENIGN
3306,8537,51,529.04,695.92,BENIGN
8080,55616,74,114.35,62.05,BENIGN
25,896,171,1122.33,17.03,DDoS
80,34890,8,733.93,774.4,BENIGN
3306,77,181,1024.61,51.39,DDoS
22,1468,51,212.83,298.41,BENIGN
3306,12553,2,290.04,524.64,BENIGN
80,323,296,1221.99,71.58,DDoS
25,48214,68,649.24,268.02,BENIGN
80,23185,39,696.35,258.95,BENIGN
22,71577,77,554.6,159.44,BENIGN
22,45345,37,690.45,832.11,BENIGN
8080,71965,80,60.02,862.35,BENIGN
22,86459,8,866.92,599.62,BENIGN
53,52879,10,699.09,706.14,BENIGN
25,84896,67,186.57,309.16,BENIGN
3306,56653,30,413.72,66.06,BENIGN
443,422,130,1364.61,49.38,DDoS
443,61377,32,209.24,927.47,BENIGN
8080,52903,71,581.18,406.58,BENIGN
8080,59641,6,669.21,640.07,BENIGN
443,338,253,727.11,56.44,DDoS
443,870,189,822.85,14.18,DDoS
3306,25141,16,773.57,276.65,BENIGN
8080,982,194,770.75,63.72,DDoS
8080,500,159,1193.56,65.61,DDoS
3306,3,177,1103.38,42.46,DDoS
53,88416,66,426.18,159.18,BENIGN
3306,318,284,1250.08,70.46,DDoS
443,692,295,740.09,31.86,DDoS
80,63603,4,52.91,960.94,BENIGN
80,72977,74,415.1,319.9,BENIGN
8080,829,230,1314.79,22.22,DDoS
25,10307,53,642.87,130.74,BENIGN
3306,28090,32,374.81,419.64,BENIGN
80,99349,11,765.84,691.48,BENIGN
53,195,85,882.4,31.93,DDoS
21,452,138,1498.66,3.14,DDoS
80,203,167,722.92,57.96,DDoS
53,45,182,816.64,57.53,DDoS
80,36986,18,290.99,945.24,BENIGN
443,83376,10,606.93,534.89,BENIGN
22,77640,21,102.74,83.89,BENIGN
22,83986,49,466.18,359.24,BENIGN
22,98427,34,372.58,937.91,BENIGN
3306,97417,52,496.63,623.43,BENIGN
80,758,204,867.01,1.17,DDoS
25,65764,38,768.59,852.02,BENIGN
8080,18,214,1114.57,13.37,DDoS
80,38024,35,813.74,761.4,BENIGN
21,22466,72,251.33,641.01,BENIGN
25,83402,33,187.88,66.05,BENIGN
80,357,278,925.2,62.87,DDoS
21,98638,66,547.46,247.74,BENIGN
3306,7492,69,64.64,721.18,BENIGN
22,76168,30,607.27,732.23,BENIGN
8080,50259,58,695.86,955.89,BENIGN
80,93302,33,195.98,59.03,BENIGN
3306,99333,43,290.85,829.76,BENIGN
21,83827,26,626.43,231.89,BENIGN
80,96836,47,226.7,899.95,BENIGN
25,810,241,763.63,79.86,DDoS
80,34774,57,600.65,807.37,BENIGN
8080,83600,40,255.32,791.45,BENIGN
8080,68458,24,852.14,588.73,BENIGN
80,572,194,907.12,45.75,DDoS
22,101,278,1269.76,27.73,DDoS
3306,69229,52,734.51,734.8,BENIGN
443,73061,36,767.22,396.49,BENIGN
443,35091,14,609.24,902.36,BENIGN
21,88907,16,65.72,413.14,BENIGN
53,422,125,1375.1,33.83,DDoS
80,24623,44,820.39,739.75,BENIGN
25,72150,54,329.82,248.06,BENIGN
3306,55930,51,435.8,229.17,BENIGN
80,29694,19,784.25,128.99,BENIGN
53,37343,42,523.08,100.4,BENIGN
25,81119,74,862.7,860.51,BENIGN
21,706,261,781.03,54.27,DDoS
3306,526,132,1252.42,38.47,DDoS
53,70883,76,582.96,520.83,BENIGN
25,15365,4,361.39,430.41,BENIGN
22,30604,78,478.25,290.91,BENIGN
22,20967,63,716.51,199.8,BENIGN
25,946,160,1468.05,59.48,DDoS
443,56838,18,335.78,402.74,BENIGN
25,9472,65,356.75,136.63,BENIGN
25,58875,60,757.57,396.16,BENIGN
8080,631,130,1118.89,47.51,DDoS
25,68036,51,797.22,129.06,BENIGN
443,75187,22,520.35,692.56,BENIGN
21,38,294,804.48,51.29,DDoS
22,44631,72,811.91,551.34,BENIGN
21,84121,28,362.24,319.28,BENIGN
8080,72904,38,176.87,21.4,BENIGN
8080,83382,33,834.29,195.6,BENIGN
25,88783,44,412.79,329.52,BENIGN
3306,54608,72,484.6,325.64,BENIGN
22,99957,76,750.12,679.0,BENIGN
22,98366,26,460.05,204.34,BENIGN
3306,675,157,1371.53,41.64,DDoS
21,41650,37,523.35,962.65,BENIGN
53,4132,67,295.11,800.32,BENIGN
443,586,112,774.46,38.12,DDoS
3306,34711,36,651.91,830.45,BENIGN
3306,82,286,834.18,63.17,DDoS
25,4586,5,143.38,66.71,BENIGN
21,437,272,998.09,72.34,DDoS
53,893,118,982.2,12.29,DDoS
25,425,284,822.64,48.76,DDoS
80,435,187,1438.8,20.83,DDoS
3306,65930,7,833.2,451.57,BENIGN
80,69,291,740.86,72.47,DDoS
8080,94828,47,455.88,971.72,BENIGN
53,351,278,1260.53,44.45,DDoS
25,13190,14,448.99,775.05,BENIGN
8080,92296,52,571.27,694.36,BENIGN
25,72629,11,471.06,497.94,BENIGN
443,48110,71,547.04,137.18,BENIGN
3306,19219,31,557.74,477.17,BENIGN
25,70,227,991.24,6.32,DDoS
53,14913,2,859.48,831.92,BENIGN
25,724,280,755.98,45.7,DDoS
3306,672,164,1416.6,41.27,DDoS
80,8218,25,815.03,923.01,BENIGN
3306,9290,39,403.8,221.15,BENIGN
53,810,300,1067.91,23.47,DDoS
22,457,246,1038.84,72.11,DDoS
21,484,81,1499.61,77.73,DDoS
80,98987,48,799.54,905.85,BENIGN
53,82834,17,386.53,596.23,BENIGN
3306,18567,7,887.45,991.96,BENIGN
53,890,106,901.18,40.76,DDoS
22,5080,19,646.17,510.51,BENIGN
443,11625,71,55.34,137.28,BENIGN
8080,26178,47,547.3,208.02,BENIGN
53,89287,55,254.68,910.32,BENIGN
25,69809,67,781.03,538.88,BENIGN
8080,702,238,1414.97,48.63,DDoS
443,95866,28,223.48,138.04,BENIGN
22,18055,71,486.16,650.23,BENIGN
53,721,259,1374.03,25.57,DDoS
22,903,215,1077.82,29.8,DDoS
21,4523,43,632.7,496.56,BENIGN
53,39660,15,832.03,432.6,BENIGN
80,63496,5,725.03,174.98,BENIGN
443,37362,14,50.83,480.33,BENIGN
25,527,224,1036.57,60.07,DDoS
3306,2351,1,277.32,780.24,BENIGN
21,45805,64,561.69,156.9,BENIGN
22,62084,28,431.08,182.86,BENIGN
8080,27361,58,166.62,326.07,BENIGN
25,95847,16,180.55,175.83,BENIGN
8080,10583,38,598.33,644.39,BENIGN
53,947,91,748.1,7.71,DDoS
8080,736,286,1108.76,18.86,DDoS
80,18618,77,456.64,36.53,BENIGN
8080,31943,65,896.05,712.17,BENIGN
3306,87966,34,70.21,221.22,BENIGN
21,73671,74,377.13,509.76,BENIGN
3306,30180,63,367.01,143.83,BENIGN
80,44375,74,581.74,653.51,BENIGN
80,302,250,940.09,38.75,DDoS
80,336,89,1337.86,79.09,DDoS
443,44705,75,274.96,32.51,BENIGN
22,44266,54,584.83,996.4,BENIGN
80,51494,10,55.25,374.75,BENIGN
443,498,286,783.92,74.92,DDoS
22,58781,20,518.22,114.16,BENIGN
21,1797,72,569.07,533.98,BENIGN
25,48646,28,104.42,686.92,BENIGN
21,331,271,751.27,23.92,DDoS
53,69097,69,242.01,847.38,BENIGN
80,6312,76,431.4,851.48,BENIGN
3306,73278,18,701.65,693.55,BENIGN
25,96721,46,461.01,114.07,BENIGN
25,25524,25,84.71,450.36,BENIGN
8080,63044,71,389.89,657.22,BENIGN
21,14144,26,758.68,56.27,BENIGN
22,22101,22,58.7,306.46,BENIGN
3306,667,189,1090.49,49.29,DDoS
3306,12127,76,579.21,719.19,BENIGN
80,24798,65,643.25,704.11,BENIGN
3306,207,264,1300.75,54.97,DDoS
21,776,232,1397.68,58.93,DDoS
80,31266,10,337.98,635.68,BENIGN
3306,323,244,1326.53,6.81,DDoS
25,23885,75,863.07,653.06,BENIGN
22,56603,30,882.01,540.59,BENIGN
80,334,256,876.15,67.36,DDoS
80,42,97,1208.08,43.16,DDoS
53,940,142,1433.87,38.41,DDoS
80,11021,19,183.15,153.48,BENIGN
3306,46897,17,856.79,113.24,BENIGN
25,822,243,918.2,14.28,DDoS
8080,93258,7,69.61,920.1,BENIGN
25,120,162,1103.56,40.85,DDoS
443,11919,9,759.9,855.18,BENIGN
80,88049,39,132.26,829.76,BENIGN
8080,8811,10,137.64,183.23,BENIGN
8080,8860,67,196.27,478.18,BENIGN
80,604,204,897.03,0.66,DDoS
443,38257,78,860.8,502.99,BENIGN
443,79684,12,67.1,382.48,BENIGN
21,50995,69,471.45,999.57,BENIGN
8080,99546,53,95.22,574.7,BENIGN
21,71706,31,331.81,604.22,BENIGN
25,44999,30,866.06,750.14,BENIGN
25,81492,80,679.23,366.88,BENIGN
22,96942,40,449.77,33.24,BENIGN
443,64442,71,206.19,736.57,BENIGN
3306,953,295,916.11,2.81,DDoS
8080,70134,43,475.16,91.6,BENIGN
8080,60009,61,112.98,982.11,BENIGN
25,48296,61,406.55,899.05,BENIGN
25,10347,8,771.78,715.5,BENIGN
80,292,124,1322.5,2.64,DDoS
22,944,260,1287.09,18.72,DDoS
53,66615,9,316.82,832.97,BENIGN
80,2227,60,840.71,658.79,BENIGN
443,57213,78,40.58,825.06,BENIGN
21,94602,60,321.45,79.55,BENIGN
443,34884,39,836.74,252.24,BENIGN
21,54833,78,184.6,410.88,BENIGN
22,79232,45,122.37,965.21,BENIGN
22,71026,30,202.21,915.84,BENIGN
21,11412,41,827.75,903.73,BENIGN
53,61575,60,445.05,684.46,BENIGN
8080,547,238,1183.82,66.16,DDoS
3306,4057,8,109.57,122.32,BENIGN
25,514,193,754.0,75.47,DDoS
25,88285,68,591.31,587.49,BENIGN
22,8658,74,89.46,783.47,BENIGN
53,42884,71,296.97,819.34,BENIGN
80,877,186,1455.37,50.67,DDoS
21,419,260,1007.35,31.59,DDoS
80,55562,67,527.67,937.49,BENIGN
8080,98119,48,671.35,864.42,BENIGN
25,26901,59,588.86,278.06,BENIGN
80,35483,15,540.09,189.89,BENIGN
443,421,253,1321.22,8.33,DDoS
53,26013,64,530.27,451.61,BENIGN
80,337,137,1347.9,15.58,DDoS
53,338,111,1378.35,42.15,DDoS
25,3563,34,494.28,746.04,BENIGN
53,27759,11,253.66,460.81,BENIGN
21,93983,35,761.38,137.85,BENIGN
3306,47945,7,227.69,483.95,BENIGN
80,2398,62,260.72,524.62,BENIGN
53,58172,69,164.47,74.12,BENIGN
53,735,281,1419.0,72.83,DDoS
3306,23745,7,456.04,924.22,BENIGN
25,76047,47,652.54,502.54,BENIGN
443,96684,65,412.61,607.77,BENIGN
53,49153,3,734.01,447.5,BENIGN
22,56550,44,846.83,524.41,BENIGN
21,78259,19,772.38,665.69,BENIGN
8080,111,108,706.39,73.93,DDoS
443,65681,66,210.25,996.04,BENIGN
25,10297,80,90.55,694.93,BENIGN
3306,56743,15,456.2,421.31,BENIGN
443,69920,66,802.23,823.57,BENIGN
3306,3816,54,98.22,708.44,BENIGN
8080,350,256,744.26,36.06,DDoS
22,80878,15,730.4,489.09,BENIGN
3306,35870,8,714.34,957.46,BENIGN
21,315,133,919.67,14.65,DDoS
8080,91150,41,550.48,960.83,BENIGN
25,464,107,1090.81,66.34,DDoS
22,42084,63,540.38,845.87,BENIGN
443,71643,55,694.23,217.85,BENIGN
25,985,267,863.1,58.72,DDoS
21,31583,57,42.87,140.07,BENIGN
53,69817,78,434.76,153.67,BENIGN
25,418,103,1462.55,62.36,DDoS
25,486,244,1244.76,3.49,DDoS
80,731,239,1126.59,34.22,DDoS
22,82,111,1431.18,60.36,DDoS
53,791,179,968.48,14.43,DDoS
80,53750,68,263.51,434.7,BENIGN
3306,47837,54,354.91,265.18,BENIGN
443,661,95,872.02,35.4,DDoS
25,26371,55,297.48,426.71,BENIGN
53,11315,21,297.48,561.23,BENIGN
3306,84877,39,104.3,364.73,BENIGN
53,16886,32,863.73,976.78,BENIGN
443,33447,75,884.61,534.96,BENIGN
80,173,281,1339.45,12.79,DDoS
25,96013,23,193.69,36.03,BENIGN
443,85294,10,225.21,378.63,BENIGN
22,25760,53,394.93,756.33,BENIGN
21,80268,19,465.34,221.46,BENIGN
21,39846,63,201.28,958.35,BENIGN
443,76011,43,858.92,378.28,BENIGN
3306,71786,33,449.03,991.44,BENIGN
80,35149,9,830.99,190.57,BENIGN
25,66524,15,458.0,397.51,BENIGN
21,36610,40,199.34,946.63,BENIGN
3306,219,292,838.88,39.44,DDoS
21,22960,75,626.21,952.64,BENIGN
21,62526,15,182.09,55.69,BENIGN
443,393,222,734.09,3.5,DDoS
53,36384,19,250.91,641.76,BENIGN
25,52347,62,872.19,214.08,BENIGN
22,76698,13,513.84,707.23,BENIGN
80,48520,65,495.31,942.55,BENIGN
21,68205,24,277.07,829.45,BENIGN
443,9747,68,488.83,844.21,BENIGN
3306,60222,6,643.87,434.2,BENIGN
22,71764,34,461.75,520.96,BENIGN
3306,252,207,1379.68,74.42,DDoS
443,74671,48,71.49,145.16,BENIGN
3306,33527,40,79.58,296.27,BENIGN
8080,630,85,1304.24,38.08,DDoS
21,9025,2,102.07,378.78,BENIGN
22,334,195,1138.56,23.08,DDoS
25,965,204,719.12,67.15,DDoS
22,26370,67,465.61,927.9,BENIGN
22,77838,22,551.02,910.18,BENIGN
443,97174,11,604.08,958.97,BENIGN
80,57,280,1096.59,17.88,DDoS
53,550,266,1204.16,16.96,DDoS
25,51390,6,863.14,638.61,BENIGN
3306,486,115,1174.26,21.88,DDoS
25,177,299,810.73,72.22,DDoS
25,153,208,1391.44,51.33,DDoS
22,163,241,1003.02,61.86,DDoS
22,24622,18,168.96,456.59,BENIGN
25,86253,46,493.8,319.1,BENIGN
443,840,196,875.17,49.85,DDoS
443,96792,66,686.33,723.96,BENIGN
53,38877,19,280.77,816.25,BENIGN
3306,232,171,1348.45,39.38,DDoS
22,153,87,1308.63,17.63,DDoS
21,81978,71,71.03,46.02,BENIGN
53,81085,30,390.46,450.05,BENIGN
443,37122,45,335.52,774.69,BENIGN
21,36830,40,161.17,995.87,BENIGN
25,30162,63,166.27,570.91,BENIGN
22,210,285,902.99,17.06,DDoS
8080,49747,58,588.6,852.56,BENIGN
25,71958,44,119.44,969.74,BENIGN
443,110,179,963.92,9.11,DDoS
3306,34065,45,846.7,700.8,BENIGN
25,47136,57,70.03,488.13,BENIGN
25,13269,47,574.99,105.12,BENIGN
22,30688,30,354.81,183.56,BENIGN
8080,45140,3,145.26,348.52,BENIGN
443,8213,32,666.69,101.5,BENIGN
25,26239,18,60.32,668.62,BENIGN
53,5203,11,879.56,465.99,BENIGN
53,17527,56,706.21,58.52,BENIGN
3306,83505,72,638.32,649.78,BENIGN
80,99310,62,54.18,630.03,BENIGN
21,72294,70,390.49,243.78,BENIGN
25,41992,55,522.21,116.64,BENIGN
8080,588,280,1469.25,6.91,DDoS
21,596,246,866.07,68.83,DDoS
22,20187,57,357.43,145.93,BENIGN
21,66619,51,204.36,693.51,BENIGN
443,865,142,1280.59,60.47,DDoS
8080,26845,26,187.63,608.52,BENIGN
443,13810,72,364.44,322.92,BENIGN
443,10686,44,120.1,753.8,BENIGN
21,947,185,1337.59,48.41,DDoS
3306,796,175,1441.69,47.59,DDoS
3306,77637,3,84.53,34.48,BENIGN
80,204,127,828.21,3.21,DDoS
21,880,248,851.81,45.06,DDoS
21,635,197,896.14,70.48,DDoS
8080,28874,72,485.27,652.45,BENIGN
443,22099,80,644.95,324.81,BENIGN
21,22141,65,794.4,822.14,BENIGN
3306,128,190,726.61,6.84,DDoS
25,20435,72,576.46,949.03,BENIGN
53,9987,17,767.74,821.23,BENIGN
443,991,172,1305.64,0.45,DDoS
80,98734,77,461.53,524.45,BENIGN
80,37897,20,641.69,589.98,BENIGN
25,89208,52,765.72,438.2,BENIGN
443,5345,7,558.95,323.76,BENIGN
21,143,114,1431.84,30.69,DDoS
22,22552,61,108.36,890.91,BENIGN
53,85368,45,51.15,944.86,BENIGN
22,30908,17,879.3,469.17,BENIGN
80,77227,35,820.3,821.53,BENIGN
22,11901,64,843.22,783.96,BENIGN
21,98912,75,794.19,229.86,BENIGN
443,53197,11,415.18,522.21,BENIGN
3306,30293,4,836.79,216.1,BENIGN
8080,493,175,1136.2,42.45,DDoS
443,59185,5,127.94,227.49,BENIGN
443,1773,19,529.33,827.18,BENIGN
53,23715,27,841.82,247.43,BENIGN
8080,70438,55,157.2,288.1,BENIGN
53,30844,38,821.37,148.5,BENIGN
443,3183,16,262.35,289.19,BENIGN
22,1705,47,367.69,402.67,BENIGN
25,60243,54,50.8,769.63,BENIGN
53,366,111,1088.78,19.05,DDoS
80,555,159,887.6,49.37,DDoS
22,92498,73,62.95,710.95,BENIGN
3306,35247,50,411.47,526.74,BENIGN
53,52434,72,448.9,748.01,BENIGN
443,59380,55,610.56,993.53,BENIGN
443,20315,36,462.8,805.44,BENIGN
8080,91541,75,432.29,437.25,BENIGN
53,57755,48,554.31,893.65,BENIGN
53,73107,21,446.89,942.27,BENIGN
3306,81546,36,894.34,553.88,BENIGN
21,42082,60,365.98,308.55,BENIGN
53,6352,7,133.81,500.56,BENIGN
22,48454,21,874.73,746.3,BENIGN
22,64578,17,620.76,189.41,BENIGN
21,55989,47,235.47,878.12,BENIGN
25,652,95,1484.43,64.79,DDoS
53,50542,64,430.91,559.61,BENIGN
80,20008,7,205.39,283.1,BENIGN
25,475,224,1371.97,57.78,DDoS
53,12659,47,798.15,196.88,BENIGN
21,9169,73,566.25,383.09,BENIGN
3306,854,121,1088.42,44.57,DDoS
22,73,232,1127.59,22.79,DDoS
80,57608,50,426.97,735.77,BENIGN
3306,144,242,1189.64,54.69,DDoS
3306,331,96,1019.22,6.83,DDoS
8080,33777,61,763.47,492.83,BENIGN
443,805,157,795.45,11.56,DDoS
25,99426,68,463.8,78.27,BENIGN
8080,278,168,744.81,50.97,DDoS
8080,641,201,1018.78,53.46,DDoS
443,25404,25,803.21,834.72,BENIGN
22,86552,28,409.94,964.5,BENIGN
22,506,185,744.89,51.04,DDoS
25,33,194,897.19,18.99,DDoS
80,32711,12,413.56,616.76,BENIGN
80,59830,78,52.14,898.59,BENIGN
80,6810,44,328.3,763.3,BENIGN
21,76193,25,882.07,282.93,BENIGN
443,86589,50,113.46,625.22,BENIGN
25,625,258,1149.11,12.17,DDoS
53,43522,44,830.12,456.55,BENIGN
443,82260,34,658.4,997.28,BENIGN
80,69333,79,72.85,396.16,BENIGN
22,273,83,1165.68,7.05,DDoS
443,55531,73,227.67,260.46,BENIGN
22,33560,49,212.63,336.4,BENIGN
80,36228,29,202.42,745.88,BENIGN
21,35979,48,713.94,113.42,BENIGN
21,55501,13,719.97,878.18,BENIGN
3306,73296,15,321.95,934.96,BENIGN
3306,478,157,1221.25,1.46,DDoS
21,75861,13,417.43,700.33,BENIGN
80,56520,3,615.52,992.84,BENIGN
443,19241,45,418.1,80.83,BENIGN
53,974,117,912.43,44.0,DDoS
25,9772,40,449.32,991.53,BENIGN
3306,44166,5,882.56,809.66,BENIGN
80,24929,15,624.3,749.99,BENIGN
3306,40771,57,46.02,324.08,BENIGN
80,11756,52,333.5,87.96,BENIGN
3306,18630,43,394.51,590.38,BENIGN
8080,69,188,1333.65,69.17,DDoS
80,23940,49,820.13,791.0,BENIGN
21,24467,20,739.2,922.79,BENIGN
25,38618,50,544.01,531.03,BENIGN
22,56343,68,103.36,288.62,BENIGN
80,85064,36,269.26,388.64,BENIGN
80,6579,18,841.89,461.17,BENIGN
443,59537,14,269.29,123.5,BENIGN
53,625,90,1482.41,27.73,DDoS
21,9845,75,898.4,957.31,BENIGN
53,50161,27,118.1,237.17,BENIGN
21,56576,4,440.88,87.58,BENIGN
8080,17779,14,863.44,668.94,BENIGN
8080,22458,18,182.87,623.04,BENIGN
443,319,127,1378.79,6.35,DDoS
21,64325,75,634.73,637.31,BENIGN
80,34762,80,669.69,693.14,BENIGN
22,11244,23,54.88,667.82,BENIGN
22,77355,44,789.95,323.76,BENIGN
53,68418,36,338.3,651.47,BENIGN
22,71221,59,638.76,922.33,BENIGN
443,4,192,934.09,71.84,DDoS
25,425,293,924.89,35.35,DDoS
80,599,122,741.73,60.24,DDoS
25,8973,54,587.84,606.53,BENIGN
22,20368,74,167.08,286.23,BENIGN
3306,177,295,1107.82,1.63,DDoS
80,61860,31,867.96,917.22,BENIGN
25,905,173,1200.72,51.3,DDoS
25,154,98,1102.87,66.43,DDoS
80,57472,54,819.63,363.2,BENIGN
8080,436,172,1407.22,18.67,DDoS
80,7576,20,414.49,891.76,BENIGN
443,466,114,1340.65,35.6,DDoS
8080,266,133,1243.28,55.89,DDoS
3306,13318,10,504.29,598.7,BENIGN
21,796,262,1420.47,52.16,DDoS
8080,591,126,1153.27,19.32,DDoS
21,89609,36,561.38,173.64,BENIGN
3306,73287,80,442.62,636.6,BENIGN
3306,17339,15,500.52,474.1,BENIGN
443,3665,74,174.91,931.88,BENIGN
22,59079,71,826.18,447.93,BENIGN
25,16111,78,328.93,953.49,BENIGN
80,26023,34,99.5,245.08,BENIGN
8080,10412,60,370.89,506.59,BENIGN
22,86022,62,167.83,495.35,BENIGN
80,53207,25,336.08,700.17,BENIGN
443,715,172,759.43,74.34,DDoS
443,179,239,1389.19,42.16,DDoS
21,69522,56,120.81,690.41,BENIGN
22,904,163,1426.62,2.1,DDoS
443,8427,76,119.32,76.71,BENIGN
8080,89112,75,237.42,486.23,BENIGN
3306,30592,67,605.36,335.78,BENIGN
21,52243,70,838.48,627.48,BENIGN
22,95697,7,47.78,869.98,BENIGN
22,477,279,1396.08,77.87,DDoS
80,68912,9,324.85,700.94,BENIGN
80,96778,59,465.72,878.31,BENIGN
3306,540,127,1028.38,23.25,DDoS
21,52973,34,815.33,838.05,BENIGN
25,46945,29,97.23,892.58,BENIGN
3306,57086,72,563.81,454.57,BENIGN
53,63180,41,422.25,89.39,BENIGN
443,24059,48,340.74,627.38,BENIGN
8080,27573,78,744.63,576.14,BENIGN
21,10,96,1233.53,57.65,DDoS
3306,55667,68,781.22,296.9,BENIGN
53,59276,21,350.2,344.35,BENIGN
22,95875,20,275.97,816.96,BENIGN
80,1000,213,1287.69,72.35,DDoS
53,22246,75,282.59,622.97,BENIGN
8080,38,107,738.18,67.07,DDoS
21,16223,40,610.1,679.32,BENIGN
80,75510,39,74.8,453.01,BENIGN
21,82772,13,527.88,928.35,BENIGN
21,580,174,1354.55,8.95,DDoS
3306,92769,58,66.53,806.75,BENIGN
443,10603,54,536.87,616.84,BENIGN
25,85356,72,700.02,474.01,BENIGN
25,280,270,1432.03,35.28,DDoS
80,712,198,817.52,74.79,DDoS
25,73690,23,103.03,594.21,BENIGN
53,64407,78,715.53,719.85,BENIGN
21,973,297,1014.82,14.22,DDoS
22,40458,47,608.77,934.21,BENIGN
8080,526,298,1283.47,15.43,DDoS
22,375,153,1282.67,14.43,DDoS
25,36928,41,390.68,954.01,BENIGN
22,123,132,831.19,42.91,DDoS
8080,51620,10,214.51,510.07,BENIGN
22,678,265,816.22,56.85,DDoS
3306,1501,67,875.04,398.45,BENIGN
25,39980,5,444.36,302.02,BENIGN
80,94816,14,481.83,631.57,BENIGN
443,64980,78,830.23,549.9,BENIGN
443,327,258,1491.14,39.22,DDoS
443,48047,21,464.33,708.24,BENIGN
22,56791,11,772.11,830.32,BENIGN
21,59,284,1396.42,31.82,DDoS
53,860,123,855.17,13.75,DDoS
443,85173,75,733.64,467.28,BENIGN
443,14686,11,222.43,485.36,BENIGN
3306,12803,77,645.54,468.41,BENIGN
25,604,190,1329.58,47.52,DDoS
3306,23697,52,366.51,112.69,BENIGN
3306,815,219,838.98,53.12,DDoS
25,6379,7,422.86,933.24,BENIGN
443,19094,58,102.94,731.98,BENIGN
8080,127,277,1196.83,35.53,DDoS
80,80525,52,688.95,469.52,BENIGN
3306,487,132,1365.24,77.09,DDoS
21,19943,56,459.86,425.87,BENIGN
25,513,296,923.8,25.92,DDoS
443,17783,3,390.66,144.12,BENIGN
25,33629,61,50.86,285.1,BENIGN
25,64444,13,820.57,696.7,BENIGN
53,65572,72,726.33,973.13,BENIGN
8080,611,209,886.96,57.45,DDoS
443,78442,63,803.2,672.11,BENIGN
3306,928,289,912.76,9.41,DDoS
53,725,286,1012.67,79.56,DDoS
443,95875,18,493.61,167.87,BENIGN
3306,87288,45,204.36,575.47,BENIGN
22,65343,55,655.19,635.48,BENIGN
53,432,273,1376.74,24.57,DDoS
3306,87568,54,703.35,453.77,BENIGN
21,947,114,1356.08,27.22,DDoS
21,246,152,729.93,74.05,DDoS
3306,146,276,1280.7,32.07,DDoS
21,535,191,722.52,25.23,DDoS
443,235,100,1266.64,32.07,DDoS
80,95921,20,567.11,863.52,BENIGN
21,342,110,861.84,58.2,DDoS
80,79773,76,84.81,664.07,BENIGN
80,53724,71,101.69,886.36,BENIGN
8080,90995,1,866.6,648.75,BENIGN
53,57356,22,882.36,485.33,BENIGN
21,215,119,1463.8,57.6,DDoS
53,494,223,919.28,31.13,DDoS
53,38124,8,362.96,694.49,BENIGN
25,834,165,1176.02,78.75,DDoS
25,92399,7,725.73,229.38,BENIGN
443,45,271,962.63,24.46,DDoS
3306,60006,40,131.14,534.26,BENIGN
8080,89260,17,286.74,42.15,BENIGN
21,14051,41,690.01,662.94,BENIGN
8080,3222,59,325.51,972.39,BENIGN
3306,642,143,1392.41,45.78,DDoS
443,584,180,948.46,67.85,DDoS
80,38051,26,384.48,305.03,BENIGN
443,94368,55,83.26,647.76,BENIGN
53,56969,43,821.68,433.54,BENIGN
53,56042,49,155.6,244.77,BENIGN
443,912,198,1330.17,79.23,DDoS
21,536,253,1289.32,42.98,DDoS
3306,48260,72,368.49,312.83,BENIGN
443,91702,10,769.03,237.88,BENIGN
25,99380,47,451.86,986.74,BENIGN
53,732,210,1078.73,38.85,DDoS
21,41410,61,730.58,548.04,BENIGN
443,30814,78,84.57,56.02,BENIGN
3306,144,262,1285.74,60.79,DDoS
8080,96416,42,585.56,118.98,BENIGN
80,601,135,1439.17,47.65,DDoS
443,20740,43,715.83,591.18,BENIGN
8080,29105,18,658.8,302.42,BENIGN
3306,425,183,1257.48,76.48,DDoS
8080,402,185,1325.73,73.39,DDoS
80,726,118,1112.02,26.5,DDoS
443,11111,16,587.26,48.24,BENIGN
53,50260,12,780.85,348.58,BENIGN
21,95426,20,438.79,928.55,BENIGN
443,85622,35,95.57,70.76,BENIGN
53,69346,69,445.68,304.43,BENIGN
80,82040,4,648.74,267.19,BENIGN
8080,21476,49,63.8,709.51,BENIGN
8080,852,155,1286.97,30.76,DDoS
22,64734,19,740.96,568.12,BENIGN
53,214,99,942.35,44.69,DDoS
22,55437,55,473.61,191.72,BENIGN
21,72385,44,689.62,963.25,BENIGN
25,44154,24,776.66,359.74,BENIGN
25,5984,8,337.86,156.72,BENIGN
21,26277,19,574.68,51.88,BENIGN
443,93561,12,406.44,718.8,BENIGN
3306,24331,79,629.6,574.08,BENIGN
3306,12986,25,368.62,337.77,BENIGN
80,209,206,906.32,50.78,DDoS
53,17263,20,895.76,627.16,BENIGN
3306,5769,7,636.5,506.21,BENIGN
8080,59621,12,351.16,790.45,BENIGN
53,91474,25,534.69,298.28,BENIGN
3306,93267,79,94.14,296.37,BENIGN
8080,82184,1,538.42,137.7,BENIGN
80,77865,41,552.99,777.31,BENIGN
3306,19,298,872.16,10.25,DDoS
3306,18565,44,670.55,73.65,BENIGN
22,26,210,1074.51,2.68,DDoS
53,283,185,1087.24,38.43,DDoS
3306,73572,72,832.07,456.84,BENIGN
21,92,94,1106.37,78.69,DDoS
443,2006,61,603.96,898.96,BENIGN
3306,65943,22,191.33,774.49,BENIGN
8080,16132,44,766.01,459.05,BENIGN
21,27609,37,721.96,110.91,BENIGN
443,88030,7,85.45,659.71,BENIGN
25,83046,6,327.72,543.26,BENIGN
21,78672,36,250.12,498.01,BENIGN
80,57311,27,385.93,567.34,BENIGN
53,67491,52,660.6,388.31,BENIGN
22,34001,11,875.27,811.27,BENIGN
3306,276,282,781.09,31.94,DDoS
3306,39909,28,647.11,835.34,BENIGN
21,63,272,1279.41,45.6,DDoS
21,68013,19,371.26,873.99,BENIGN
53,348,184,1309.99,78.94,DDoS
22,38,95,1165.03,50.73,DDoS
53,37502,10,118.57,484.22,BENIGN
22,57234,63,248.23,713.54,BENIGN
53,9649,14,334.27,120.15,BENIGN
53,57803,77,801.43,431.43,BENIGN
25,6169,61,203.56,624.56,BENIGN
443,31488,12,60.23,255.77,BENIGN
3306,71936,67,847.04,441.05,BENIGN
21,14160,19,233.7,678.02,BENIGN
8080,50653,58,299.48,264.26,BENIGN
25,5725,78,380.04,995.65,BENIGN
3306,214,210,1320.52,5.43,DDoS
22,113,119,750.9,49.53,DDoS
21,136,268,853.47,73.86,DDoS
21,8432,32,158.69,720.25,BENIGN
21,444,144,846.48,29.12,DDoS
53,66453,10,814.64,199.61,BENIGN
25,40666,36,107.26,123.43,BENIGN
3306,22444,78,749.25,721.65,BENIGN
22,18190,65,802.54,336.67,BENIGN
53,75995,16,819.09,445.35,BENIGN
21,92285,2,811.67,870.85,BENIGN
80,97733,75,519.29,910.07,BENIGN
25,6491,9,444.26,94.64,BENIGN
443,70880,34,595.82,888.87,BENIGN
21,34946,6,93.4,331.38,BENIGN
22,85191,12,877.98,677.43,BENIGN
3306,307,229,1474.69,17.73,DDoS
21,84138,40,709.4,640.56,BENIGN
80,30065,65,537.08,224.62,BENIGN
21,82515,75,315.74,715.9,BENIGN
8080,205,266,1078.35,51.65,DDoS
53,84952,53,692.53,81.87,BENIGN
21,248,274,975.19,22.93,DDoS
3306,18610,50,74.37,355.94,BENIGN
8080,47531,45,505.65,351.39,BENIGN
443,97224,68,526.92,915.1,BENIGN
21,484,197,1247.24,20.16,DDoS
8080,73727,43,221.96,615.51,BENIGN
443,17210,9,231.87,73.57,BENIGN
22,19990,11,813.41,122.6,BENIGN
3306,14264,58,400.84,369.33,BENIGN
25,212,295,1243.09,51.15,DDoS
22,224,104,814.79,26.07,DDoS
443,1223,8,816.48,297.76,BENIGN
25,10899,2,346.38,532.43,BENIGN
22,894,287,1144.9,4.25,DDoS
3306,54621,53,324.45,955.73,BENIGN
22,638,143,1461.31,30.24,DDoS
22,790,141,1448.36,78.06,DDoS
3306,76105,45,270.06,686.31,BENIGN
8080,92145,73,818.22,160.68,BENIGN
8080,7739,60,815.5,167.27,BENIGN
443,54575,24,608.63,626.97,BENIGN
25,922,202,832.51,48.48,DDoS
22,17953,6,557.74,657.86,BENIGN
25,18476,44,718.71,497.15,BENIGN
80,13,298,1139.85,3.66,DDoS
53,18082,19,451.92,685.7,BENIGN
22,9298,64,482.07,347.67,BENIGN
25,27902,35,85.68,364.21,BENIGN
25,91940,52,417.72,910.17,BENIGN
25,83509,25,420.35,820.6,BENIGN
53,73804,6,214.49,454.49,BENIGN
21,701,183,1293.09,66.08,DDoS
22,345,203,1121.03,76.59,DDoS
21,998,236,1291.65,74.82,DDoS
22,41118,7,413.86,388.53,BENIGN
22,52963,40,305.69,285.76,BENIGN
25,58694,38,331.33,737.73,BENIGN
22,389,211,1305.99,0.42,DDoS
80,77825,25,182.93,450.08,BENIGN
21,95973,68,698.35,83.74,BENIGN
8080,17984,43,758.04,245.54,BENIGN
53,47046,42,159.19,334.54,BENIGN
22,7656,70,535.19,799.35,BENIGN
25,54689,7,609.44,480.98,BENIGN
80,27073,32,154.59,795.65,BENIGN
8080,66654,27,581.28,224.06,BENIGN
53,524,291,975.9,58.77,DDoS
21,30339,50,59.4,513.78,BENIGN
22,32630,51,158.2,557.59,BENIGN
25,96983,41,45.52,937.86,BENIGN
21,732,198,1481.44,5.21,DDoS
80,89410,50,619.23,648.82,BENIGN
22,12044,75,144.72,773.71,BENIGN
3306,459,131,1322.9,35.74,DDoS
3306,97985,27,503.19,389.94,BENIGN
443,8970,59,511.71,762.31,BENIGN
25,871,233,905.64,9.79,DDoS
8080,68157,79,515.28,147.89,BENIGN
443,54649,19,455.02,307.91,BENIGN
443,535,274,1342.77,33.29,DDoS
22,925,132,1125.51,71.93,DDoS
3306,511,125,1164.69,2.78,DDoS
21,85119,63,786.49,744.24,BENIGN
21,16610,79,885.29,974.04,BENIGN
25,305,163,993.71,75.05,DDoS
80,203,169,1191.23,13.52,DDoS
8080,931,202,1217.27,69.82,DDoS
22,77208,17,750.66,172.15,BENIGN
80,963,132,743.22,40.39,DDoS
25,9687,53,716.65,164.61,BENIGN
3306,14237,19,582.44,365.85,BENIGN
443,92059,22,202.38,786.1,BENIGN
3306,30,291,859.34,43.15,DDoS
53,89987,48,386.31,895.39,BENIGN
443,299,85,1387.07,58.15,DDoS
80,67698,2,735.07,74.2,BENIGN
3306,10450,60,807.19,554.92,BENIGN
22,252,113,875.35,74.99,DDoS
53,777,267,864.44,52.81,DDoS
25,68749,15,836.16,194.14,BENIGN
21,977,120,1080.1,29.05,DDoS
25,3822,62,404.74,86.21,BENIGN
443,419,135,1392.01,4.4,DDoS
21,192,101,1425.5,30.18,DDoS
21,897,97,1484.88,59.81,DDoS
21,43154,44,856.99,202.53,BENIGN
21,775,96,1253.99,62.93,DDoS
443,385,104,1489.8,24.58,DDoS
22,61912,1,577.17,233.44,BENIGN
25,80698,67,746.93,807.88,BENIGN
22,174,272,1288.42,19.51,DDoS
25,58600,4,553.89,576.91,BENIGN
21,20211,46,636.18,85.03,BENIGN
22,830,261,953.44,42.68,DDoS
53,124,175,999.32,60.8,DDoS
53,35615,72,535.55,264.72,BENIGN
25,127,132,710.5,8.17,DDoS
80,317,277,1454.35,66.35,DDoS
53,909,96,1228.46,30.8,DDoS
80,436,256,794.71,56.58,DDoS
3306,483,148,1452.27,68.81,DDoS
25,68010,4,206.63,579.95,BENIGN
3306,819,139,1277.44,78.14,DDoS
21,72276,31,355.14,452.86,BENIGN
8080,58649,39,888.42,497.86,BENIGN
443,42912,43,392.56,531.23,BENIGN
21,31891,20,169.91,276.56,BENIGN
3306,31502,14,736.59,941.17,BENIGN
3306,2,230,1193.23,56.27,DDoS
53,51848,26,256.31,70.98,BENIGN
53,20,288,926.24,10.8,DDoS
8080,149,97,1060.39,16.59,DDoS
443,675,213,1356.03,78.03,DDoS
22,712,240,846.21,63.13,DDoS
53,350,222,1458.86,79.04,DDoS
3306,63335,30,568.53,206.13,BENIGN
25,24107,67,127.9,548.67,BENIGN
8080,85460,69,255.33,467.9,BENIGN
21,30998,11,531.62,912.88,BENIGN
8080,83277,58,642.36,290.63,BENIGN
3306,93735,60,332.15,558.95,BENIGN
80,13200,43,655.45,734.9,BENIGN
53,87697,64,74.03,960.93,BENIGN
8080,50055,61,431.52,658.51,BENIGN
80,7149,42,637.55,426.71,BENIGN
80,73617,74,411.64,236.28,BENIGN
22,72403,23,67.35,548.64,BENIGN
25,92232,11,180.79,789.39,BENIGN
21,748,99,1413.16,29.62,DDoS
443,20623,64,663.55,808.83,BENIGN
3306,410,125,741.33,77.28,DDoS
53,66099,17,262.33,891.74,BENIGN
80,75280,75,861.24,952.24,BENIGN
8080,2771,59,95.71,162.24,BENIGN
8080,18443,56,621.46,680.78,BENIGN
25,45413,57,390.67,671.3,BENIGN
53,859,298,1369.27,2.9,DDoS
8080,90966,41,337.51,258.95,BENIGN
21,3674,62,726.46,292.58,BENIGN
22,70573,59,175.77,668.55,BENIGN
25,86648,47,561.16,230.31,BENIGN
53,38488,22,207.67,313.68,BENIGN
53,33362,20,508.5,32.33,BENIGN
443,5808,51,213.13,534.59,BENIGN
443,559,190,1117.73,47.03,DDoS
22,599,255,1263.28,74.37,DDoS
21,26027,36,579.61,942.46,BENIGN
443,18516,72,284.95,812.8,BENIGN
21,99853,8,787.02,561.62,BENIGN
80,33985,79,672.39,878.87,BENIGN
443,72695,60,228.48,248.48,BENIGN
443,581,164,741.49,33.14,DDoS
22,313,149,720.69,29.11,DDoS
22,73477,79,507.85,258.2,BENIGN
25,696,213,1089.32,53.48,DDoS
80,335,293,1422.41,12.93,DDoS
8080,75513,65,98.32,955.05,BENIGN
8080,81615,43,97.52,355.36,BENIGN
3306,40454,18,767.26,881.02,BENIGN
80,5875,54,246.11,307.18,BENIGN
25,62,155,1367.77,42.43,DDoS
21,88563,70,812.03,617.24,BENIGN
21,83501,35,420.91,230.19,BENIGN
25,65041,78,532.16,254.75,BENIGN
21,799,194,1327.46,9.08,DDoS
22,60465,56,780.42,918.06,BENIGN
443,97647,64,551.53,478.58,BENIGN
25,76965,58,226.18,40.05,BENIGN
53,500,270,755.7,18.25,DDoS
53,42627,48,458.1,296.66,BENIGN
80,33664,20,150.4,92.65,BENIGN
3306,632,244,1429.07,5.44,DDoS
80,62900,2,569.54,322.34,BENIGN
8080,66001,21,700.82,106.95,BENIGN
8080,98252,65,861.89,644.14,BENIGN
22,96159,50,527.24,518.4,BENIGN
80,46782,26,667.61,322.95,BENIGN
21,66129,37,530.25,899.4,BENIGN
22,6452,70,96.76,69.19,BENIGN
22,36426,46,389.28,90.09,BENIGN
80,859,200,1471.35,13.48,DDoS
21,88036,42,767.21,737.49,BENIGN
53,42542,74,550.24,96.63,BENIGN
80,86633,24,453.54,330.99,BENIGN
25,31767,62,775.65,707.24,BENIGN
3306,27159,68,857.89,129.41,BENIGN
443,50848,72,94.41,761.63,BENIGN
22,45462,68,129.2,502.35,BENIGN
8080,158,156,1215.07,25.65,DDoS
25,963,244,1128.15,29.31,DDoS
443,958,260,1399.67,70.47,DDoS
8080,63054,80,721.27,109.82,BENIGN
21,4030,8,322.79,592.62,BENIGN
21,29912,11,798.25,187.97,BENIGN
443,15445,2,623.61,318.9,BENIGN
80,54194,48,696.45,251.96,BENIGN
80,27,188,1129.87,32.41,DDoS
53,25733,21,83.39,153.22,BENIGN
21,164,117,1408.52,37.19,DDoS
21,21515,67,846.81,994.11,BENIGN
8080,7367,10,213.01,492.92,BENIGN
80,575,237,889.64,57.78,DDoS
8080,98191,71,624.55,889.45,BENIGN
443,75644,29,177.63,613.84,BENIGN
3306,314,136,779.22,10.07,DDoS
53,28,224,1091.5,52.23,DDoS
22,83619,46,463.93,651.05,BENIGN
25,69289,55,156.97,530.48,BENIGN
25,76866,74,465.56,208.1,BENIGN
53,75747,33,486.89,502.54,BENIGN
80,123,194,981.76,7.63,DDoS
21,60170,45,67.85,651.75,BENIGN
443,47882,59,204.5,439.83,BENIGN
3306,74412,1,139.54,45.42,BENIGN
80,985,215,1220.7,9.76,DDoS
80,88949,40,421.03,351.92,BENIGN
21,38857,5,520.43,565.21,BENIGN
80,26843,63,179.79,918.43,BENIGN
80,41245,12,517.56,36.71,BENIGN
53,77828,53,54.73,717.14,BENIGN
80,73140,64,239.47,559.48,BENIGN
53,103,173,1311.71,18.45,DDoS
22,80294,63,401.78,513.73,BENIGN
53,32977,65,122.13,771.21,BENIGN
22,93268,22,718.87,614.58,BENIGN
8080,59680,46,309.12,793.26,BENIGN
8080,5093,56,822.76,700.82,BENIGN
22,812,227,1351.75,79.75,DDoS
21,33936,32,149.65,495.28,BENIGN
80,191,272,1476.89,74.86,DDoS
53,241,253,1295.72,71.41,DDoS
22,160,242,1351.82,55.48,DDoS
25,8759,24,896.08,742.46,BENIGN
8080,143,95,1038.78,60.86,DDoS
21,112,86,1347.6,30.87,DDoS
25,63119,60,330.03,895.89,BENIGN
3306,197,250,1211.88,37.64,DDoS
21,20056,15,420.33,347.93,BENIGN
25,22030,22,482.74,671.52,BENIGN
21,722,258,878.76,48.16,DDoS
21,25536,28,516.75,71.96,BENIGN
3306,79988,12,539.92,100.98,BENIGN
443,932,201,939.53,26.33,DDoS
25,791,161,1210.46,39.66,DDoS
80,258,108,1433.48,13.86,DDoS
3306,792,120,1149.2,22.91,DDoS
3306,903,234,800.72,37.72,DDoS
22,695,264,756.83,17.92,DDoS
3306,86969,34,540.45,809.22,BENIGN
8080,60043,10,404.16,528.98,BENIGN
22,10446,77,65.84,58.21,BENIGN
8080,984,170,917.24,29.99,DDoS
21,38548,67,458.0,42.39,BENIGN
443,712,207,778.0,65.29,DDoS
80,63154,79,197.02,159.71,BENIGN
22,64374,32,381.07,214.82,BENIGN
25,53598,20,836.9,801.55,BENIGN
25,171,178,1431.91,65.47,DDoS
443,70878,47,727.66,778.42,BENIGN
443,963,213,1048.32,29.56,DDoS
3306,29013,75,266.91,685.97,BENIGN
53,18533,33,215.31,306.23,BENIGN
22,818,145,814.04,60.4,DDoS
53,54641,29,793.87,320.95,BENIGN
22,7,144,789.2,1.46,DDoS
21,45209,68,565.53,30.66,BENIGN
25,65269,22,514.08,988.78,BENIGN
3306,53974,69,899.85,793.74,BENIGN
8080,714,256,1295.98,36.74,DDoS
25,108,197,1110.25,32.66,DDoS
80,23541,55,300.89,151.48,BENIGN
21,908,185,1244.71,63.2,DDoS
80,938,194,1015.63,79.16,DDoS
3306,60656,45,489.09,696.95,BENIGN
21,710,149,1070.83,68.57,DDoS
3306,98885,22,239.42,712.0,BENIGN
3306,89232,32,423.95,903.37,BENIGN
53,1685,34,864.54,985.18,BENIGN
3306,64166,33,89.04,627.15,BENIGN
80,52889,77,183.31,833.27,BENIGN
443,12383,45,607.85,440.24,BENIGN
53,81791,19,431.41,564.04,BENIGN
3306,19845,34,625.85,30.55,BENIGN
3306,64088,61,830.58,234.39,BENIGN
22,598,166,1330.11,4.3,DDoS
25,74452,50,866.42,954.27,BENIGN
3306,27443,14,267.23,107.99,BENIGN
80,26294,78,427.63,973.91,BENIGN
21,10294,23,53.59,902.96,BENIGN
80,395,206,1459.3,18.41,DDoS
8080,23924,31,431.11,773.89,BENIGN
25,55480,16,139.42,355.42,BENIGN
25,26017,65,791.57,29.52,BENIGN
443,9143,46,769.03,109.25,BENIGN
25,434,265,1029.9,41.83,DDoS
443,81464,69,374.45,997.75,BENIGN
22,250,212,859.54,18.16,DDoS
25,843,241,1361.72,35.03,DDoS
22,89,90,1075.72,36.63,DDoS
22,31909,74,392.13,97.6,BENIGN
443,22592,62,720.1,381.97,BENIGN
80,23989,59,688.1,75.97,BENIGN
22,44393,21,815.87,90.4,BENIGN
25,851,171,972.5,74.66,DDoS
80,2374,37,448.19,689.84,BENIGN
443,18402,67,56.62,570.56,BENIGN
21,103,110,1013.51,43.11,DDoS
443,10,215,860.04,8.27,DDoS
53,886,281,1059.15,44.52,DDoS
8080,419,89,1107.05,32.63,DDoS
21,12214,77,864.72,157.48,BENIGN
443,79490,34,266.05,295.95,BENIGN
8080,65956,75,183.05,184.65,BENIGN
22,75883,42,453.55,710.21,BENIGN
8080,26742,68,561.22,205.84,BENIGN
21,15752,78,338.29,476.56,BENIGN
3306,31769,13,507.76,590.78,BENIGN
3306,634,276,1147.45,29.27,DDoS
3306,91932,59,643.64,475.85,BENIGN
8080,51202,69,487.75,51.93,BENIGN
8080,97852,77,606.47,419.9,BENIGN
443,50923,28,888.08,647.17,BENIGN
25,73415,49,683.99,999.4,BENIGN
80,17380,7,323.62,134.0,BENIGN
21,820,115,1229.15,64.35,DDoS
443,98117,1,174.99,814.92,BENIGN
22,330,228,1370.91,25.85,DDoS
80,92182,69,232.09,151.39,BENIGN
25,33020,69,194.99,408.52,BENIGN
3306,94076,59,70.98,162.33,BENIGN
443,88838,61,667.56,623.88,BENIGN
443,13341,80,858.99,547.94,BENIGN
8080,58309,8,716.93,655.09,BENIGN
53,33124,18,672.4,442.62,BENIGN
22,53399,44,630.62,726.97,BENIGN
443,99461,73,892.55,487.08,BENIGN
443,789,123,718.07,58.57,DDoS
53,24311,15,379.15,955.42,BENIGN
443,82050,77,772.26,998.18,BENIGN
25,32793,29,888.29,909.01,BENIGN
8080,552,181,895.53,23.25,DDoS
22,19265,50,711.58,876.09,BENIGN
53,596,266,1174.39,69.79,DDoS
3306,30224,76,54.77,849.2,BENIGN
3306,434,132,868.69,74.13,DDoS
53,20414,68,794.56,46.47,BENIGN
22,658,200,744.1,62.0,DDoS
3306,3797,80,732.52,984.65,BENIGN
22,10348,37,97.07,675.91,BENIGN
22,52060,15,177.62,596.95,BENIGN
443,562,231,905.54,79.81,DDoS
25,360,289,764.96,62.58,DDoS
53,32615,68,625.84,569.62,BENIGN
8080,3759,49,433.03,94.26,BENIGN
22,462,289,1441.42,59.44,DDoS
80,906,140,783.68,24.72,DDoS
21,30810,78,48.59,101.9,BENIGN
22,30040,74,807.95,569.29,BENIGN
22,91726,18,739.34,435.12,BENIGN
80,121,124,1499.72,5.65,DDoS
22,84420,50,297.71,608.73,BENIGN
22,89534,7,697.69,399.7,BENIGN
443,86524,26,284.25,567.76,BENIGN
80,394,168,1016.41,11.58,DDoS
25,41770,61,159.29,424.35,BENIGN
21,870,89,1485.21,43.15,DDoS
25,66031,20,454.01,878.75,BENIGN
22,72835,54,374.95,603.29,BENIGN
80,59284,27,749.65,313.57,BENIGN
443,71439,3,665.46,520.18,BENIGN
22,15241,51,832.35,613.0,BENIGN
22,738,207,1161.18,61.79,DDoS
22,94678,39,155.05,642.28,BENIGN
3306,416,208,718.38,36.51,DDoS
53,52904,58,312.77,400.74,BENIGN
80,50051,32,599.06,929.79,BENIGN
3306,16526,2,739.41,894.41,BENIGN
80,97111,43,133.75,941.8,BENIGN
8080,4,91,1199.5,63.73,DDoS
53,52809,35,789.87,160.52,BENIGN
25,360,284,803.93,0.76,DDoS
8080,35445,11,357.53,507.39,BENIGN
25,267,127,901.42,37.07,DDoS
8080,554,230,776.74,68.61,DDoS
25,99847,40,408.58,339.47,BENIGN
21,56492,48,365.65,914.07,BENIGN
3306,31,283,862.97,51.44,DDoS
21,88952,69,864.82,493.82,BENIGN
21,14776,64,148.7,769.82,BENIGN
8080,18506,67,513.68,878.79,BENIGN
53,29143,13,308.33,992.69,BENIGN
80,87890,20,340.45,58.85,BENIGN
80,38995,21,616.41,582.42,BENIGN
25,72219,23,801.25,251.76,BENIGN
80,77880,75,861.04,883.48,BENIGN
8080,86230,5,688.73,89.29,BENIGN
443,667,118,1451.6,36.75,DDoS
443,57956,24,377.4,938.47,BENIGN
25,36198,18,177.78,251.7,BENIGN
22,70487,37,301.9,325.4,BENIGN
25,582,266,1306.59,25.35,DDoS
8080,98606,59,742.3,686.85,BENIGN
25,2370,38,569.88,270.94,BENIGN
443,48632,25,372.09,139.21,BENIGN
443,91098,70,797.88,234.07,BENIGN
22,20808,13,760.67,536.13,BENIGN
25,6207,39,750.2,121.86,BENIGN
443,2465,8,834.93,145.35,BENIGN
3306,525,254,1401.36,5.66,DDoS
21,98491,8,591.09,436.33,BENIGN
80,345,221,1311.68,59.52,DDoS
21,46489,14,661.93,151.62,BENIGN
25,19366,80,264.95,176.66,BENIGN
443,15437,55,848.8,443.87,BENIGN
25,22271,35,491.32,261.46,BENIGN
8080,508,156,1259.36,29.26,DDoS
22,212,207,981.35,46.29,DDoS
21,376,281,1141.64,62.35,DDoS
443,515,205,789.43,47.28,DDoS
25,46157,56,523.23,784.65,BENIGN
53,99354,78,580.32,198.01,BENIGN
25,54283,67,67.55,153.49,BENIGN
25,47720,10,203.19,337.27,BENIGN
22,434,207,1224.29,76.42,DDoS
3306,837,83,1046.65,49.28,DDoS
21,35939,60,579.71,199.54,BENIGN
21,47472,42,613.55,402.0,BENIGN
25,41965,9,130.03,299.5,BENIGN
22,89405,26,657.11,409.53,BENIGN
22,81871,73,742.33,442.98,BENIGN
443,320,149,1094.1,29.16,DDoS
25,65974,10,534.83,928.5,BENIGN
8080,714,237,1014.11,21.07,DDoS
25,60467,40,112.44,518.09,BENIGN
53,941,177,901.63,2.31,DDoS
22,48450,18,882.38,236.61,BENIGN
25,416,230,1260.05,15.24,DDoS
8080,60624,24,142.52,442.15,BENIGN
22,17961,56,119.34,414.02,BENIGN
21,587,224,877.61,56.68,DDoS
53,171,194,1267.52,47.49,DDoS
80,363,160,1328.83,68.66,DDoS
3306,949,295,1304.61,42.34,DDoS
80,82948,18,737.24,429.01,BENIGN
8080,755,184,1217.99,18.6,DDoS
21,7281,75,429.11,163.69,BENIGN
53,59102,11,836.52,176.07,BENIGN
53,54760,32,145.56,737.38,BENIGN
25,23598,48,861.54,313.8,BENIGN
21,71646,68,661.43,847.76,BENIGN
3306,67545,20,841.12,293.31,BENIGN
443,139,198,1088.27,9.05,DDoS
25,39801,22,622.9,545.35,BENIGN
21,25814,62,508.39,567.29,BENIGN
53,473,169,1100.9,6.47,DDoS
3306,336,293,745.89,26.52,DDoS
8080,220,107,1042.1,23.82,DDoS
21,564,282,1144.18,72.62,DDoS
21,5705,62,594.79,632.57,BENIGN
21,354,176,1359.55,40.92,DDoS
53,19160,68,96.1,910.53,BENIGN
80,562,127,814.42,66.37,DDoS
21,8355,28,214.49,577.31,BENIGN
8080,84617,79,721.54,262.9,BENIGN
22,47811,66,513.79,296.41,BENIGN
80,689,219,1028.12,50.68,DDoS
22,66992,19,685.53,696.5,BENIGN
443,627,184,1347.36,39.97,DDoS
21,60244,41,613.13,745.92,BENIGN
22,47675,49,366.19,528.09,BENIGN
53,67870,22,195.63,28.63,BENIGN
25,66423,59,457.72,52.51,BENIGN
53,76894,65,309.34,79.22,BENIGN
80,84407,18,222.54,548.38,BENIGN
21,56411,30,373.0,259.55,BENIGN
443,46150,39,363.04,148.01,BENIGN
443,752,124,1211.89,42.92,DDoS
3306,89705,58,202.78,670.33,BENIGN
443,857,243,1223.85,69.84,DDoS
53,85484,54,832.02,679.98,BENIGN
443,70673,43,641.58,957.89,BENIGN
53,7,126,1219.52,7.37,DDoS
53,14304,70,51.25,937.41,BENIGN
21,947,236,823.48,76.22,DDoS
21,98424,30,319.11,725.46,BENIGN
22,2575,80,487.83,421.64,BENIGN
25,25710,67,81.06,427.89,BENIGN
21,48374,54,207.07,689.38,BENIGN
21,98409,1,674.57,241.73,BENIGN
8080,433,209,780.2,25.67,DDoS
8080,90691,21,122.95,709.2,BENIGN
3306,134,118,1162.65,18.15,DDoS
3306,63998,14,503.86,286.72,BENIGN
25,195,115,1062.06,19.46,DDoS
3306,96162,50,423.67,660.69,BENIGN
80,14045,67,659.08,719.92,BENIGN
3306,51549,75,554.48,750.88,BENIGN
3306,25,193,1468.61,11.66,DDoS
80,73091,33,617.15,394.96,BENIGN
80,89547,45,368.11,200.73,BENIGN
25,128,216,747.38,77.69,DDoS
443,83423,38,583.32,254.49,BENIGN
21,735,161,1214.27,14.97,DDoS
3306,763,89,1400.23,2.09,DDoS
80,61250,74,430.47,781.88,BENIGN
53,10704,59,475.53,424.48,BENIGN
21,66652,9,479.94,980.0,BENIGN
443,409,131,1251.75,79.17,DDoS
3306,66838,35,147.85,846.93,BENIGN
22,28767,56,110.55,859.25,BENIGN
22,325,167,1417.2,71.53,DDoS
8080,60936,21,440.22,558.99,BENIGN
443,87140,65,718.87,270.5,BENIGN
21,876,198,1004.03,64.59,DDoS
80,21684,51,739.61,498.53,BENIGN
21,54370,9,519.18,472.99,BENIGN
3306,37497,10,486.31,277.52,BENIGN
21,87765,74,537.62,168.33,BENIGN
22,57257,26,701.96,164.18,BENIGN
53,622,194,1180.75,40.85,DDoS
443,28850,39,457.77,752.57,BENIGN
3306,502,142,1130.58,73.89,DDoS
8080,9849,80,410.74,225.61,BENIGN
25,4296,32,790.49,869.86,BENIGN
25,40543,80,861.53,104.1,BENIGN
22,632,193,1239.29,65.5,DDoS
22,2822,71,834.78,208.17,BENIGN
80,14484,38,409.3,838.81,BENIGN
443,46934,10,111.27,643.3,BENIGN
53,64968,7,247.12,746.49,BENIGN
443,243,176,731.2,71.01,DDoS
8080,49387,58,594.58,447.57,BENIGN
22,75672,39,55.32,103.42,BENIGN
25,44456,65,716.21,288.59,BENIGN
53,65055,57,357.25,317.27,BENIGN
53,23394,60,616.41,805.7,BENIGN
53,262,247,1000.31,28.4,DDoS
3306,27942,32,448.09,978.71,BENIGN
443,79728,26,314.49,869.93,BENIGN
25,932,108,1033.05,4.23,DDoS
443,62309,7,215.31,686.88,BENIGN
443,29435,42,180.24,169.62,BENIGN
3306,77062,36,323.37,806.96,BENIGN
21,42242,44,295.84,642.81,BENIGN
25,18501,36,274.04,868.48,BENIGN
22,82245,71,425.02,654.73,BENIGN
53,87618,5,117.24,890.88,BENIGN
53,27066,62,564.91,833.61,BENIGN
3306,547,185,1477.06,25.74,DDoS
80,16817,11,385.74,350.01,BENIGN
3306,47379,13,110.15,975.85,BENIGN
8080,373,174,1142.0,64.12,DDoS
80,89310,7,397.76,661.28,BENIGN
25,63921,24,590.01,204.04,BENIGN
80,71458,35,670.72,859.54,BENIGN
80,97117,55,879.46,726.27,BENIGN
22,65755,68,158.63,947.46,BENIGN
443,14,234,1243.42,58.03,DDoS
25,23136,9,535.76,814.65,BENIGN
80,705,249,1307.82,70.83,DDoS
443,55918,70,76.11,284.41,BENIGN
443,43812,26,324.2,891.86,BENIGN
22,339,210,1059.96,6.43,DDoS
53,2296,7,607.84,364.32,BENIGN
8080,2861,14,684.68,462.09,BENIGN
80,8466,42,840.15,597.62,BENIGN
53,30475,17,345.54,670.58,BENIGN
22,85706,26,261.61,187.7,BENIGN
53,85535,11,833.47,683.59,BENIGN
80,145,164,1112.29,50.9,DDoS
80,224,182,1203.18,19.11,DDoS
25,916,188,1287.2,1.17,DDoS
25,971,247,910.92,39.72,DDoS
22,2567,78,584.28,523.24,BENIGN
80,860,269,1055.91,51.22,DDoS
25,55946,49,453.22,318.84,BENIGN
22,298,243,1220.51,58.33,DDoS
25,68153,39,228.43,58.61,BENIGN
443,520,274,1459.24,3.67,DDoS
3306,889,101,863.69,17.0,DDoS
8080,4151,54,58.89,78.95,BENIGN
8080,100,281,1337.33,31.61,DDoS
25,73925,37,883.2,366.8,BENIGN
22,55067,22,342.03,847.27,BENIGN
21,679,246,800.53,34.64,DDoS
53,58736,31,200.43,145.81,BENIGN
53,60020,18,587.5,474.71,BENIGN
21,763,83,713.0,57.27,DDoS
443,1483,24,528.96,613.27,BENIGN
21,2480,74,709.36,583.82,BENIGN
25,74085,73,830.34,639.0,BENIGN
8080,621,252,1455.33,52.75,DDoS
25,9395,27,793.61,56.95,BENIGN
53,804,223,933.46,13.9,DDoS
22,558,154,1289.14,17.41,DDoS
22,900,292,884.26,2.98,DDoS
80,297,267,1435.19,49.7,DDoS
22,4786,17,552.76,688.87,BENIGN
25,85191,24,62.7,43.44,BENIGN
53,7581,3,761.07,188.78,BENIGN
22,11984,66,889.26,26.92,BENIGN
22,84597,15,268.48,536.25,BENIGN
22,506,297,896.47,28.05,DDoS
3306,18313,63,395.73,34.03,BENIGN
25,51063,30,840.04,641.88,BENIGN
25,87097,32,562.21,905.89,BENIGN
21,73003,71,116.26,949.68,BENIGN
53,894,82,884.8,39.91,DDoS
21,9207,40,253.46,839.29,BENIGN
22,604,215,1148.74,55.91,DDoS
8080,32583,26,659.72,472.71,BENIGN
21,99682,24,500.69,296.33,BENIGN
8080,54947,29,471.48,199.39,BENIGN
8080,20473,9,170.7,70.05,BENIGN
443,53970,35,842.66,891.67,BENIGN
443,49220,46,527.99,417.19,BENIGN
25,5137,25,788.07,152.72,BENIGN
25,16,141,1190.84,58.21,DDoS
21,22582,30,614.03,375.48,BENIGN
53,752,284,755.28,46.02,DDoS
3306,73325,9,235.65,635.27,BENIGN
3306,882,117,814.26,54.8,DDoS
53,57206,43,352.86,139.22,BENIGN
25,17817,30,330.69,357.43,BENIGN
25,136,198,924.44,55.09,DDoS
53,479,90,1410.99,46.33,DDoS
21,387,105,1059.82,25.23,DDoS
3306,93585,65,286.79,304.86,BENIGN
80,56343,63,304.3,616.53,BENIGN
53,395,87,822.79,40.58,DDoS
80,4063,58,690.87,125.47,BENIGN
21,67673,7,806.13,161.91,BENIGN
8080,690,273,1106.67,45.05,DDoS
80,9121,70,500.54,846.93,BENIGN
21,555,242,1183.28,30.99,DDoS
8080,35359,10,641.69,196.69,BENIGN
53,19934,77,393.61,954.19,BENIGN
443,33723,72,195.83,736.28,BENIGN
53,98234,80,309.06,161.37,BENIGN
3306,441,193,1113.71,11.48,DDoS
3306,64307,42,409.79,465.04,BENIGN
21,90766,72,381.66,460.89,BENIGN
8080,44790,76,662.45,927.24,BENIGN
443,69380,80,818.86,701.4,BENIGN
443,543,267,1054.92,74.24,DDoS
25,645,217,1370.81,20.94,DDoS
3306,59043,28,181.12,397.7,BENIGN
22,55647,9,329.6,664.37,BENIGN
3306,41439,7,455.5,403.97,BENIGN
53,971,252,1130.87,75.95,DDoS
25,41298,76,889.62,335.47,BENIGN
53,98127,36,116.63,261.01,BENIGN
21,46030,77,831.85,126.41,BENIGN
443,293,249,1246.51,21.57,DDoS
8080,534,117,974.12,68.38,DDoS
8080,97458,16,255.89,319.83,BENIGN
53,46260,8,88.68,927.08,BENIGN
53,5673,45,99.51,209.42,BENIGN
443,48162,76,300.92,999.8,BENIGN
53,95114,70,201.45,588.26,BENIGN
22,362,292,1389.38,70.75,DDoS
80,430,82,1056.86,51.76,DDoS
21,79697,62,380.63,159.95,BENIGN
443,65577,6,241.72,873.26,BENIGN
53,30713,37,99.8,470.32,BENIGN
53,91382,11,864.28,123.14,BENIGN
8080,167,153,951.38,49.73,DDoS
80,97,120,1302.19,68.02,DDoS
80,74797,69,288.02,35.85,BENIGN
80,85279,74,273.12,992.49,BENIGN
443,13125,78,741.32,625.74,BENIGN
25,69541,54,660.16,358.12,BENIGN
3306,92110,12,356.59,255.94,BENIGN
3306,36740,50,586.56,351.32,BENIGN
8080,385,227,1009.72,61.25,DDoS
53,68871,45,235.9,994.24,BENIGN
25,41556,78,186.39,636.74,BENIGN
25,988,99,1348.32,5.9,DDoS
3306,31593,45,702.43,207.3,BENIGN
22,973,110,773.74,11.31,DDoS
80,58251,37,315.22,490.51,BENIGN
22,75864,73,761.1,293.53,BENIGN
443,3372,31,74.37,225.53,BENIGN
443,54035,10,876.61,348.2,BENIGN
25,409,192,741.88,34.3,DDoS
80,612,133,1307.72,56.16,DDoS
25,56794,12,290.25,32.08,BENIGN
53,52353,3,77.5,298.53,BENIGN
22,46566,63,281.48,820.43,BENIGN
8080,15008,57,304.21,310.97,BENIGN
22,70082,70,761.39,329.67,BENIGN
22,87652,45,335.26,404.55,BENIGN
22,71169,8,891.71,395.67,BENIGN
25,633,233,1109.98,3.58,DDoS
22,71031,12,825.51,30.11,BENIGN
80,323,232,1205.85,65.18,DDoS
25,53807,16,259.5,677.72,BENIGN
25,15785,56,552.68,491.59,BENIGN
22,73923,19,727.96,75.75,BENIGN
80,637,107,793.26,48.23,DDoS
53,16336,49,517.1,882.75,BENIGN
21,61664,80,205.92,530.49,BENIGN
3306,34694,51,557.7,636.23,BENIGN
443,2831,79,407.53,236.5,BENIGN
53,942,278,1309.47,54.68,DDoS
53,188,141,999.2,36.67,DDoS
25,18813,60,635.12,346.53,BENIGN
8080,29,246,751.72,43.49,DDoS
25,20875,6,391.91,413.4,BENIGN
25,66051,52,458.73,733.1,BENIGN
25,17098,25,774.11,522.14,BENIGN
22,618,207,804.85,73.3,DDoS
3306,28882,17,570.83,438.79,BENIGN
3306,47371,57,306.67,943.13,BENIGN
22,53521,60,775.23,646.19,BENIGN
443,75355,64,829.45,28.06,BENIGN
443,832,264,1405.14,51.85,DDoS
80,91,170,1380.38,5.61,DDoS
80,2363,47,636.51,225.8,BENIGN
21,91112,70,315.9,894.05,BENIGN
53,339,164,1018.12,22.03,DDoS
443,97267,57,853.98,315.58,BENIGN
25,52116,4,124.32,531.28,BENIGN
53,48049,62,624.18,521.27,BENIGN
3306,611,170,1256.99,60.35,DDoS
8080,20587,34,619.84,418.89,BENIGN
22,91081,55,84.5,764.63,BENIGN
80,265,269,1342.13,54.01,DDoS
22,944,226,1336.05,58.14,DDoS
443,93648,66,665.86,251.13,BENIGN
21,912,281,989.65,56.94,DDoS
21,86088,24,310.85,367.81,BENIGN
53,571,183,1306.94,26.7,DDoS
22,97759,65,177.99,974.57,BENIGN
3306,73424,45,156.63,689.72,BENIGN
25,230,166,1177.24,6.11,DDoS
8080,870,198,718.22,61.1,DDoS
443,815,146,1107.81,11.88,DDoS
80,25020,44,568.44,514.23,BENIGN
8080,59162,27,550.84,235.73,BENIGN
53,84855,52,46.44,371.74,BENIGN
3306,162,274,1365.7,63.39,DDoS
443,35845,31,764.6,330.55,BENIGN
8080,79026,41,390.23,843.64,BENIGN
53,2907,61,92.95,446.67,BENIGN
22,63156,25,374.42,900.57,BENIGN
8080,916,246,846.57,73.38,DDoS
25,38085,70,721.53,111.16,BENIGN
21,72600,64,499.18,854.76,BENIGN
443,72130,37,288.91,577.82,BENIGN
53,351,286,957.2,41.27,DDoS
8080,61753,26,879.56,985.33,BENIGN
53,886,287,724.95,18.52,DDoS
22,83535,45,299.27,860.25,BENIGN
22,27344,33,708.9,20.17,BENIGN
3306,37416,59,507.07,373.92,BENIGN
3306,958,88,1199.5,57.63,DDoS
443,636,217,1004.41,40.46,DDoS
80,18120,9,739.48,303.11,BENIGN
443,74909,27,189.13,813.5,BENIGN
80,52303,9,343.55,690.73,BENIGN
443,79600,11,416.38,609.9,BENIGN
25,74937,41,57.95,964.79,BENIGN
80,2499,52,197.76,336.0,BENIGN
80,10958,58,740.05,346.39,BENIGN
21,823,219,1215.98,2.98,DDoS
53,27111,73,715.68,236.63,BENIGN
21,85050,36,456.93,474.79,BENIGN
80,55978,56,84.01,371.64,BENIGN
8080,17776,61,216.89,849.6,BENIGN
22,10253,13,177.27,849.03,BENIGN
53,19248,11,483.25,605.83,BENIGN
80,15408,56,859.61,689.79,BENIGN
21,46067,10,380.38,943.6,BENIGN
25,15,142,909.28,66.03,DDoS
25,69272,42,233.28,331.39,BENIGN
53,999,240,1064.34,23.31,DDoS
443,74736,13,627.96,392.52,BENIGN
21,940,218,719.04,10.77,DDoS
8080,18186,64,567.5,510.45,BENIGN
3306,8792,58,175.01,79.53,BENIGN
22,25917,29,717.94,41.09,BENIGN
3306,789,220,848.56,11.4,DDoS
21,45143,21,517.89,222.45,BENIGN
8080,59582,41,784.6,843.34,BENIGN
53,50441,49,113.81,51.71,BENIGN
443,16584,68,395.07,27.3,BENIGN
80,89076,17,359.97,859.01,BENIGN
80,901,224,1304.68,46.94,DDoS
53,80817,39,194.85,792.86,BENIGN
21,85265,79,468.46,501.61,BENIGN
22,39222,44,364.96,90.81,BENIGN
53,64570,33,171.76,855.69,BENIGN
443,77568,46,692.53,368.16,BENIGN
21,16026,73,667.43,265.87,BENIGN
80,446,162,940.87,69.12,DDoS
53,80813,19,298.62,662.27,BENIGN
3306,57039,52,103.47,875.45,BENIGN
25,894,94,1375.76,35.06,DDoS
80,2755,54,118.58,58.65,BENIGN
22,16056,48,357.89,902.37,BENIGN
8080,25330,15,886.31,422.67,BENIGN
53,83029,33,671.43,315.18,BENIGN
80,60059,56,885.63,320.43,BENIGN
443,42503,48,576.21,630.29,BENIGN
25,48523,16,781.71,150.69,BENIGN
80,66170,38,164.73,131.89,BENIGN
22,800,200,1294.66,63.85,DDoS
443,310,162,849.3,19.36,DDoS
443,777,153,806.99,72.42,DDoS
443,500,230,869.75,45.81,DDoS
21,197,83,1401.9,5.66,DDoS
3306,57497,2,561.71,258.84,BENIGN
21,79297,7,602.58,234.04,BENIGN
443,254,225,856.1,30.51,DDoS
8080,715,201,818.6,60.82,DDoS
22,12631,10,350.64,678.89,BENIGN
25,55072,23,842.62,512.78,BENIGN
53,54092,30,854.38,792.23,BENIGN
443,67043,8,202.47,978.22,BENIGN
25,77115,36,175.57,226.96,BENIGN
80,96949,46,293.58,503.22,BENIGN
8080,87794,52,574.8,240.45,BENIGN
53,80826,75,102.14,813.11,BENIGN
53,67439,1,563.37,86.76,BENIGN
443,62388,61,640.0,98.52,BENIGN
53,64894,60,595.88,792.44,BENIGN
8080,54002,64,486.13,955.47,BENIGN
3306,58258,16,172.94,717.02,BENIGN
21,96331,34,307.11,358.63,BENIGN
25,38482,28,854.86,847.44,BENIGN
8080,79644,68,197.98,940.97,BENIGN
53,948,217,1330.75,9.32,DDoS
443,24715,79,630.35,364.73,BENIGN
21,325,194,1442.73,25.98,DDoS
80,59614,14,640.24,957.44,BENIGN
443,26904,14,75.7,442.75,BENIGN
53,66318,40,87.63,733.9,BENIGN
21,43069,36,723.08,85.87,BENIGN
80,244,215,1350.93,33.78,DDoS
21,462,127,1158.34,10.51,DDoS
22,59916,5,816.32,959.65,BENIGN
8080,125,97,874.63,54.63,DDoS
443,90018,24,761.26,172.98,BENIGN
3306,13955,45,515.58,783.21,BENIGN
443,12413,70,686.03,484.47,BENIGN
53,162,141,796.08,26.27,DDoS
443,969,258,1305.2,13.71,DDoS
25,4440,26,290.56,890.39,BENIGN
443,96593,69,120.37,830.16,BENIGN
22,53679,19,589.09,450.9,BENIGN
443,74563,60,203.01,489.23,BENIGN
8080,18672,76,452.01,304.83,BENIGN
21,86884,50,512.95,141.77,BENIGN
443,500,256,1443.05,61.45,DDoS
3306,79675,20,427.45,717.36,BENIGN
80,850,244,742.46,49.6,DDoS
443,43,115,1109.51,8.66,DDoS
443,502,88,940.02,23.18,DDoS
25,31169,61,297.36,68.31,BENIGN
25,746,80,802.72,39.97,DDoS
25,787,94,1202.75,33.3,DDoS
443,434,113,1163.09,41.16,DDoS
80,851,195,1082.96,46.55,DDoS
25,57920,63,787.08,949.51,BENIGN
3306,394,292,740.64,21.32,DDoS
21,83780,40,268.57,153.45,BENIGN
21,97104,79,682.15,520.92,BENIGN
8080,228,208,1038.29,79.11,DDoS
8080,14962,23,398.51,886.79,BENIGN
3306,56258,57,849.01,252.67,BENIGN
8080,177,160,1370.37,7.35,DDoS
22,24927,12,107.63,392.26,BENIGN
443,73455,53,484.98,43.41,BENIGN
22,40088,42,869.14,536.74,BENIGN
25,64547,9,41.11,379.93,BENIGN
53,57925,31,300.35,820.46,BENIGN
8080,632,127,1124.41,41.59,DDoS
80,44503,18,340.34,800.46,BENIGN
25,24056,42,499.38,874.45,BENIGN
53,101,96,1201.66,0.83,DDoS
25,34906,20,395.07,360.02,BENIGN
25,16309,22,98.99,734.71,BENIGN
25,50043,59,582.34,256.29,BENIGN
80,4215,54,121.84,868.0,BENIGN
22,57981,71,564.38,935.58,BENIGN
25,38180,70,48.43,867.57,BENIGN
8080,164,141,955.23,41.33,DDoS
8080,612,190,888.46,44.68,DDoS
21,52285,8,427.33,591.55,BENIGN
443,325,163,958.66,8.15,DDoS
3306,99656,7,722.96,324.63,BENIGN
443,84062,1,289.65,283.38,BENIGN
21,403,175,1114.31,47.39,DDoS
22,812,284,971.06,7.4,DDoS
8080,26199,65,748.62,876.78,BENIGN
21,3880,67,672.4,284.73,BENIGN
53,62454,79,847.3,171.03,BENIGN
53,510,197,1296.08,5.88,DDoS
80,972,299,1246.91,63.52,DDoS
80,70169,64,557.31,118.14,BENIGN
3306,15406,66,880.37,534.5,BENIGN
8080,20510,35,801.92,178.1,BENIGN
21,921,122,1218.93,55.41,DDoS
443,97356,67,83.34,185.48,BENIGN
8080,34029,72,848.15,332.26,BENIGN
443,667,115,790.0,64.5,DDoS
21,56395,32,201.9,570.8,BENIGN
25,75622,69,257.05,449.05,BENIGN
80,14272,60,441.78,889.29,BENIGN
80,91497,43,845.99,909.72,BENIGN
443,79567,31,366.08,611.17,BENIGN
3306,97285,44,830.57,894.63,BENIGN
22,54474,33,409.58,577.05,BENIGN
80,46198,40,657.54,196.55,BENIGN
53,52846,61,146.9,964.93,BENIGN
21,2479,38,727.68,426.44,BENIGN
22,831,268,721.62,19.75,DDoS
3306,7279,2,679.64,589.63,BENIGN
80,84149,61,718.41,448.31,BENIGN
3306,36359,34,759.56,602.38,BENIGN
8080,992,227,884.66,20.27,DDoS
3306,75422,41,305.15,555.61,BENIGN
53,975,83,1232.27,35.46,DDoS
8080,207,97,1266.44,39.81,DDoS
8080,75126,54,154.44,677.59,BENIGN
53,29328,30,298.46,665.84,BENIGN
53,72529,31,287.29,922.61,BENIGN
25,4071,31,436.7,203.2,BENIGN
3306,68195,48,450.7,243.54,BENIGN
3306,85258,78,129.2,629.16,BENIGN
22,31818,17,456.51,408.8,BENIGN
3306,29536,80,471.64,533.02,BENIGN
25,20877,20,330.8,190.97,BENIGN
21,68932,16,780.43,787.83,BENIGN
3306,650,93,1209.56,68.45,DDoS
443,83041,68,44.84,344.22,BENIGN
80,793,180,701.84,50.16,DDoS
3306,7973,8,646.65,556.76,BENIGN
22,45389,1,385.09,887.3,BENIGN
22,67962,18,67.25,364.41,BENIGN
21,573,278,1044.36,78.45,DDoS
443,2571,32,200.29,154.62,BENIGN
443,499,136,1243.15,44.73,DDoS
8080,92265,40,219.77,83.22,BENIGN
3306,501,144,707.55,0.34,DDoS
80,40416,32,425.74,118.94,BENIGN
443,598,175,1123.01,57.43,DDoS
3306,7591,53,640.2,982.15,BENIGN
8080,827,100,1410.92,2.91,DDoS
53,31540,73,361.33,203.4,BENIGN
443,67551,22,235.02,822.82,BENIGN
443,55866,18,554.1,588.35,BENIGN
443,87395,60,706.01,321.59,BENIGN
21,39633,17,598.76,261.25,BENIGN
53,88303,13,311.04,67.9,BENIGN
53,309,287,1441.82,66.79,DDoS
21,52959,68,851.99,490.43,BENIGN
25,12220,71,341.11,741.97,BENIGN
80,214,259,981.17,64.59,DDoS
25,72061,3,520.59,516.09,BENIGN
443,61024,66,888.15,996.01,BENIGN
22,81721,28,414.42,235.77,BENIGN
8080,65452,24,65.65,70.33,BENIGN
53,16903,8,300.0,962.44,BENIGN
21,955,186,1123.11,7.12,DDoS
22,32959,10,222.02,441.9,BENIGN
21,76341,18,225.06,337.06,BENIGN
53,98558,36,562.22,497.9,BENIGN
80,37541,13,439.75,202.71,BENIGN
8080,93000,14,791.78,264.98,BENIGN
443,422,150,1371.26,59.12,DDoS
25,772,248,1020.18,9.23,DDoS
80,58244,79,71.81,259.73,BENIGN
443,15130,39,596.2,164.14,BENIGN
443,23230,1,363.15,816.34,BENIGN
21,66,215,952.59,1.67,DDoS
3306,55996,38,880.21,97.48,BENIGN
80,80330,79,356.42,504.59,BENIGN
8080,51572,68,750.66,92.5,BENIGN
22,79,166,878.33,14.71,DDoS
443,266,229,885.87,10.73,DDoS
53,21484,27,355.65,617.44,BENIGN
21,94204,62,750.32,183.83,BENIGN
53,96728,35,759.87,122.07,BENIGN
22,75941,13,401.72,894.08,BENIGN
25,878,271,1443.84,0.44,DDoS
53,89525,33,794.68,249.08,BENIGN
80,13,256,832.12,76.44,DDoS
21,2206,56,650.12,904.06,BENIGN
3306,88723,59,403.33,947.13,BENIGN
25,98450,64,826.95,327.14,BENIGN
443,135,132,1208.92,25.96,DDoS
21,34882,14,263.97,212.24,BENIGN
8080,632,80,874.99,44.82,DDoS
80,244,92,1167.42,11.05,DDoS
22,41547,26,372.12,964.36,BENIGN
3306,27264,3,550.39,845.88,BENIGN
3306,56888,74,309.05,72.01,BENIGN
21,3477,51,867.99,841.55,BENIGN
3306,49340,9,325.03,112.14,BENIGN
53,92019,30,884.95,32.39,BENIGN
22,963,282,922.25,78.89,DDoS
21,826,155,965.35,60.4,DDoS
25,41644,22,743.3,684.59,BENIGN
80,201,262,1090.3,46.44,DDoS
80,54,82,751.85,70.73,DDoS
25,63138,77,83.34,939.82,BENIGN
21,80855,49,301.31,151.66,BENIGN
443,53794,75,389.71,689.73,BENIGN
53,92105,65,411.91,496.9,BENIGN
22,39457,65,787.5,333.35,BENIGN
22,48297,61,147.71,808.97,BENIGN
443,42400,17,705.19,678.59,BENIGN
25,608,153,1137.55,25.04,DDoS
443,4104,5,106.51,381.56,BENIGN
8080,9322,23,264.56,383.8,BENIGN
21,524,289,730.34,4.56,DDoS
22,23030,67,464.99,650.54,BENIGN
3306,732,97,1082.91,57.93,DDoS
53,87900,18,360.84,76.87,BENIGN
8080,95395,47,429.03,175.6,BENIGN
53,32783,18,385.56,56.23,BENIGN
8080,38506,19,378.26,959.78,BENIGN
22,22900,8,825.83,621.72,BENIGN
443,18831,35,168.22,324.65,BENIGN
80,737,187,762.9,41.35,DDoS
3306,92141,62,163.56,520.79,BENIGN
80,18537,27,608.61,599.99,BENIGN
21,492,258,1053.52,21.49,DDoS
22,85526,76,664.5,67.56,BENIGN
22,766,193,731.75,41.76,DDoS
25,35373,2,822.36,806.28,BENIGN
3306,78373,37,589.27,742.32,BENIGN
22,35120,11,502.84,128.14,BENIGN
8080,83914,58,600.43,836.31,BENIGN
8080,11882,48,816.52,159.4,BENIGN
21,45655,78,521.75,104.24,BENIGN
8080,12068,61,391.06,967.55,BENIGN
443,73328,79,63.31,363.06,BENIGN
22,9072,25,163.39,371.51,BENIGN
8080,78328,78,662.52,212.0,BENIGN
80,93587,42,741.88,35.52,BENIGN
21,19350,1,561.39,855.32,BENIGN
25,33349,80,741.41,474.54,BENIGN
443,44,179,1264.93,1.77,DDoS
443,721,139,1204.89,0.35,DDoS
22,683,120,899.81,56.77,DDoS
25,739,146,954.9,65.47,DDoS
8080,53312,5,720.02,402.39,BENIGN
443,23569,11,769.82,236.08,BENIGN
21,42190,75,820.9,921.3,BENIGN
22,935,238,1209.02,11.45,DDoS
21,29544,74,407.78,741.76,BENIGN
3306,92462,7,724.09,590.73,BENIGN
443,1534,45,858.55,366.13,BENIGN
25,72,240,1390.57,74.93,DDoS
443,55033,48,212.06,862.35,BENIGN
8080,96812,9,705.4,650.51,BENIGN
53,64,262,1193.64,44.67,DDoS
22,36674,20,599.44,646.67,BENIGN
443,42843,22,656.26,688.97,BENIGN
80,96322,54,266.21,536.68,BENIGN
8080,59572,59,722.91,590.28,BENIGN
53,36136,52,649.54,659.14,BENIGN
53,69586,76,412.78,772.39,BENIGN
3306,67708,2,128.85,716.23,BENIGN
22,8099,5,315.39,457.15,BENIGN
53,758,153,1194.48,24.56,DDoS
53,71795,12,811.73,893.36,BENIGN
8080,85,290,826.61,31.62,DDoS
443,64485,69,196.5,450.17,BENIGN
53,15738,31,413.03,696.89,BENIGN
3306,3530,22,889.04,594.41,BENIGN
3306,365,296,738.39,56.95,DDoS
80,303,250,707.93,54.25,DDoS
443,63914,54,43.47,679.55,BENIGN
22,66532,62,453.09,630.97,BENIGN
21,3889,34,440.5,50.02,BENIGN
53,6677,70,852.83,435.31,BENIGN
21,65699,68,399.98,376.53,BENIGN
21,33671,2,644.19,94.43,BENIGN
3306,619,157,794.29,19.52,DDoS
22,16953,65,445.12,927.8,BENIGN
8080,99632,6,573.98,822.22,BENIGN
443,99836,53,783.72,728.89,BENIGN
22,23744,24,276.28,712.3,BENIGN
21,84199,3,804.95,508.02,BENIGN
22,35732,11,390.09,882.65,BENIGN
53,42990,18,478.49,290.77,BENIGN
80,19378,73,136.6,212.74,BENIGN
25,434,299,716.37,16.56,DDoS
443,74754,14,888.72,927.37,BENIGN
80,51918,34,847.56,907.86,BENIGN
8080,98031,9,159.39,590.23,BENIGN
22,15746,67,627.08,336.5,BENIGN
80,81461,58,375.97,48.36,BENIGN
3306,27230,41,59.85,484.31,BENIGN
443,72767,69,330.56,628.82,BENIGN
25,48419,31,227.53,603.16,BENIGN
80,75717,41,896.44,661.27,BENIGN
22,23227,35,624.26,744.38,BENIGN
22,95320,42,790.63,405.37,BENIGN
21,40842,32,227.55,527.18,BENIGN
8080,924,148,1099.2,7.15,DDoS
25,72261,1,751.58,405.78,BENIGN
21,566,173,1491.93,77.45,DDoS
3306,68524,77,186.76,753.91,BENIGN
8080,15437,19,453.0,883.86,BENIGN
443,70134,27,402.12,407.51,BENIGN
22,95970,64,50.32,704.81,BENIGN
8080,45146,40,347.22,716.54,BENIGN
21,641,102,1369.55,14.07,DDoS
3306,78,158,952.04,48.63,DDoS
53,160,284,983.97,41.18,DDoS
80,87,242,707.34,8.73,DDoS
80,353,88,1231.25,58.18,DDoS
443,56005,40,859.95,513.95,BENIGN
80,86039,68,133.75,640.25,BENIGN
22,44452,46,126.91,500.97,BENIGN
22,299,261,918.2,25.47,DDoS
53,39057,64,399.2,153.37,BENIGN
8080,71053,33,347.06,508.85,BENIGN
8080,45,110,1249.66,30.68,DDoS
53,439,212,941.4,46.79,DDoS
25,57752,16,542.32,66.69,BENIGN
25,53660,32,417.99,354.59,BENIGN
25,82634,39,662.29,121.62,BENIGN
22,51193,49,422.35,110.32,BENIGN
8080,27585,43,193.89,982.84,BENIGN
3306,22874,74,599.31,545.65,BENIGN
22,87323,60,332.38,776.19,BENIGN
25,84196,17,451.26,965.64,BENIGN
8080,533,269,1003.44,69.03,DDoS
22,69724,74,824.44,486.46,BENIGN
8080,40249,7,421.82,274.94,BENIGN
22,36859,11,128.78,950.77,BENIGN
21,54285,24,596.24,552.34,BENIGN
3306,468,256,824.57,69.21,DDoS
21,61369,40,44.63,353.7,BENIGN
22,63359,41,50.66,900.27,BENIGN
80,43324,47,460.78,62.51,BENIGN
25,88571,9,827.03,149.93,BENIGN
53,73861,61,648.54,374.4,BENIGN
8080,57865,33,170.32,425.01,BENIGN
80,635,160,927.12,6.53,DDoS
21,96704,13,403.53,434.02,BENIGN
21,539,224,1195.61,9.52,DDoS
8080,14513,56,52.21,565.41,BENIGN
22,373,268,1128.55,69.05,DDoS
443,1247,7,398.46,842.73,BENIGN
25,643,190,719.59,72.26,DDoS
8080,30111,3,67.1,812.82,BENIGN
22,37803,12,349.29,490.28,BENIGN
53,98046,11,890.47,546.67,BENIGN
80,624,155,892.81,75.05,DDoS
80,554,205,1399.46,28.14,DDoS
21,110,124,1280.08,1.43,DDoS
3306,83912,57,269.18,689.97,BENIGN
443,69434,73,586.32,996.99,BENIGN
80,393,118,1391.06,23.55,DDoS
53,88540,4,761.83,755.47,BENIGN
22,797,272,1043.58,63.62,DDoS
80,322,128,1348.3,22.97,DDoS
22,2084,23,860.28,120.35,BENIGN
443,52318,9,558.04,720.5,BENIGN
53,25853,77,52.96,663.51,BENIGN
21,109,219,993.67,2.98,DDoS
443,213,208,1477.6,67.11,DDoS
443,35110,56,252.23,304.8,BENIGN
8080,71235,36,501.63,730.6,BENIGN
8080,40172,59,391.8,21.85,BENIGN
22,93667,37,710.52,879.67,BENIGN
22,60719,3,826.21,201.33,BENIGN
25,52389,16,451.52,274.55,BENIGN
3306,311,264,1434.13,38.45,DDoS
53,48193,47,143.14,362.61,BENIGN
8080,3920,16,506.64,593.57,BENIGN
80,81156,12,48.52,126.91,BENIGN
22,891,229,1244.4,1.04,DDoS
443,79892,75,65.92,724.58,BENIGN
21,74526,72,252.54,20.37,BENIGN
80,434,253,700.69,52.51,DDoS
443,70877,60,191.36,881.87,BENIGN
22,35054,41,87.29,385.03,BENIGN
53,88194,6,187.44,267.11,BENIGN
21,83306,27,567.48,764.75,BENIGN
21,24678,20,318.96,501.9,BENIGN
22,2254,40,776.74,148.46,BENIGN
22,521,121,1442.67,15.75,DDoS
22,736,89,754.84,47.49,DDoS
3306,84429,66,706.44,153.88,BENIGN
53,33363,44,401.25,82.61,BENIGN
22,54823,13,283.23,817.38,BENIGN
25,74097,70,168.8,370.2,BENIGN
22,10274,69,843.76,647.99,BENIGN
21,41357,50,555.72,312.93,BENIGN
8080,52371,26,855.67,498.9,BENIGN
3306,73505,68,90.26,861.25,BENIGN
443,8595,70,673.93,989.93,BENIGN
21,6199,51,351.52,46.29,BENIGN
8080,413,265,942.36,6.67,DDoS
25,60440,15,762.53,859.12,BENIGN
80,326,158,895.99,59.46,DDoS
22,58990,13,475.99,715.37,BENIGN
25,92780,75,532.78,791.9,BENIGN
80,95194,70,791.03,452.44,BENIGN
8080,88970,65,855.66,999.2,BENIGN
443,89925,79,189.87,597.3,BENIGN
443,61562,56,897.52,998.67,BENIGN
80,30789,69,788.12,276.41,BENIGN
3306,20532,53,276.0,790.23,BENIGN
443,44503,7,97.36,423.27,BENIGN
22,43861,5,800.09,878.38,BENIGN
80,86950,64,499.44,417.89,BENIGN
443,92459,33,58.64,474.62,BENIGN
22,40479,60,57.66,515.81,BENIGN
22,64345,39,618.19,794.85,BENIGN
53,87877,45,77.19,458.75,BENIGN
53,13273,73,510.98,582.62,BENIGN
22,762,255,955.37,18.36,DDoS
21,579,193,749.06,5.28,DDoS
8080,64356,42,142.81,468.68,BENIGN
80,895,129,928.36,42.93,DDoS
3306,58951,26,818.74,131.01,BENIGN
80,128,199,1007.34,0.19,DDoS
25,81239,12,626.19,996.91,BENIGN
21,38,238,1110.59,72.46,DDoS
443,1658,30,547.29,217.83,BENIGN
80,8733,32,204.57,646.54,BENIGN
22,114,242,1080.62,57.7,DDoS
3306,371,229,1100.8,6.79,DDoS
25,75004,12,847.13,399.27,BENIGN
8080,33400,57,561.9,984.4,BENIGN
22,633,177,1235.7,10.68,DDoS
25,99931,24,567.3,121.79,BENIGN
8080,762,211,1350.65,26.22,DDoS
22,37523,24,120.47,738.69,BENIGN
443,91761,70,780.93,736.85,BENIGN
53,77969,13,263.04,324.45,BENIGN
80,85553,41,832.32,296.72,BENIGN
53,96,119,956.55,56.19,DDoS
21,26203,19,824.12,290.61,BENIGN
53,23787,8,890.8,524.15,BENIGN
443,4223,43,662.51,49.11,BENIGN
21,96811,7,680.02,694.17,BENIGN
25,165,142,1445.88,78.33,DDoS
22,49785,13,674.52,62.88,BENIGN
8080,65,161,1347.73,17.47,DDoS
8080,56604,62,804.54,600.57,BENIGN
21,915,251,704.84,49.23,DDoS
25,37291,48,314.46,211.48,BENIGN
80,16785,67,456.61,115.33,BENIGN
22,2136,1,380.59,310.82,BENIGN
443,23912,76,854.8,181.08,BENIGN
22,51762,15,507.19,129.03,BENIGN
25,59043,53,850.42,927.24,BENIGN
8080,38,195,1431.34,56.5,DDoS
21,61399,48,339.45,213.13,BENIGN
22,28317,41,583.71,39.57,BENIGN
53,583,81,1360.34,63.01,DDoS
53,35924,79,242.78,124.06,BENIGN
53,19226,11,784.57,866.84,BENIGN
8080,10965,14,77.57,549.65,BENIGN
8080,7461,50,390.16,385.17,BENIGN
22,45820,51,756.0,716.63,BENIGN
80,72891,13,299.11,363.25,BENIGN
3306,2472,52,500.77,173.02,BENIGN
21,269,205,1278.55,74.1,DDoS
8080,178,115,937.31,74.62,DDoS
25,409,138,1155.26,30.27,DDoS
3306,583,153,765.94,33.45,DDoS
25,4471,10,339.52,927.54,BENIGN
3306,33087,44,295.32,642.03,BENIGN
3306,59138,68,887.64,345.59,BENIGN
21,322,179,1072.26,70.64,DDoS
443,73727,52,249.66,153.25,BENIGN
22,27060,41,47.52,545.69,BENIGN
8080,12770,15,149.29,475.41,BENIGN
443,51264,19,401.58,786.44,BENIGN
53,4235,44,407.75,425.32,BENIGN
22,20173,9,535.6,772.28,BENIGN
3306,28080,68,167.26,420.71,BENIGN
25,654,180,773.44,55.92,DDoS
3306,71406,12,230.27,572.38,BENIGN
443,3818,17,596.44,553.9,BENIGN
80,23964,69,546.94,247.79,BENIGN
80,6536,32,95.32,40.62,BENIGN
53,42529,68,273.13,157.99,BENIGN
3306,365,112,1344.57,36.33,DDoS
3306,50,126,982.82,32.54,DDoS
443,92,292,1252.48,50.46,DDoS
80,90720,78,416.53,857.5,BENIGN
8080,382,295,1319.76,60.39,DDoS
25,35961,72,840.86,751.43,BENIGN
8080,169,272,1357.45,41.92,DDoS
53,450,117,1026.87,66.21,DDoS
8080,490,191,1107.38,61.43,DDoS
3306,62685,19,490.03,823.04,BENIGN
25,66714,52,475.59,62.36,BENIGN
25,524,254,1176.77,26.17,DDoS
3306,58666,20,636.47,139.33,BENIGN
21,17212,47,446.53,485.65,BENIGN
3306,474,294,840.57,42.75,DDoS
8080,64655,55,720.72,361.08,BENIGN
443,35511,56,824.47,614.48,BENIGN
443,36206,26,890.39,602.81,BENIGN
8080,30991,21,128.4,584.94,BENIGN
443,85776,47,898.82,263.68,BENIGN
3306,49307,34,507.74,816.48,BENIGN
80,56735,64,133.63,121.65,BENIGN
8080,968,101,1110.7,52.73,DDoS
8080,88363,53,365.14,916.19,BENIGN
25,86968,47,785.22,142.71,BENIGN
80,81387,59,641.58,526.65,BENIGN
22,671,279,1405.8,45.09,DDoS
25,267,250,1231.83,29.12,DDoS
80,39939,40,782.33,548.75,BENIGN
80,2271,55,71.22,27.74,BENIGN
21,32257,49,240.04,290.99,BENIGN
8080,95409,55,315.11,520.52,BENIGN
22,39274,4,814.06,271.66,BENIGN
22,72141,34,101.44,980.35,BENIGN
25,69377,61,64.74,867.2,BENIGN
80,784,288,769.94,5.3,DDoS
3306,83777,8,411.03,62.44,BENIGN
53,94280,11,447.47,452.23,BENIGN
3306,66511,3,705.52,356.09,BENIGN
21,23133,1,335.95,654.39,BENIGN
80,5768,9,494.39,169.0,BENIGN
3306,25259,8,860.14,139.18,BENIGN
3306,71268,72,452.84,24.57,BENIGN
80,77343,7,725.36,179.97,BENIGN
3306,754,243,1376.32,17.87,DDoS
3306,317,166,728.6,50.02,DDoS
25,78574,38,731.67,651.37,BENIGN
53,17485,2,183.21,959.63,BENIGN
8080,18069,4,446.27,425.18,BENIGN
22,352,225,872.95,29.22,DDoS
22,91258,61,74.42,788.26,BENIGN
25,41112,40,113.32,433.43,BENIGN
53,16339,37,642.06,732.16,BENIGN
21,63894,11,406.66,758.06,BENIGN
22,56216,13,464.67,335.53,BENIGN
53,89067,52,499.96,771.21,BENIGN
21,88686,15,849.41,341.84,BENIGN
443,651,155,968.24,36.42,DDoS
80,882,104,1088.12,15.17,DDoS
8080,600,103,782.57,13.63,DDoS
443,30968,16,695.2,531.19,BENIGN
8080,338,194,728.67,33.6,DDoS
443,677,236,1196.39,57.13,DDoS
21,23204,45,636.27,338.41,BENIGN
8080,243,195,710.98,24.05,DDoS
3306,367,239,1362.82,46.93,DDoS
21,37017,1,512.34,31.78,BENIGN
8080,74375,78,173.87,669.79,BENIGN
443,661,165,1337.69,68.59,DDoS
3306,25781,2,474.01,616.21,BENIGN
25,18920,44,137.58,550.94,BENIGN
22,74488,76,328.55,315.83,BENIGN
443,5442,23,729.21,240.29,BENIGN
3306,38724,76,228.45,308.71,BENIGN
25,2595,58,331.66,332.66,BENIGN
53,21422,31,596.77,286.08,BENIGN
25,5379,65,881.53,574.98,BENIGN
25,41011,28,889.48,161.32,BENIGN
53,74335,21,419.12,588.94,BENIGN
25,50332,68,795.6,476.45,BENIGN
443,6947,46,144.85,246.42,BENIGN
53,77178,80,228.38,978.16,BENIGN
22,35736,46,473.72,186.38,BENIGN
22,86695,49,169.02,344.48,BENIGN
21,85691,76,508.55,123.66,BENIGN
8080,64838,47,494.17,469.95,BENIGN
3306,72528,68,65.58,67.45,BENIGN
8080,13635,16,326.67,307.46,BENIGN
25,99006,11,736.29,38.21,BENIGN
22,2,93,896.31,52.77,DDoS
25,43543,13,438.86,189.32,BENIGN
53,37608,80,303.05,843.73,BENIGN
22,56594,5,657.19,60.9,BENIGN
21,738,244,1259.57,51.63,DDoS
53,67071,10,294.3,415.67,BENIGN
53,860,299,1075.67,6.68,DDoS
22,68385,72,465.45,999.01,BENIGN
53,702,218,896.26,0.16,DDoS
3306,71629,65,686.17,287.86,BENIGN
25,600,153,1187.84,6.96,DDoS
53,134,87,1026.33,14.06,DDoS
80,61767,21,793.12,298.6,BENIGN
8080,51408,74,221.83,799.36,BENIGN
25,762,147,1464.53,19.66,DDoS
21,18937,7,870.21,344.09,BENIGN
80,836,229,1365.0,28.24,DDoS
22,94161,37,339.18,212.06,BENIGN
22,49894,2,562.96,886.29,BENIGN
53,45954,21,406.26,482.28,BENIGN
21,89,213,1441.93,52.07,DDoS
53,91078,65,428.34,73.97,BENIGN
22,440,272,1220.99,17.29,DDoS
53,28310,20,840.82,594.86,BENIGN
25,94848,36,883.02,684.08,BENIGN
443,953,299,1461.38,11.72,DDoS
80,60084,69,400.31,27.35,BENIGN
3306,39095,37,597.76,144.42,BENIGN
25,39,206,1091.33,18.5,DDoS
53,95385,31,821.19,106.27,BENIGN
8080,16325,12,476.94,441.25,BENIGN
80,46504,35,149.58,996.68,BENIGN
53,50430,18,343.96,461.04,BENIGN
21,52827,52,646.75,319.36,BENIGN
8080,4159,47,428.2,663.72,BENIGN
22,34359,17,329.17,511.26,BENIGN
80,71218,47,678.12,998.9,BENIGN
21,813,226,1434.38,36.03,DDoS
8080,98818,2,630.52,434.63,BENIGN
8080,29255,33,765.34,354.14,BENIGN
53,66680,72,59.97,243.64,BENIGN
80,175,225,1083.95,59.23,DDoS
21,74514,4,740.23,466.95,BENIGN
25,88723,26,838.35,763.44,BENIGN
443,533,220,1184.3,31.57,DDoS
80,701,233,1057.46,34.63,DDoS
80,168,290,1114.55,75.61,DDoS
8080,32945,47,893.09,665.76,BENIGN
8080,839,296,1426.17,49.53,DDoS
25,163,100,912.5,32.02,DDoS
22,73949,46,336.58,676.04,BENIGN
22,916,144,1023.32,35.06,DDoS
80,267,218,1231.24,42.3,DDoS
25,790,112,1378.68,55.69,DDoS
80,11497,16,116.62,446.44,BENIGN
3306,31861,16,877.99,801.24,BENIGN
21,558,174,972.82,56.19,DDoS
22,80001,29,756.76,527.37,BENIGN
21,3529,14,725.07,501.28,BENIGN
3306,37221,71,267.32,105.32,BENIGN
443,4572,15,297.67,185.07,BENIGN
25,87004,14,431.98,218.81,BENIGN
22,690,105,1443.5,70.21,DDoS
25,899,162,705.67,45.13,DDoS
80,752,185,1271.62,71.65,DDoS
22,45674,45,611.59,626.17,BENIGN
25,63555,57,174.62,131.26,BENIGN
21,8743,11,734.23,972.5,BENIGN
8080,26673,33,349.2,465.73,BENIGN
53,71005,4,471.61,604.84,BENIGN
25,21296,42,534.91,980.47,BENIGN
3306,95543,69,554.61,830.69,BENIGN
25,686,160,713.93,24.47,DDoS
80,23164,64,63.7,688.54,BENIGN
21,94777,52,343.12,707.5,BENIGN
80,48193,18,740.19,189.63,BENIGN
25,46201,40,826.3,904.75,BENIGN
25,73810,8,142.35,188.66,BENIGN
80,65250,38,498.76,574.75,BENIGN
8080,68397,67,201.49,495.12,BENIGN
21,59658,77,136.44,942.38,BENIGN
3306,43313,74,592.33,297.66,BENIGN
80,878,281,881.15,56.85,DDoS
21,650,210,1499.28,71.22,DDoS
443,34467,21,460.15,145.68,BENIGN
443,48168,77,366.8,313.8,BENIGN
53,64226,28,434.55,200.8,BENIGN
3306,520,286,1169.41,48.74,DDoS
21,123,214,1399.37,74.65,DDoS
80,12,179,715.89,39.38,DDoS
25,53262,17,270.52,518.14,BENIGN
22,967,292,872.47,74.16,DDoS
53,481,135,885.02,25.76,DDoS
53,42536,64,61.25,159.38,BENIGN
25,21686,9,505.7,365.49,BENIGN
443,48177,58,462.43,728.93,BENIGN
8080,32542,52,235.09,455.89,BENIGN
80,29915,51,140.15,858.94,BENIGN
22,81449,53,500.71,176.65,BENIGN
22,28203,53,541.67,594.6,BENIGN
25,72808,27,48.82,698.35,BENIGN
8080,389,159,901.19,25.73,DDoS
25,41140,67,167.89,822.6,BENIGN
22,90616,25,897.24,115.31,BENIGN
22,88951,80,55.62,754.59,BENIGN
443,43813,63,246.07,644.36,BENIGN
80,548,133,1261.57,73.39,DDoS
3306,93109,24,162.15,479.75,BENIGN
22,90,96,1387.27,47.48,DDoS
80,39599,67,753.88,418.29,BENIGN
22,440,124,1145.63,54.92,DDoS
8080,63718,8,128.69,552.78,BENIGN
3306,62921,14,529.54,361.39,BENIGN
22,93280,2,182.41,838.89,BENIGN
3306,81539,68,79.89,220.02,BENIGN
25,95361,27,524.17,737.78,BENIGN
3306,57953,50,193.0,40.19,BENIGN
25,960,152,753.8,12.71,DDoS
443,87079,57,336.57,806.9,BENIGN
8080,7056,69,190.42,699.87,BENIGN
21,506,248,1240.27,61.97,DDoS
53,270,227,1238.18,67.87,DDoS
53,285,105,1394.92,78.3,DDoS
22,47208,54,441.87,50.45,BENIGN
443,85586,76,55.87,285.19,BENIGN
21,98207,18,442.23,935.94,BENIGN
8080,551,255,708.23,2.06,DDoS
443,475,295,926.77,43.2,DDoS
3306,18369,17,56.65,419.1,BENIGN
25,33063,53,896.84,253.88,BENIGN
21,9361,48,180.38,370.65,BENIGN
53,85545,8,791.32,989.01,BENIGN
80,10187,51,655.34,412.5,BENIGN
8080,10168,60,265.95,452.21,BENIGN
53,32827,37,219.87,690.47,BENIGN
3306,38023,57,574.69,663.98,BENIGN
3306,44991,1,226.91,371.0,BENIGN
80,720,293,781.8,55.31,DDoS
3306,46786,5,576.95,405.11,BENIGN
25,846,293,989.39,55.54,DDoS
22,99436,80,591.26,902.35,BENIGN
53,23705,76,577.36,140.3,BENIGN
8080,709,204,1420.43,18.85,DDoS
22,33475,77,540.27,507.8,BENIGN
3306,226,89,1049.01,48.56,DDoS
25,94744,60,595.03,80.44,BENIGN
25,891,216,1282.14,74.93,DDoS
25,89511,9,393.86,396.9,BENIGN
22,35993,12,87.11,855.43,BENIGN
25,89736,22,267.0,971.77,BENIGN
53,5559,57,794.91,925.51,BENIGN
21,24371,60,141.91,469.16,BENIGN
22,58559,44,797.41,411.8,BENIGN
3306,58840,15,266.74,237.19,BENIGN
22,864,176,766.74,36.88,DDoS
80,66606,66,579.15,487.93,BENIGN
80,8807,20,357.06,927.12,BENIGN
53,74128,15,784.44,406.63,BENIGN
8080,934,143,888.64,23.31,DDoS
443,1150,22,190.15,92.04,BENIGN
443,54900,4,583.67,582.05,BENIGN
22,470,80,1293.17,47.76,DDoS
25,23819,54,250.46,165.55,BENIGN
22,681,93,1421.44,0.97,DDoS
53,72146,42,180.19,158.63,BENIGN
3306,860,115,804.38,7.51,DDoS
3306,6735,3,384.86,804.1,BENIGN
53,33852,59,634.09,616.95,BENIGN
53,78582,2,783.41,191.39,BENIGN
80,36165,41,80.3,970.54,BENIGN
53,793,276,1046.1,69.82,DDoS
25,73228,22,745.42,626.05,BENIGN
8080,219,227,1120.66,55.85,DDoS
8080,30576,57,269.23,93.61,BENIGN
21,772,236,728.87,74.32,DDoS
8080,55580,38,210.52,655.28,BENIGN
8080,82623,30,141.2,988.2,BENIGN
53,59882,78,82.56,637.79,BENIGN
21,45188,58,244.57,678.02,BENIGN
21,16478,28,761.99,152.97,BENIGN
443,55636,24,758.85,198.54,BENIGN
443,612,251,1068.94,54.8,DDoS
21,630,156,966.52,61.79,DDoS
53,287,117,1224.84,4.75,DDoS
25,207,212,1218.72,40.84,DDoS
25,50630,15,253.83,639.69,BENIGN
25,92949,50,236.51,795.24,BENIGN
8080,39059,6,60.81,983.96,BENIGN
53,9,260,826.91,56.71,DDoS
25,74277,72,723.9,593.27,BENIGN
25,756,80,1375.21,39.12,DDoS
25,25981,3,702.79,989.69,BENIGN
53,8685,7,47.29,56.99,BENIGN
443,15336,8,520.85,69.54,BENIGN
53,15726,1,209.68,960.04,BENIGN
25,68068,14,327.45,892.92,BENIGN
53,436,173,928.37,4.42,DDoS
3306,181,268,925.09,11.16,DDoS
8080,49273,29,478.72,68.4,BENIGN
443,42592,39,176.68,945.67,BENIGN
80,48127,71,609.29,946.86,BENIGN
22,62539,9,639.04,936.54,BENIGN
8080,41899,33,719.74,417.09,BENIGN
53,299,180,1023.98,24.97,DDoS
21,523,148,823.03,71.72,DDoS
80,2906,14,681.47,239.34,BENIGN
80,9859,56,591.13,611.43,BENIGN
3306,61182,6,258.82,259.39,BENIGN
443,972,237,872.31,27.87,DDoS
80,49626,35,762.95,220.75,BENIGN
25,38155,10,346.19,958.25,BENIGN
443,99322,31,846.08,265.32,BENIGN
443,371,101,1226.49,35.33,DDoS
80,43705,29,439.31,911.71,BENIGN
443,95137,45,606.39,348.11,BENIGN
25,51711,71,299.88,838.37,BENIGN
443,56547,17,662.68,203.44,BENIGN
22,876,180,814.05,18.72,DDoS
443,590,101,1070.51,77.78,DDoS
8080,75042,30,170.62,373.27,BENIGN
80,44914,41,270.52,639.22,BENIGN
53,89,221,845.71,1.66,DDoS
3306,98452,18,409.18,841.6,BENIGN
80,572,279,1320.34,23.77,DDoS
80,84829,63,873.65,609.23,BENIGN
3306,90696,21,487.73,508.36,BENIGN
22,203,291,1271.37,51.41,DDoS
8080,21359,41,692.17,564.97,BENIGN
3306,709,121,984.94,28.36,DDoS
80,33426,15,714.72,236.42,BENIGN
22,9488,25,103.48,368.95,BENIGN
21,741,209,967.18,38.69,DDoS
25,36056,31,702.17,947.74,BENIGN
53,83600,53,150.86,906.09,BENIGN
22,14697,39,352.51,197.33,BENIGN
21,25417,42,831.38,664.91,BENIGN
80,16379,73,630.13,984.75,BENIGN
3306,92007,14,143.87,20.48,BENIGN
80,497,156,1233.48,72.52,DDoS
3306,16431,43,75.71,539.81,BENIGN
443,7422,69,830.41,865.31,BENIGN
3306,704,109,977.38,38.27,DDoS
8080,475,217,1072.2,78.14,DDoS
25,108,132,1302.42,7.07,DDoS
21,84783,18,821.39,945.15,BENIGN
80,9000,26,400.15,397.71,BENIGN
80,57897,27,170.66,708.86,BENIGN
443,47050,75,274.7,895.95,BENIGN
80,52681,74,586.0,352.43,BENIGN
443,44301,23,687.61,280.93,BENIGN
8080,88258,8,562.71,119.7,BENIGN
443,45130,26,806.25,686.71,BENIGN
21,37544,29,696.82,393.62,BENIGN
80,860,143,705.12,24.64,DDoS
53,6661,68,688.19,218.71,BENIGN
3306,526,216,1463.94,40.98,DDoS
22,9741,12,288.95,417.81,BENIGN
3306,65943,53,505.97,913.23,BENIGN
443,674,278,1441.38,8.99,DDoS
443,64305,7,368.59,873.25,BENIGN
25,72117,75,304.84,907.11,BENIGN
80,26762,20,52.45,759.74,BENIGN
80,21905,80,790.58,347.75,BENIGN
21,718,119,1105.51,62.01,DDoS
443,15440,19,138.96,348.71,BENIGN
80,12237,24,628.43,681.27,BENIGN
22,52988,1,641.22,332.67,BENIGN
53,92410,22,553.12,462.52,BENIGN
53,54,233,1494.26,76.75,DDoS
21,1238,80,207.85,244.72,BENIGN
3306,76085,14,280.46,74.3,BENIGN
3306,382,300,1342.51,54.96,DDoS
80,742,242,1186.62,19.81,DDoS
8080,85035,43,397.06,883.76,BENIGN
443,31705,35,196.57,147.99,BENIGN
21,866,149,888.27,1.68,DDoS
443,316,124,1088.21,58.13,DDoS
443,754,289,854.48,78.62,DDoS
443,298,225,1398.19,60.55,DDoS
443,11371,20,494.11,164.26,BENIGN
3306,85119,12,868.7,406.92,BENIGN
22,785,114,1208.26,59.55,DDoS
8080,12721,25,442.37,159.84,BENIGN
80,47561,47,347.4,30.94,BENIGN
22,15096,2,226.18,280.67,BENIGN
21,29224,8,826.93,296.48,BENIGN
53,7192,78,770.22,484.91,BENIGN
3306,66844,10,894.76,479.3,BENIGN
80,99371,9,592.07,164.03,BENIGN
8080,12580,78,83.81,828.57,BENIGN
21,310,116,720.84,13.87,DDoS
22,39,188,1288.62,70.49,DDoS
443,20006,72,468.75,724.18,BENIGN
21,519,85,1220.32,61.9,DDoS
443,26733,56,728.12,822.79,BENIGN
21,65929,34,655.33,863.64,BENIGN
443,37232,23,329.39,744.38,BENIGN
53,60461,13,521.43,595.8,BENIGN
8080,470,281,1015.24,14.34,DDoS
53,47699,72,641.8,311.16,BENIGN
80,64056,20,139.51,868.57,BENIGN
8080,82842,8,342.44,64.81,BENIGN
22,789,294,769.19,71.11,DDoS
80,52527,32,848.24,798.68,BENIGN
8080,82385,7,452.47,21.46,BENIGN
25,955,153,749.37,70.36,DDoS
25,223,163,1498.67,62.18,DDoS
80,77082,26,611.54,988.68,BENIGN
22,88526,75,490.28,336.47,BENIGN
21,708,178,1195.14,69.22,DDoS
3306,31333,75,97.62,556.24,BENIGN
443,513,259,700.47,38.15,DDoS
443,69036,76,872.23,632.85,BENIGN
443,629,205,1253.39,22.21,DDoS
3306,5213,58,627.75,106.38,BENIGN
25,41998,38,354.73,788.6,BENIGN
8080,94166,51,472.77,438.7,BENIGN
25,509,258,1484.93,45.81,DDoS
80,12355,25,521.65,700.83,BENIGN
25,89078,70,436.3,90.15,BENIGN
443,33762,80,200.99,135.25,BENIGN
8080,77142,38,374.74,597.91,BENIGN
21,974,251,1079.33,65.75,DDoS
22,67836,75,159.26,604.0,BENIGN
22,88407,32,669.09,955.36,BENIGN
8080,97681,36,583.0,639.35,BENIGN
21,339,139,722.17,10.73,DDoS
22,840,101,1250.83,33.48,DDoS
443,74182,76,798.12,777.73,BENIGN
21,4204,26,381.93,886.07,BENIGN
21,6899,18,537.56,831.42,BENIGN
25,74198,28,222.51,392.09,BENIGN
80,231,251,1386.5,26.95,DDoS
25,17977,73,143.07,345.21,BENIGN
53,108,230,1123.32,15.61,DDoS
22,93186,4,500.74,771.62,BENIGN
3306,3291,62,409.83,142.91,BENIGN
80,317,146,760.74,31.53,DDoS
80,62814,20,456.19,888.76,BENIGN
21,75914,79,279.19,797.49,BENIGN
443,731,212,1194.51,41.71,DDoS
3306,56589,24,806.96,771.98,BENIGN
22,93443,49,426.86,75.06,BENIGN
8080,54707,5,66.78,181.59,BENIGN
8080,93269,63,61.4,312.55,BENIGN
22,46434,48,222.4,135.16,BENIGN
25,79522,67,462.76,486.05,BENIGN
3306,96252,71,699.46,141.42,BENIGN
53,6801,76,768.89,322.05,BENIGN
22,38287,63,422.56,272.34,BENIGN
21,99993,55,792.38,633.04,BENIGN
21,956,263,798.38,2.89,DDoS
80,183,228,753.06,16.08,DDoS
53,8081,57,262.41,75.59,BENIGN
25,22748,8,338.53,328.14,BENIGN
443,620,115,1299.04,50.38,DDoS
8080,37,247,743.02,79.21,DDoS
22,28028,67,493.68,714.58,BENIGN
3306,74783,59,838.42,778.99,BENIGN
53,520,203,1106.77,49.32,DDoS
443,90805,57,169.76,942.32,BENIGN
53,74208,69,131.16,894.67,BENIGN
3306,611,278,1184.52,40.47,DDoS
80,25,125,868.13,62.99,DDoS
25,3099,35,230.11,223.53,BENIGN
8080,9282,53,217.08,522.61,BENIGN
22,24381,65,564.79,617.33,BENIGN
443,6313,48,438.64,280.11,BENIGN
443,16161,10,690.53,33.58,BENIGN
3306,58212,2,662.73,554.73,BENIGN
443,94819,16,173.58,129.15,BENIGN
443,35887,31,514.52,310.41,BENIGN
443,348,288,1205.37,2.33,DDoS
22,26802,44,566.87,436.27,BENIGN
80,61211,6,322.37,219.53,BENIGN
53,96716,63,424.24,101.11,BENIGN
3306,71229,26,91.18,455.6,BENIGN
3306,7990,79,618.77,738.81,BENIGN
25,695,158,996.54,37.59,DDoS
3306,82006,54,512.98,408.21,BENIGN
80,93900,52,559.23,569.44,BENIGN
21,16544,58,570.77,386.03,BENIGN
22,6474,31,233.14,70.07,BENIGN
25,51358,51,73.59,196.09,BENIGN
8080,43950,8,219.4,875.05,BENIGN
25,797,286,764.35,78.09,DDoS
25,26354,10,849.14,262.66,BENIGN
53,33644,11,90.03,679.67,BENIGN
21,47313,74,439.64,669.25,BENIGN
443,170,82,1373.82,17.89,DDoS
443,50242,26,873.0,510.77,BENIGN
8080,21,114,1317.37,61.2,DDoS
8080,85811,57,724.62,467.63,BENIGN
3306,11933,78,313.68,717.11,BENIGN
3306,15729,21,871.36,206.33,BENIGN
8080,72390,19,289.48,312.14,BENIGN
53,69782,1,777.51,519.34,BENIGN
53,87727,28,371.0,252.36,BENIGN
443,801,143,1499.87,27.12,DDoS
21,547,300,1230.11,75.53,DDoS
8080,24156,44,888.71,523.86,BENIGN
80,69860,69,74.64,702.08,BENIGN
25,804,116,1337.05,40.28,DDoS
53,6677,45,302.42,254.52,BENIGN
53,72651,23,568.99,193.3,BENIGN
21,238,108,1202.33,49.64,DDoS
80,8913,53,489.28,92.98,BENIGN
3306,5476,22,581.13,864.91,BENIGN
443,23131,19,787.44,761.12,BENIGN
21,65370,20,243.32,471.64,BENIGN
21,67368,74,814.11,888.43,BENIGN
3306,75760,65,53.33,145.89,BENIGN
80,74735,14,226.47,667.6,BENIGN
443,29215,61,639.12,198.0,BENIGN
21,11296,41,685.22,42.28,BENIGN
53,17052,8,690.44,415.44,BENIGN
53,415,110,788.33,53.85,DDoS
25,98513,53,615.31,814.99,BENIGN
21,587,279,912.51,23.6,DDoS
443,31273,54,841.36,118.92,BENIGN
8080,60567,41,736.2,708.98,BENIGN
22,42408,48,687.72,609.89,BENIGN
8080,374,80,980.37,29.18,DDoS
443,102,80,1115.6,51.41,DDoS
21,11,281,1365.45,45.13,DDoS
22,297,184,1018.88,47.74,DDoS
21,567,137,982.37,63.56,DDoS
8080,60546,24,411.09,314.72,BENIGN
8080,87585,2,81.27,264.64,BENIGN
25,21781,77,829.35,690.43,BENIGN
53,72010,51,365.67,581.32,BENIGN
8080,639,86,915.16,33.51,DDoS
21,883,136,1338.63,9.21,DDoS
22,95126,3,131.09,669.77,BENIGN
443,816,97,895.41,31.12,DDoS
3306,528,156,1173.6,34.09,DDoS
25,27331,36,672.23,142.44,BENIGN
22,76001,12,197.27,897.62,BENIGN
80,261,129,1259.11,61.65,DDoS
80,42511,54,531.18,282.36,BENIGN
21,716,267,903.63,57.95,DDoS
3306,99679,79,263.88,154.91,BENIGN
443,15,185,1054.42,49.23,DDoS
8080,28363,5,237.21,421.64,BENIGN
443,45363,13,583.79,564.29,BENIGN
21,21,253,1364.58,22.16,DDoS
3306,30996,69,536.14,587.86,BENIGN
21,40,96,1460.06,58.25,DDoS
25,75893,6,638.93,916.91,BENIGN
25,85152,29,320.42,80.64,BENIGN
21,15366,56,249.15,521.1,BENIGN
25,47819,5,697.07,425.11,BENIGN
53,14448,43,203.05,661.4,BENIGN
80,43708,4,648.28,965.49,BENIGN
21,67014,16,706.02,817.25,BENIGN
80,27424,30,841.94,881.61,BENIGN
22,64258,46,708.81,672.01,BENIGN
443,29165,1,633.58,842.95,BENIGN
80,626,229,1263.54,22.67,DDoS
25,10173,69,96.23,269.63,BENIGN
80,447,110,1419.12,45.38,DDoS
8080,28894,54,897.07,75.92,BENIGN
25,52919,76,364.76,981.03,BENIGN
443,868,113,1079.88,8.4,DDoS
53,53152,69,602.69,718.8,BENIGN
25,71040,10,91.93,357.46,BENIGN
21,65,184,1351.64,55.2,DDoS
22,10654,65,866.37,368.41,BENIGN
8080,426,197,1003.04,38.77,DDoS
80,43112,39,833.25,140.33,BENIGN
3306,611,103,769.13,28.62,DDoS
8080,149,276,943.18,33.96,DDoS
3306,87731,75,717.89,578.76,BENIGN
3306,68674,55,569.27,579.01,BENIGN
25,572,124,1102.55,74.2,DDoS
80,35272,15,696.58,506.16,BENIGN
3306,36502,6,289.44,574.3,BENIGN
25,6589,27,514.39,318.88,BENIGN
443,897,105,758.12,28.51,DDoS
25,8111,9,503.25,32.03,BENIGN
25,67552,40,566.7,39.8,BENIGN
21,355,176,710.94,67.07,DDoS
22,20936,4,142.6,212.85,BENIGN
53,202,225,1314.95,19.98,DDoS
80,33320,48,427.81,248.43,BENIGN
21,988,144,1088.99,50.12,DDoS
53,15584,77,375.39,656.58,BENIGN
25,31431,48,826.17,335.62,BENIGN
3306,7306,50,412.74,458.72,BENIGN
3306,35904,63,117.54,286.99,BENIGN
3306,658,289,1353.65,17.65,DDoS
21,78698,59,333.2,692.38,BENIGN
80,4257,41,764.36,247.36,BENIGN
25,84385,31,388.37,445.45,BENIGN
80,10231,57,759.69,614.98,BENIGN
443,99192,6,568.78,631.36,BENIGN
22,94918,30,194.52,345.7,BENIGN
3306,74508,30,808.32,331.89,BENIGN
443,713,94,1485.54,30.71,DDoS
443,222,211,819.91,61.19,DDoS
53,630,277,857.49,61.06,DDoS
22,36974,79,835.51,398.84,BENIGN
53,35,264,1430.69,43.75,DDoS
8080,149,177,1354.84,37.34,DDoS
22,67280,65,361.76,367.48,BENIGN
21,5954,79,296.81,524.36,BENIGN
443,70278,68,727.94,603.34,BENIGN
25,547,81,1418.91,39.75,DDoS
443,48514,33,347.48,528.53,BENIGN
3306,108,213,1052.88,2.18,DDoS
22,424,160,754.76,14.77,DDoS
22,370,194,1015.1,8.41,DDoS
25,24913,43,550.03,825.13,BENIGN
21,24177,13,657.99,147.27,BENIGN
8080,28270,42,741.77,821.86,BENIGN
80,97,243,1434.8,46.08,DDoS
25,936,139,1019.61,71.68,DDoS
443,47444,31,118.38,942.03,BENIGN
22,24,218,722.54,25.64,DDoS
80,175,162,1187.78,23.6,DDoS
25,58177,77,115.5,126.94,BENIGN
8080,70,244,1465.39,77.61,DDoS
443,63035,20,477.38,483.57,BENIGN
25,115,236,1466.15,12.14,DDoS
21,88,234,1360.48,56.27,DDoS
22,32363,30,221.57,434.96,BENIGN
25,53042,9,248.06,355.97,BENIGN
80,92476,20,823.95,921.79,BENIGN
3306,14015,63,433.01,673.08,BENIGN
53,547,91,1140.84,62.33,DDoS
8080,91564,9,429.43,657.29,BENIGN
22,227,260,1256.67,7.35,DDoS
3306,73182,32,351.74,53.03,BENIGN
8080,658,181,1328.81,1.68,DDoS
80,83879,44,380.87,903.97,BENIGN
80,7465,66,512.58,350.11,BENIGN
443,343,207,1247.13,39.92,DDoS
3306,93141,32,818.7,424.74,BENIGN
53,887,276,829.33,0.97,DDoS
3306,328,300,852.45,10.34,DDoS
21,69020,34,172.3,79.78,BENIGN
21,303,150,1482.71,56.95,DDoS
80,275,299,1351.97,24.62,DDoS
25,84269,75,442.75,458.98,BENIGN
22,88693,79,855.33,829.36,BENIGN
80,523,278,1468.34,75.34,DDoS
53,88045,76,230.93,864.11,BENIGN
21,220,215,1432.45,61.28,DDoS
53,80707,6,240.14,153.15,BENIGN
3306,343,111,1457.58,25.39,DDoS
25,32055,25,417.41,91.5,BENIGN
53,58585,60,606.88,565.93,BENIGN
25,96446,54,581.97,963.2,BENIGN
25,31807,20,290.08,46.35,BENIGN
80,46809,3,802.25,698.7,BENIGN
53,339,82,1275.89,29.59,DDoS
22,52953,67,784.15,342.64,BENIGN
80,654,117,923.74,52.01,DDoS
8080,86971,48,598.14,800.25,BENIGN
25,34511,56,528.14,914.06,BENIGN
21,312,128,842.72,10.53,DDoS
22,457,293,836.52,5.94,DDoS
53,689,206,868.03,10.04,DDoS
21,561,153,707.49,1.99,DDoS
22,308,153,919.47,65.07,DDoS
53,512,265,1422.94,48.35,DDoS
443,506,119,1087.3,22.08,DDoS
21,479,194,833.9,1.69,DDoS
21,38595,31,859.72,499.21,BENIGN
53,84624,71,743.69,349.75,BENIGN
21,74061,37,520.64,752.17,BENIGN
8080,76675,50,353.47,603.46,BENIGN
21,14940,31,845.16,23.03,BENIGN
25,13225,7,402.83,235.38,BENIGN
443,52677,73,223.17,125.92,BENIGN
21,763,298,1342.11,22.13,DDoS
3306,89301,37,539.3,846.99,BENIGN
3306,89016,43,385.69,426.35,BENIGN
80,506,189,1217.67,22.38,DDoS
443,32160,8,540.28,129.63,BENIGN
25,97012,29,291.61,531.31,BENIGN
25,79526,40,891.86,312.49,BENIGN
21,91222,39,182.62,333.92,BENIGN
8080,229,192,1447.53,29.45,DDoS
8080,36616,80,294.47,343.95,BENIGN
21,79164,16,333.27,31.56,BENIGN
8080,69,269,1135.7,29.83,DDoS
25,50280,66,113.39,392.43,BENIGN
80,92316,67,562.41,323.86,BENIGN
25,433,234,1151.41,64.88,DDoS
80,8849,39,668.12,678.34,BENIGN
80,69826,2,783.8,172.03,BENIGN
53,22088,33,532.92,738.82,BENIGN
22,41658,17,708.57,509.78,BENIGN
25,67061,38,433.25,187.24,BENIGN
443,49577,44,106.57,418.0,BENIGN
21,81503,79,241.31,499.66,BENIGN
8080,96210,18,69.69,222.46,BENIGN
80,296,115,1366.0,68.6,DDoS
25,49522,80,555.84,769.88,BENIGN
53,75923,65,303.14,635.32,BENIGN
8080,60957,53,867.95,383.57,BENIGN
8080,62625,47,552.44,901.55,BENIGN
22,97404,80,885.54,820.55,BENIGN
443,70844,68,702.71,946.01,BENIGN
21,6350,45,281.14,988.89,BENIGN
8080,942,124,1164.37,6.49,DDoS
22,48298,67,84.48,555.26,BENIGN
25,395,288,1135.8,54.27,DDoS
8080,258,300,808.61,1.89,DDoS
21,17509,16,120.07,723.39,BENIGN
21,81537,50,172.44,461.62,BENIGN
3306,574,291,1277.82,43.33,DDoS
80,69,141,1455.33,24.19,DDoS
22,43508,41,681.31,290.99,BENIGN
80,49690,64,660.5,128.6,BENIGN
3306,133,88,1107.75,51.57,DDoS
443,666,106,1413.3,20.54,DDoS
8080,523,209,1426.69,55.07,DDoS
3306,1,114,1214.08,25.06,DDoS
80,17280,14,569.69,511.95,BENIGN
3306,12146,63,160.14,781.47,BENIGN
80,131,263,1001.41,9.54,DDoS
53,58669,75,462.83,417.68,BENIGN
80,187,195,787.77,69.25,DDoS
80,16288,2,82.7,675.92,BENIGN
8080,151,167,1436.67,3.11,DDoS
22,374,251,1413.54,76.36,DDoS
22,284,271,953.0,30.75,DDoS
21,59013,65,608.74,920.22,BENIGN
3306,92673,75,584.18,101.62,BENIGN
443,54811,34,374.73,405.12,BENIGN
53,58077,56,231.96,712.47,BENIGN
53,611,192,1102.75,51.32,DDoS
3306,72180,20,291.78,529.27,BENIGN
8080,12305,51,410.01,198.61,BENIGN
22,46005,57,713.7,310.46,BENIGN
21,44263,23,297.59,830.13,BENIGN
443,55139,69,209.45,215.32,BENIGN
53,15978,40,441.97,663.01,BENIGN
80,25935,21,427.38,928.39,BENIGN
21,2117,22,456.74,309.9,BENIGN
53,33769,29,174.03,25.83,BENIGN
8080,70288,76,582.58,48.73,BENIGN
80,85594,34,598.02,397.17,BENIGN
3306,13659,32,366.27,477.75,BENIGN
21,82945,67,351.37,887.59,BENIGN
53,80790,41,786.87,27.01,BENIGN
443,20610,4,134.61,747.08,BENIGN
25,754,234,1018.09,27.06,DDoS
3306,43233,21,106.4,106.06,BENIGN
80,2474,22,470.45,867.93,BENIGN
22,80246,3,731.56,73.45,BENIGN
443,50357,64,613.22,41.22,BENIGN
21,75118,24,731.8,633.87,BENIGN
25,68264,25,277.23,118.49,BENIGN
53,46954,2,152.48,812.86,BENIGN
8080,77519,28,88.56,441.56,BENIGN
21,202,210,1207.94,66.36,DDoS
8080,918,128,1326.58,62.48,DDoS
443,701,246,1424.45,41.04,DDoS
25,19719,60,273.56,995.12,BENIGN
22,11835,60,336.1,818.35,BENIGN
22,876,109,791.18,47.37,DDoS
8080,83191,47,814.04,907.92,BENIGN
25,73102,8,856.09,563.25,BENIGN
25,52502,31,265.08,754.23,BENIGN
8080,30195,15,814.98,280.6,BENIGN
22,60090,30,533.52,960.7,BENIGN
21,377,262,1436.72,37.0,DDoS
443,89156,17,568.94,807.26,BENIGN
22,63213,62,800.3,760.91,BENIGN
21,21452,41,713.13,944.91,BENIGN
80,17953,64,438.22,495.33,BENIGN
25,683,211,1149.92,72.07,DDoS
53,71771,59,477.24,171.45,BENIGN
80,7228,27,107.72,187.7,BENIGN
21,526,271,1464.96,34.79,DDoS
22,633,176,1092.3,44.0,DDoS
53,798,135,1170.7,15.79,DDoS
8080,345,225,978.83,12.49,DDoS
22,14841,44,553.88,967.54,BENIGN
80,47804,12,508.21,981.41,BENIGN
25,987,280,1153.57,62.95,DDoS
443,51,267,1146.23,8.93,DDoS
25,2083,67,556.1,346.74,BENIGN
80,226,215,1137.72,50.43,DDoS
22,132,88,885.24,1.75,DDoS
22,30717,64,277.28,958.18,BENIGN
53,53684,75,748.1,461.49,BENIGN
80,62633,78,254.25,301.04,BENIGN
3306,621,176,1185.62,51.09,DDoS
53,222,100,1162.07,19.3,DDoS
80,36467,35,777.17,22.04,BENIGN
443,80239,33,544.2,231.37,BENIGN
53,8878,23,457.66,226.22,BENIGN
80,41471,74,687.97,500.22,BENIGN
8080,43338,6,131.6,925.19,BENIGN
80,101,106,1418.86,50.1,DDoS
80,46244,14,158.1,92.02,BENIGN
22,43146,26,344.74,685.33,BENIGN
53,763,143,1041.42,53.55,DDoS
25,46590,48,497.9,615.02,BENIGN
53,394,282,1360.31,14.68,DDoS
21,68644,43,776.26,410.65,BENIGN
21,54122,42,602.84,542.32,BENIGN
25,229,290,1194.74,44.12,DDoS
80,11979,55,142.26,194.97,BENIGN
53,40068,24,365.15,914.93,BENIGN
443,43015,3,426.31,431.6,BENIGN
53,28089,19,705.84,135.63,BENIGN
443,37578,49,836.57,977.99,BENIGN
80,94,160,1322.8,4.53,DDoS
80,14491,36,250.68,665.69,BENIGN
25,854,262,1013.05,52.32,DDoS
443,88950,66,149.23,772.68,BENIGN
21,989,116,1276.44,18.01,DDoS
80,43,234,964.58,6.52,DDoS
21,17561,77,442.58,697.53,BENIGN
21,19267,53,254.29,244.07,BENIGN
443,208,120,985.39,65.99,DDoS
53,648,199,919.7,71.53,DDoS
21,2778,43,357.14,445.37,BENIGN
53,98854,78,442.77,915.72,BENIGN
443,415,111,1238.33,74.52,DDoS
22,37558,74,752.28,105.49,BENIGN
3306,34053,71,428.23,719.67,BENIGN
80,62937,76,776.35,733.17,BENIGN
80,66350,44,446.3,280.53,BENIGN
3306,37048,69,622.28,885.6,BENIGN
25,11535,41,220.8,79.31,BENIGN
22,90057,15,458.77,998.81,BENIGN
443,95051,53,434.27,241.27,BENIGN
53,16876,70,195.02,168.98,BENIGN
3306,60582,29,876.66,671.52,BENIGN
22,85569,14,452.0,570.72,BENIGN
443,56719,33,436.7,736.31,BENIGN
80,80551,14,324.19,734.55,BENIGN
443,49941,59,568.54,137.67,BENIGN
53,573,126,884.75,11.0,DDoS
80,82332,57,492.99,434.22,BENIGN
53,255,252,960.58,18.41,DDoS
53,154,110,878.23,51.52,DDoS
3306,71149,64,636.42,666.45,BENIGN
53,43968,73,831.0,642.21,BENIGN
80,81017,74,716.33,999.34,BENIGN
21,65782,46,510.23,627.35,BENIGN
22,40614,34,245.28,742.02,BENIGN
443,611,145,1239.42,49.47,DDoS
25,60484,76,59.83,126.38,BENIGN
21,838,208,1168.18,45.31,DDoS
80,49890,32,628.28,842.58,BENIGN
22,442,251,711.05,65.28,DDoS
3306,30877,57,283.86,708.5,BENIGN
8080,75712,56,255.32,377.63,BENIGN
443,337,203,1403.83,23.08,DDoS
3306,95038,51,319.74,295.35,BENIGN
25,703,233,873.78,58.81,DDoS
80,37857,51,392.17,78.11,BENIGN
8080,90339,21,154.7,924.85,BENIGN
53,40346,63,135.76,882.37,BENIGN
53,4,181,914.24,2.08,DDoS
443,82235,11,664.03,829.03,BENIGN
80,53213,56,523.83,331.46,BENIGN
443,93351,3,784.01,790.99,BENIGN
443,272,267,722.78,47.18,DDoS
443,53561,63,815.74,532.59,BENIGN
25,2,294,1487.99,49.07,DDoS
8080,54438,31,198.53,481.11,BENIGN
443,818,286,1167.79,11.97,DDoS
25,45767,18,312.59,438.6,BENIGN
25,46573,24,388.98,264.77,BENIGN
25,94019,76,462.86,350.2,BENIGN
53,14122,59,117.7,826.71,BENIGN
443,55456,68,269.4,613.21,BENIGN
53,98867,49,227.37,936.65,BENIGN
21,86580,41,741.72,950.95,BENIGN
22,888,198,992.08,62.28,DDoS
21,74776,78,87.23,613.04,BENIGN
443,9660,33,136.88,30.14,BENIGN
25,834,244,834.15,45.68,DDoS
21,461,104,860.3,15.39,DDoS
3306,845,257,1005.92,77.48,DDoS
443,86132,68,212.27,482.85,BENIGN
21,508,269,876.98,8.7,DDoS
8080,37668,80,887.64,64.78,BENIGN
21,75102,64,400.71,323.59,BENIGN
53,546,183,1088.37,58.5,DDoS
80,60421,31,694.39,592.18,BENIGN
8080,6935,35,811.21,486.66,BENIGN
8080,48515,50,630.42,122.73,BENIGN
53,39994,7,762.26,165.82,BENIGN
25,96933,17,419.93,766.13,BENIGN
80,50536,40,469.15,819.06,BENIGN
25,5414,33,886.22,581.05,BENIGN
80,64179,25,858.36,813.95,BENIGN
8080,85157,69,467.33,271.46,BENIGN
53,760,82,986.38,2.43,DDoS
21,687,135,1011.61,47.8,DDoS
25,45212,36,715.01,781.67,BENIGN
53,178,134,869.58,34.98,DDoS
21,26232,39,421.34,593.15,BENIGN
22,21636,14,783.88,147.27,BENIGN
8080,76177,51,107.92,804.87,BENIGN
8080,36109,70,672.48,130.5,BENIGN
3306,35955,78,727.86,737.49,BENIGN
21,12040,24,359.11,321.1,BENIGN
3306,209,134,726.82,15.77,DDoS
21,1558,76,605.75,929.7,BENIGN
21,253,243,1298.52,69.08,DDoS
21,65621,5,326.15,692.17,BENIGN
3306,121,137,1300.23,69.9,DDoS
80,58233,77,350.14,699.48,BENIGN
22,3484,65,65.15,171.57,BENIGN
25,70608,41,177.25,700.09,BENIGN
21,5094,54,525.05,207.81,BENIGN
443,66296,11,440.05,868.81,BENIGN
53,19741,10,844.06,964.99,BENIGN
53,238,176,1278.13,16.34,DDoS
80,3785,6,697.05,608.04,BENIGN
21,1557,67,589.02,960.57,BENIGN
8080,32,135,862.76,33.02,DDoS
25,910,194,861.23,53.6,DDoS
21,62,124,846.57,48.32,DDoS
53,98560,1,577.14,999.19,BENIGN
3306,11482,72,88.27,535.67,BENIGN
22,577,208,1131.31,23.37,DDoS
53,14611,10,479.8,639.34,BENIGN
8080,12191,62,309.36,256.07,BENIGN
25,22699,3,262.54,713.2,BENIGN
443,72811,20,85.97,295.52,BENIGN
53,339,90,1471.7,67.93,DDoS
22,24297,9,834.07,814.12,BENIGN
21,48883,54,773.65,963.93,BENIGN
3306,29244,11,306.22,952.44,BENIGN
80,37177,11,734.99,376.14,BENIGN
3306,77517,44,309.76,617.7,BENIGN
443,91570,14,624.14,966.72,BENIGN
21,87113,67,858.79,564.56,BENIGN
80,66465,7,722.94,502.67,BENIGN
22,634,122,1442.43,14.21,DDoS
443,84261,1,158.76,864.17,BENIGN
53,26679,35,629.89,535.51,BENIGN
25,94070,14,526.95,142.66,BENIGN
8080,59673,12,417.68,607.97,BENIGN
80,53402,40,134.0,993.86,BENIGN
22,18099,4,226.64,32.41,BENIGN
443,39111,75,649.11,532.41,BENIGN
22,464,293,1451.23,57.49,DDoS
8080,63113,53,611.44,958.68,BENIGN
22,16544,37,143.49,224.45,BENIGN
53,633,234,1331.28,14.9,DDoS
21,99148,64,710.14,543.07,BENIGN
80,7474,46,65.98,770.54,BENIGN
8080,50222,52,220.71,541.92,BENIGN
80,9276,5,537.76,855.95,BENIGN
25,27897,34,499.41,201.85,BENIGN
21,370,82,1408.51,39.38,DDoS
3306,649,181,858.8,28.67,DDoS
8080,768,231,1054.13,10.38,DDoS
25,4183,75,709.78,951.52,BENIGN
21,45102,70,809.7,111.51,BENIGN
3306,1957,37,555.11,765.01,BENIGN
80,82822,14,201.37,28.21,BENIGN
25,23448,51,671.93,603.76,BENIGN
8080,8159,38,347.86,800.3,BENIGN
53,91952,68,160.84,831.44,BENIGN
8080,89623,66,830.76,156.75,BENIGN
3306,82740,75,636.86,387.22,BENIGN
25,21295,45,128.05,48.53,BENIGN
3306,39964,12,439.25,555.37,BENIGN
8080,90797,48,817.93,933.09,BENIGN
8080,86648,42,238.09,826.5,BENIGN
22,284,168,834.58,66.09,DDoS
8080,23182,15,292.03,872.01,BENIGN
443,60,264,994.82,47.58,DDoS
21,25215,22,826.13,754.99,BENIGN
443,33231,19,303.24,425.57,BENIGN
22,50264,41,138.91,362.22,BENIGN
21,47833,53,873.12,241.48,BENIGN
443,82436,64,206.09,734.77,BENIGN
21,9431,62,845.96,756.82,BENIGN
8080,62268,1,455.92,964.83,BENIGN
443,23545,1,82.86,147.33,BENIGN
3306,50326,25,456.08,193.17,BENIGN
25,4610,73,96.21,906.85,BENIGN
3306,55723,60,134.34,941.77,BENIGN
53,221,132,1076.92,39.26,DDoS
80,802,284,827.7,78.01,DDoS
8080,91,135,1399.61,72.68,DDoS
80,95,219,1091.22,50.2,DDoS
22,66256,49,752.33,492.14,BENIGN
80,553,269,1019.97,3.0,DDoS
443,939,118,1246.02,65.96,DDoS
21,278,245,1064.8,75.2,DDoS
53,34546,70,556.18,149.93,BENIGN
25,83387,34,759.4,712.15,BENIGN
25,95490,34,136.98,160.34,BENIGN
22,99,156,1071.7,77.92,DDoS
80,50721,11,894.31,942.71,BENIGN
22,68429,31,673.61,788.32,BENIGN
25,15779,66,734.63,908.13,BENIGN
8080,392,155,1070.87,28.37,DDoS
3306,324,255,1274.7,68.61,DDoS
3306,1707,44,889.27,759.02,BENIGN
53,328,107,1035.65,61.03,DDoS
22,721,241,1351.28,1.99,DDoS
22,14478,24,551.12,912.21,BENIGN
22,34494,11,205.79,341.88,BENIGN
80,882,180,1071.95,28.51,DDoS
8080,93197,71,670.17,198.2,BENIGN
80,2946,65,443.53,775.54,BENIGN
53,627,229,1419.78,7.52,DDoS
443,797,216,1405.46,14.29,DDoS
25,80404,70,656.74,80.06,BENIGN
53,65488,30,280.54,379.62,BENIGN
3306,47484,80,511.98,976.99,BENIGN
53,89083,8,510.91,533.73,BENIGN
8080,817,165,1426.39,1.15,DDoS
443,442,283,889.41,3.55,DDoS
22,28200,45,550.82,595.54,BENIGN
8080,10477,17,788.24,724.11,BENIGN
8080,844,131,1095.47,51.38,DDoS
21,69459,19,806.61,558.89,BENIGN
443,9121,35,778.8,36.13,BENIGN
80,12506,45,400.26,237.43,BENIGN
80,647,278,1078.13,56.07,DDoS
3306,85364,36,287.48,220.11,BENIGN
22,193,88,1232.38,39.97,DDoS
22,20525,71,560.0,107.33,BENIGN
21,76242,72,505.53,430.94,BENIGN
80,418,131,1402.23,11.07,DDoS
22,57653,56,695.8,998.28,BENIGN
8080,80387,23,671.95,179.2,BENIGN
3306,252,213,829.52,64.94,DDoS
443,55751,77,560.77,464.41,BENIGN
21,12758,32,226.11,524.25,BENIGN
443,10072,30,66.55,98.62,BENIGN
8080,73335,76,667.79,745.55,BENIGN
21,825,145,1331.77,23.94,DDoS
53,33902,74,610.25,86.41,BENIGN
3306,17175,25,808.74,865.28,BENIGN
3306,26823,73,53.95,211.29,BENIGN
8080,58079,41,621.64,138.57,BENIGN
443,13210,23,889.58,308.69,BENIGN
80,39823,6,101.74,489.27,BENIGN
21,90839,15,567.51,937.68,BENIGN
25,47288,4,170.47,565.34,BENIGN
22,32986,71,96.32,276.71,BENIGN
8080,55180,24,861.18,369.75,BENIGN
25,88301,60,515.63,982.0,BENIGN
3306,464,132,864.06,35.51,DDoS
3306,90633,68,212.18,186.37,BENIGN
21,323,96,1342.97,62.11,DDoS
443,43982,9,443.17,685.37,BENIGN
53,58630,30,228.13,805.48,BENIGN
8080,7995,24,137.75,180.35,BENIGN
443,81822,77,489.01,606.43,BENIGN
22,92255,57,157.71,270.91,BENIGN
22,39419,33,675.05,159.63,BENIGN
25,16823,23,883.16,953.37,BENIGN
53,800,166,871.25,0.96,DDoS
25,999,119,879.91,11.78,DDoS
21,36272,33,279.18,911.43,BENIGN
25,892,152,1206.09,43.11,DDoS
8080,262,283,1431.13,0.96,DDoS
53,44135,20,742.78,655.91,BENIGN
22,54,226,1261.64,41.52,DDoS
22,202,293,1477.47,58.42,DDoS
8080,28031,22,485.47,871.15,BENIGN
22,32905,20,712.43,102.74,BENIGN
443,99830,49,187.78,646.01,BENIGN
3306,8116,76,482.46,468.58,BENIGN
443,9380,29,604.03,780.34,BENIGN
25,84160,8,304.12,198.38,BENIGN
25,35316,80,209.36,690.2,BENIGN
22,68288,21,723.13,624.43,BENIGN
8080,49251,29,368.32,241.01,BENIGN
25,85146,31,432.11,62.44,BENIGN
8080,462,193,802.78,77.8,DDoS
22,220,128,1351.05,68.76,DDoS
22,354,227,1151.48,47.42,DDoS
3306,449,243,1387.45,10.93,DDoS
25,44340,6,796.39,117.0,BENIGN
8080,18737,14,413.49,961.61,BENIGN
3306,366,113,1494.58,8.32,DDoS
3306,320,268,917.17,6.69,DDoS
21,12118,67,133.79,607.69,BENIGN
3306,71980,52,808.54,996.26,BENIGN
22,428,283,1283.17,67.56,DDoS
443,69006,35,482.04,535.14,BENIGN
25,62628,60,103.34,49.61,BENIGN
80,90189,75,248.58,214.52,BENIGN
53,2391,58,579.42,993.82,BENIGN
25,28906,12,371.98,383.31,BENIGN
53,73589,42,524.0,701.67,BENIGN
443,47987,70,603.17,793.24,BENIGN
80,2467,31,729.29,439.71,BENIGN
8080,71316,6,585.4,197.26,BENIGN
22,65168,59,552.0,780.54,BENIGN
22,10234,45,803.15,873.85,BENIGN
3306,43519,61,284.91,526.72,BENIGN
8080,71880,61,642.22,661.83,BENIGN
21,41642,30,231.31,804.52,BENIGN
53,25870,33,689.1,763.29,BENIGN
22,591,237,1235.89,63.12,DDoS
3306,748,279,1397.59,77.68,DDoS
3306,25436,15,122.96,905.93,BENIGN
3306,37955,65,504.13,753.9,BENIGN
25,622,199,1227.72,15.97,DDoS
443,526,124,1017.68,54.79,DDoS
21,77144,3,92.17,986.35,BENIGN
22,930,214,1420.0,8.01,DDoS
53,918,145,1205.72,23.19,DDoS
22,8743,22,531.99,243.24,BENIGN
8080,77861,74,580.17,170.71,BENIGN
21,7120,26,235.55,614.58,BENIGN
22,20860,68,218.94,615.56,BENIGN
80,54769,69,264.69,58.52,BENIGN
8080,94,163,1008.05,45.69,DDoS
22,1164,30,563.2,320.33,BENIGN
80,92804,9,202.93,774.03,BENIGN
22,41614,20,185.97,582.24,BENIGN
443,73527,21,748.73,240.11,BENIGN
3306,45466,2,650.64,299.47,BENIGN
3306,92742,38,722.99,771.66,BENIGN
8080,56226,76,548.41,26.76,BENIGN
3306,47015,36,313.28,142.06,BENIGN
21,33211,39,442.89,490.16,BENIGN
22,21284,61,214.91,171.11,BENIGN
3306,8178,36,778.01,189.2,BENIGN
443,12859,20,143.45,786.61,BENIGN
21,28946,61,533.64,767.48,BENIGN
21,205,128,1317.48,74.91,DDoS
443,666,286,1061.02,47.05,DDoS
25,73099,21,456.49,615.32,BENIGN
25,704,108,1225.45,22.97,DDoS
25,259,137,1493.9,25.25,DDoS
25,827,287,1080.06,40.75,DDoS
53,48934,16,78.0,567.97,BENIGN
25,74289,57,105.93,579.82,BENIGN
25,35062,63,778.66,464.98,BENIGN
443,51185,19,610.97,785.81,BENIGN
80,57482,49,776.99,623.65,BENIGN
8080,12010,44,715.23,78.46,BENIGN
53,73219,80,168.09,446.01,BENIGN
8080,247,282,1025.08,32.85,DDoS
80,22335,72,849.04,320.51,BENIGN
21,832,173,953.55,29.69,DDoS
443,827,267,1089.26,27.46,DDoS
8080,68551,28,889.04,672.56,BENIGN
443,46724,57,53.71,906.94,BENIGN
21,51065,18,646.6,367.78,BENIGN
53,29127,1,475.72,335.05,BENIGN
21,29874,53,705.39,313.79,BENIGN
22,489,158,1488.0,63.11,DDoS
80,91863,72,474.41,484.39,BENIGN
3306,71900,71,711.07,523.24,BENIGN
21,77252,13,408.95,495.72,BENIGN
25,93034,51,680.76,838.44,BENIGN
21,73964,4,382.32,264.7,BENIGN
443,823,278,1120.2,11.3,DDoS
21,62381,63,740.07,941.05,BENIGN
22,728,292,1392.27,63.97,DDoS
443,60922,59,189.63,636.61,BENIGN
22,708,299,1396.08,49.41,DDoS
53,7526,3,858.07,800.38,BENIGN
8080,5106,10,748.33,444.03,BENIGN
21,869,158,700.08,63.84,DDoS
22,62326,17,794.49,317.18,BENIGN
53,834,157,879.58,28.17,DDoS
3306,90857,3,314.14,547.54,BENIGN
22,8658,4,382.68,576.95,BENIGN
21,403,131,1163.5,26.44,DDoS
3306,34190,23,164.68,21.35,BENIGN
443,59639,48,884.62,472.67,BENIGN
443,843,248,1344.05,76.0,DDoS
80,860,300,1427.08,77.52,DDoS
21,77104,6,345.3,990.75,BENIGN
53,49885,65,766.85,707.77,BENIGN
80,99947,24,858.77,180.47,BENIGN
443,85405,10,277.76,441.21,BENIGN
80,53859,45,809.81,985.57,BENIGN
22,23753,69,332.22,342.32,BENIGN
25,272,240,805.26,31.31,DDoS
443,85457,78,789.4,190.23,BENIGN
3306,74463,20,514.92,705.25,BENIGN
80,72721,73,435.55,507.85,BENIGN
25,21609,7,335.0,935.39,BENIGN
25,61778,46,591.01,548.41,BENIGN
53,510,197,1272.06,47.22,DDoS
21,95654,25,146.72,182.34,BENIGN
3306,88970,1,601.06,260.61,BENIGN
8080,65701,3,284.27,123.35,BENIGN
8080,56547,33,148.05,90.85,BENIGN
21,24172,16,570.03,447.25,BENIGN
3306,90420,11,690.72,682.8,BENIGN
25,42864,73,488.13,43.66,BENIGN
3306,32037,70,732.95,183.17,BENIGN
25,731,276,1377.13,73.68,DDoS
3306,73245,18,633.85,760.32,BENIGN
21,67682,31,446.29,347.4,BENIGN
3306,93594,9,783.83,633.15,BENIGN
22,882,163,765.52,54.65,DDoS
80,1118,80,447.39,423.6,BENIGN
53,37532,67,239.48,550.36,BENIGN
443,11616,40,358.81,976.88,BENIGN
22,28921,39,645.9,864.66,BENIGN
8080,54426,76,893.94,945.79,BENIGN
22,530,256,971.69,66.58,DDoS
3306,35435,54,493.88,896.44,BENIGN
80,92986,65,672.92,371.58,BENIGN
53,72293,22,299.11,491.2,BENIGN
22,19639,29,394.55,181.91,BENIGN
53,42069,77,576.5,651.92,BENIGN
21,725,293,725.61,41.77,DDoS
21,99588,7,51.87,685.71,BENIGN
21,62188,13,532.76,89.03,BENIGN
80,88007,14,97.54,125.73,BENIGN
53,69440,24,788.76,65.98,BENIGN
3306,37802,15,792.12,713.55,BENIGN
22,77284,59,48.27,750.09,BENIGN
80,40192,79,161.44,112.41,BENIGN
8080,55098,9,604.39,118.38,BENIGN
25,91974,45,827.18,375.91,BENIGN
80,452,216,1132.54,29.13,DDoS
21,36674,59,149.81,385.07,BENIGN
443,18397,3,513.26,418.58,BENIGN
8080,1711,75,529.64,489.08,BENIGN
21,217,80,993.87,75.7,DDoS
443,53488,28,801.25,273.21,BENIGN
22,51907,13,736.24,171.53,BENIGN
80,27520,55,837.63,45.56,BENIGN
25,85951,68,195.91,25.38,BENIGN
25,56835,6,181.46,932.17,BENIGN
80,18187,52,243.13,818.04,BENIGN
3306,72950,70,435.21,928.86,BENIGN
53,76263,76,121.15,75.74,BENIGN
443,56550,77,800.65,491.08,BENIGN
22,146,138,1134.35,44.29,DDoS
8080,7,220,854.66,23.69,DDoS
80,12130,61,80.22,459.29,BENIGN
80,256,300,1220.57,7.43,DDoS
80,198,116,1027.72,68.77,DDoS
22,230,195,1473.15,67.43,DDoS
8080,56012,65,483.01,578.4,BENIGN
53,64076,29,862.5,269.18,BENIGN
53,878,152,1046.46,78.53,DDoS
25,77628,67,526.06,536.56,BENIGN
80,45158,43,66.85,494.01,BENIGN
22,51935,2,489.39,996.7,BENIGN
22,28658,76,110.42,993.39,BENIGN
3306,19139,62,648.25,784.92,BENIGN
53,73871,64,259.0,915.78,BENIGN
53,71639,24,248.73,122.31,BENIGN
25,897,225,1188.89,63.49,DDoS
80,446,241,980.15,27.81,DDoS
8080,108,194,1409.09,23.95,DDoS
21,52069,70,305.92,441.18,BENIGN
21,467,106,943.08,79.9,DDoS
8080,12919,54,139.74,929.92,BENIGN
80,324,142,1161.65,36.57,DDoS
22,860,96,881.12,75.78,DDoS
3306,13955,37,858.52,303.93,BENIGN
21,70789,50,465.36,654.04,BENIGN
22,606,175,1273.03,76.53,DDoS
22,28361,33,810.27,83.29,BENIGN
3306,172,229,740.5,38.54,DDoS
80,11015,36,159.94,329.77,BENIGN
53,54013,31,355.26,73.03,BENIGN
25,4791,11,664.6,860.49,BENIGN
3306,33572,22,892.82,608.3,BENIGN
21,92959,43,437.67,384.35,BENIGN
3306,91392,73,557.43,832.82,BENIGN
53,45772,8,264.77,98.03,BENIGN
25,11088,28,197.23,876.46,BENIGN
25,15153,11,508.2,401.44,BENIGN
80,55961,73,855.47,419.62,BENIGN
3306,85413,11,207.45,197.23,BENIGN
25,34374,54,588.01,851.14,BENIGN
443,760,177,763.63,58.17,DDoS
21,57000,15,107.1,153.56,BENIGN
22,39,228,730.98,34.63,DDoS
53,20898,72,237.28,793.01,BENIGN
21,396,136,942.19,42.47,DDoS
8080,42618,75,597.94,433.47,BENIGN
3306,89896,71,629.17,640.31,BENIGN
80,710,220,1142.97,49.86,DDoS
53,9259,22,764.07,217.34,BENIGN
53,90818,59,227.28,970.85,BENIGN
22,86993,49,330.88,481.94,BENIGN
3306,47259,33,194.77,600.54,BENIGN
53,22350,58,600.93,331.35,BENIGN
21,38661,54,869.94,800.01,BENIGN
25,5405,15,640.06,778.46,BENIGN
8080,72420,39,569.66,673.89,BENIGN
8080,69599,39,548.65,889.39,BENIGN
3306,540,295,1422.86,1.45,DDoS
25,226,244,1238.95,48.4,DDoS
8080,2549,28,75.16,222.82,BENIGN
21,36309,75,675.24,829.02,BENIGN
443,956,161,1393.64,20.49,DDoS
21,203,257,1489.53,73.97,DDoS
80,483,150,1407.33,40.15,DDoS
8080,193,148,1334.21,68.51,DDoS
80,850,251,1465.4,51.95,DDoS
80,20274,48,818.89,206.38,BENIGN
25,83176,21,505.14,78.08,BENIGN
3306,59142,38,397.91,309.02,BENIGN
53,47752,14,363.82,801.87,BENIGN
25,34673,24,464.67,928.41,BENIGN
25,97902,21,736.61,872.97,BENIGN
8080,68782,59,524.12,525.28,BENIGN
3306,54642,46,314.59,280.23,BENIGN
8080,30272,5,251.64,438.97,BENIGN
25,28084,4,257.77,891.68,BENIGN
80,7813,80,359.13,387.66,BENIGN
3306,62602,26,468.67,612.11,BENIGN
25,395,98,1499.38,76.1,DDoS
21,36610,15,307.89,380.53,BENIGN
3306,3417,22,820.89,855.61,BENIGN
25,63910,41,875.1,926.81,BENIGN
25,27090,48,550.57,285.06,BENIGN
3306,32710,35,189.84,674.96,BENIGN
8080,62774,40,711.88,437.37,BENIGN
3306,54456,44,172.47,241.99,BENIGN
3306,43396,46,172.98,573.77,BENIGN
80,82,207,1266.23,46.55,DDoS
3306,57178,64,650.02,142.09,BENIGN
22,3435,57,804.84,377.88,BENIGN
25,945,239,1067.03,51.85,DDoS
80,5434,3,186.34,223.64,BENIGN
443,32342,60,158.62,431.23,BENIGN
443,18647,42,308.85,353.76,BENIGN
53,49968,17,251.82,953.06,BENIGN
443,124,234,1189.54,78.58,DDoS
22,56989,80,719.28,450.47,BENIGN
21,34675,59,607.44,476.45,BENIGN
53,88339,6,790.05,57.8,BENIGN
53,495,140,1001.91,60.46,DDoS
53,14887,78,676.41,695.77,BENIGN
25,94490,60,111.3,49.07,BENIGN
21,59725,78,252.8,560.1,BENIGN
53,73948,26,546.93,896.91,BENIGN
443,94391,61,490.91,802.87,BENIGN
25,68386,56,813.18,584.0,BENIGN
80,84078,4,307.31,114.43,BENIGN
25,81730,77,127.71,891.94,BENIGN
25,13182,50,104.57,491.25,BENIGN
443,67006,16,123.96,711.55,BENIGN
8080,357,300,835.83,39.46,DDoS
443,147,193,1285.38,5.06,DDoS
22,88920,65,640.36,219.46,BENIGN
25,89117,60,509.22,861.74,BENIGN
443,46484,50,449.26,454.67,BENIGN
80,67340,56,511.65,476.28,BENIGN
3306,461,122,1301.21,19.89,DDoS
3306,86242,10,635.77,521.36,BENIGN
25,489,101,744.55,54.31,DDoS
22,498,216,1047.29,8.77,DDoS
21,464,149,1076.65,36.62,DDoS
3306,68575,33,499.53,964.66,BENIGN
22,73968,21,272.19,604.61,BENIGN
3306,70973,45,698.29,85.22,BENIGN
443,22425,63,584.54,479.65,BENIGN
53,816,292,1128.67,28.65,DDoS
21,26103,52,590.25,745.43,BENIGN
443,728,163,1255.98,54.25,DDoS
21,349,101,1243.27,63.96,DDoS
443,26389,1,471.62,896.61,BENIGN
443,98978,64,574.28,831.55,BENIGN
443,871,259,961.08,53.21,DDoS
21,70123,27,288.64,955.24,BENIGN
3306,482,300,937.4,31.61,DDoS
53,31881,76,490.88,619.31,BENIGN
25,81239,50,496.81,492.05,BENIGN
25,24203,36,208.95,502.6,BENIGN
22,57908,60,827.19,144.15,BENIGN
8080,55457,31,897.46,118.54,BENIGN
25,26009,26,747.51,743.77,BENIGN
22,84301,2,497.73,157.92,BENIGN
8080,30985,45,872.82,63.85,BENIGN
25,59948,17,747.26,136.88,BENIGN
3306,87864,26,291.2,869.75,BENIGN
25,68236,34,481.5,576.72,BENIGN
25,39011,16,225.3,248.11,BENIGN
53,25770,34,390.35,606.75,BENIGN
25,68080,29,420.87,68.77,BENIGN
21,999,205,1499.21,73.9,DDoS
443,7236,29,478.37,654.8,BENIGN
443,83,120,1171.39,35.93,DDoS
21,34426,44,188.68,824.2,BENIGN
3306,88431,78,394.88,394.47,BENIGN
21,154,210,840.85,39.07,DDoS
25,68013,70,675.02,106.89,BENIGN
3306,432,203,782.11,50.64,DDoS
3306,73641,73,255.44,971.05,BENIGN
22,780,263,1042.7,56.63,DDoS
8080,87763,40,643.34,552.64,BENIGN
8080,34881,71,752.43,657.69,BENIGN
443,37391,73,486.09,486.46,BENIGN
80,68516,21,666.32,444.54,BENIGN
53,82152,17,307.7,951.03,BENIGN
21,62536,20,132.59,355.81,BENIGN
8080,50298,31,161.06,810.73,BENIGN
53,49994,66,653.28,510.79,BENIGN
53,9392,19,605.26,78.27,BENIGN
443,33790,3,715.45,805.15,BENIGN
80,79186,69,440.28,104.49,BENIGN
53,687,165,1497.62,33.13,DDoS
80,78005,50,246.75,789.78,BENIGN
22,55473,44,535.39,306.44,BENIGN
8080,62640,1,108.89,723.66,BENIGN
53,62831,66,754.81,227.63,BENIGN
25,35329,44,636.5,507.84,BENIGN
3306,35960,16,255.96,156.0,BENIGN
80,16166,72,804.98,99.07,BENIGN
53,598,86,1404.38,14.8,DDoS
443,4644,57,528.47,659.9,BENIGN
3306,402,235,700.94,10.7,DDoS
80,79828,26,198.74,537.99,BENIGN
53,723,170,806.78,27.83,DDoS
80,940,275,803.69,46.94,DDoS
22,44943,18,515.43,264.42,BENIGN
53,72098,44,314.12,709.34,BENIGN
25,74614,54,450.86,399.61,BENIGN
80,164,138,1367.63,28.33,DDoS
3306,1205,8,87.13,38.87,BENIGN
22,48078,19,650.87,870.18,BENIGN
8080,57,196,1035.19,12.7,DDoS
22,98064,26,312.18,65.33,BENIGN
443,430,161,737.54,10.97,DDoS
80,53935,45,843.3,116.25,BENIGN
80,97,247,821.74,38.71,DDoS
443,149,232,1441.26,33.97,DDoS
3306,35871,18,268.8,720.06,BENIGN
25,55118,64,112.87,168.09,BENIGN
21,60509,70,701.52,167.99,BENIGN
22,703,115,977.03,41.77,DDoS
25,415,104,1244.56,46.92,DDoS
25,1,189,1231.84,62.1,DDoS
3306,52915,14,166.2,705.54,BENIGN
53,222,295,1069.65,72.49,DDoS
443,35776,67,80.92,180.93,BENIGN
22,95538,44,682.56,475.16,BENIGN
21,17108,17,762.89,35.49,BENIGN
21,192,262,1455.73,76.28,DDoS
22,32417,45,681.89,672.49,BENIGN
8080,556,247,1321.17,38.04,DDoS
21,645,259,1293.56,28.97,DDoS
53,29818,38,283.47,805.78,BENIGN
22,23487,12,104.43,624.72,BENIGN
80,70,297,756.58,69.53,DDoS
22,75526,49,231.51,645.21,BENIGN
80,928,254,1234.38,55.55,DDoS
80,61045,56,171.35,501.93,BENIGN
8080,56864,60,134.56,232.95,BENIGN
80,10956,56,468.13,320.63,BENIGN
22,5411,20,870.37,759.47,BENIGN
3306,53925,31,186.38,448.6,BENIGN
8080,69241,80,287.37,259.7,BENIGN
3306,305,256,1473.45,21.66,DDoS
3306,255,87,970.12,32.95,DDoS
53,69742,20,241.34,82.64,BENIGN
22,57633,38,685.63,648.81,BENIGN
22,28553,41,644.44,274.69,BENIGN
25,85236,44,749.79,847.05,BENIGN
8080,73759,64,598.77,66.17,BENIGN
3306,50552,7,551.33,401.68,BENIGN
8080,4382,62,358.87,943.28,BENIGN
3306,96058,23,234.48,543.51,BENIGN
80,679,98,1497.45,45.69,DDoS
80,92046,36,560.78,948.99,BENIGN
3306,7945,28,311.9,707.42,BENIGN
80,21182,44,708.29,384.36,BENIGN
443,64242,76,286.02,415.83,BENIGN
8080,120,151,1228.13,36.53,DDoS
80,86476,20,881.03,477.02,BENIGN
3306,89532,14,573.23,59.79,BENIGN
21,268,243,1218.81,32.4,DDoS
21,98869,12,406.26,719.4,BENIGN
25,37102,68,724.27,628.05,BENIGN
22,74984,50,77.58,280.29,BENIGN
443,68263,18,819.62,825.41,BENIGN
443,40097,67,815.47,51.16,BENIGN
25,76874,75,406.51,268.35,BENIGN
21,4041,53,646.97,740.25,BENIGN
53,41674,61,613.24,798.85,BENIGN
53,169,237,1409.13,42.58,DDoS
80,642,280,1434.59,46.32,DDoS
25,75893,23,624.81,722.12,BENIGN
22,96321,75,504.7,869.35,BENIGN
80,98731,66,342.64,756.28,BENIGN
53,63816,64,625.26,484.26,BENIGN
80,28544,60,118.39,544.66,BENIGN
3306,19720,40,810.86,483.42,BENIGN
8080,93732,76,46.7,872.94,BENIGN
21,79039,62,345.79,450.06,BENIGN
443,57,107,1204.89,28.53,DDoS
8080,48307,45,256.19,932.95,BENIGN
22,23949,9,431.66,116.11,BENIGN
80,14584,67,596.52,272.15,BENIGN
25,10788,53,105.37,34.56,BENIGN
25,789,125,1099.81,11.16,DDoS
53,76023,33,348.85,353.33,BENIGN
25,177,190,770.28,11.4,DDoS
22,81970,33,125.87,463.12,BENIGN
53,29304,7,517.92,405.72,BENIGN
3306,77952,37,276.53,395.49,BENIGN
8080,13148,60,681.29,482.9,BENIGN
53,691,139,1497.22,11.77,DDoS
53,44726,53,333.5,267.61,BENIGN
22,64180,53,642.57,792.35,BENIGN
21,85666,20,590.7,328.49,BENIGN
22,63918,32,680.81,576.76,BENIGN
443,359,209,1498.04,70.19,DDoS
21,65353,55,580.69,634.95,BENIGN
25,18140,34,513.6,418.31,BENIGN
53,24791,15,759.1,420.38,BENIGN
22,30439,64,349.09,960.4,BENIGN
22,54241,11,269.08,188.27,BENIGN
8080,29560,61,775.96,521.86,BENIGN
53,39144,7,565.07,690.43,BENIGN
21,83189,15,889.18,862.54,BENIGN
21,60448,3,248.89,636.56,BENIGN
22,12460,76,728.94,412.16,BENIGN
53,73504,74,747.07,989.3,BENIGN
443,466,144,1324.66,49.54,DDoS
3306,64287,28,771.17,142.57,BENIGN
53,113,226,1013.0,41.64,DDoS
80,62,98,710.81,47.95,DDoS
53,18470,80,866.22,588.61,BENIGN
3306,99070,63,335.97,963.17,BENIGN
21,53898,10,650.29,933.58,BENIGN
25,112,151,764.85,32.03,DDoS
3306,731,158,972.61,31.66,DDoS
443,41259,52,697.74,127.67,BENIGN
25,390,266,1156.96,46.7,DDoS
443,4875,79,517.68,644.4,BENIGN
22,91524,78,775.45,872.47,BENIGN
8080,158,197,874.09,32.77,DDoS
22,6994,35,700.84,20.89,BENIGN
21,759,150,809.7,69.75,DDoS
22,891,193,1334.16,19.06,DDoS
80,946,205,798.12,52.75,DDoS
8080,89973,75,138.45,907.45,BENIGN
3306,14742,68,215.53,787.17,BENIGN
3306,891,228,1264.54,22.38,DDoS
80,62934,78,647.66,781.72,BENIGN
8080,80640,43,316.02,70.24,BENIGN
21,671,262,997.34,67.73,DDoS
53,705,249,1172.83,76.93,DDoS
3306,18009,21,485.37,668.72,BENIGN
53,91153,36,189.65,35.29,BENIGN
80,94216,66,287.84,437.88,BENIGN
8080,586,125,1034.36,72.16,DDoS
22,68329,58,590.76,521.39,BENIGN
8080,74421,70,803.43,700.32,BENIGN
443,531,222,1169.67,30.68,DDoS
53,58539,15,483.85,947.06,BENIGN
443,41759,55,254.35,360.69,BENIGN
80,72793,2,353.01,488.07,BENIGN
22,244,245,1172.91,14.4,DDoS
53,81252,68,119.1,536.81,BENIGN
22,545,85,1258.25,61.48,DDoS
80,729,255,1277.1,57.72,DDoS
8080,6978,27,782.74,400.05,BENIGN
3306,54017,44,601.69,803.59,BENIGN
21,93511,17,212.99,771.45,BENIGN
21,81828,3,52.0,416.36,BENIGN
53,18064,47,507.15,866.41,BENIGN
53,968,118,865.76,38.14,DDoS
21,47273,8,853.06,811.05,BENIGN
8080,22835,20,152.96,637.4,BENIGN
3306,61670,80,599.17,176.76,BENIGN
8080,579,123,1328.65,37.58,DDoS
443,31422,1,593.4,671.04,BENIGN
22,20919,73,446.21,946.86,BENIGN
443,94356,39,93.56,198.35,BENIGN
80,553,110,930.76,31.87,DDoS
22,43157,43,706.03,885.61,BENIGN
3306,56733,41,283.56,815.59,BENIGN
443,32707,60,857.42,45.99,BENIGN
443,16794,30,746.7,865.64,BENIGN
53,31666,41,825.23,921.52,BENIGN
8080,472,222,869.74,59.04,DDoS
3306,70227,37,282.28,805.33,BENIGN
8080,21425,7,704.04,211.43,BENIGN
8080,502,277,1342.12,16.27,DDoS
21,6299,23,683.42,877.7,BENIGN
25,855,200,1097.04,9.22,DDoS
443,439,144,1220.66,3.4,DDoS
53,977,291,789.36,62.8,DDoS
53,927,180,982.28,65.65,DDoS
8080,23668,79,254.85,754.05,BENIGN
3306,506,140,864.97,50.41,DDoS
53,582,128,1355.08,44.09,DDoS
8080,99871,12,627.47,107.42,BENIGN
3306,85649,17,702.99,133.21,BENIGN
21,786,125,715.43,69.65,DDoS
443,67882,29,201.13,191.82,BENIGN
8080,27671,14,469.58,196.07,BENIGN
443,46925,43,391.84,989.05,BENIGN
53,952,82,760.64,20.83,DDoS
21,15933,57,94.99,658.48,BENIGN
22,875,230,1001.85,42.79,DDoS
22,69,160,824.02,20.28,DDoS
22,90777,63,658.53,423.98,BENIGN
443,76657,16,804.14,202.93,BENIGN
8080,69596,42,223.88,854.3,BENIGN
8080,528,92,909.9,14.32,DDoS
3306,84812,37,166.78,211.55,BENIGN
22,577,81,1368.09,9.05,DDoS
53,4158,2,521.34,62.18,BENIGN
8080,467,138,1097.58,42.8,DDoS
8080,416,197,1279.01,63.0,DDoS
80,430,178,965.49,28.63,DDoS
80,45940,48,858.45,308.66,BENIGN
8080,53229,44,91.7,761.98,BENIGN
8080,32756,36,663.53,348.74,BENIGN
21,1909,38,813.05,586.48,BENIGN
443,69,91,1227.97,63.0,DDoS
80,70503,58,886.79,689.16,BENIGN
80,35455,9,609.73,528.89,BENIGN
25,27350,71,879.15,848.04,BENIGN
21,88294,67,510.47,733.0,BENIGN
53,43594,31,566.33,955.08,BENIGN
22,25492,15,797.83,718.22,BENIGN
3306,26622,54,64.73,306.99,BENIGN
53,38443,45,651.11,103.41,BENIGN
443,78654,39,529.82,951.08,BENIGN
22,99112,10,323.11,886.59,BENIGN
3306,2456,14,881.45,51.7,BENIGN
53,192,192,1232.18,16.05,DDoS
8080,68901,62,346.08,476.94,BENIGN
21,84701,28,386.48,223.87,BENIGN
53,43138,3,233.06,696.87,BENIGN
3306,464,202,1109.95,56.94,DDoS
22,93634,17,148.14,409.63,BENIGN
443,39763,11,483.41,223.97,BENIGN
25,467,199,1112.29,12.11,DDoS
25,79866,67,789.11,323.35,BENIGN
53,5503,9,450.7,844.84,BENIGN
443,10780,33,200.22,76.18,BENIGN
443,73960,30,660.97,780.14,BENIGN
3306,8903,30,659.99,411.64,BENIGN
443,464,211,1191.14,14.52,DDoS
25,32772,76,752.7,435.88,BENIGN
3306,623,111,1278.65,44.1,DDoS
80,14340,59,668.77,346.19,BENIGN
22,18286,20,828.52,629.01,BENIGN
80,21185,66,889.96,259.14,BENIGN
21,33510,4,229.79,951.75,BENIGN
443,73129,10,481.37,967.18,BENIGN
443,646,92,979.56,79.63,DDoS
22,73724,9,181.99,701.02,BENIGN
21,55628,73,416.29,944.29,BENIGN
8080,81963,32,635.61,702.37,BENIGN
21,47322,42,809.59,183.71,BENIGN
80,561,262,1406.91,71.07,DDoS
21,69409,56,242.95,551.35,BENIGN
22,186,231,965.9,64.24,DDoS
80,70776,14,800.34,979.34,BENIGN
21,43725,23,808.92,861.2,BENIGN
443,80202,70,648.7,545.51,BENIGN
53,939,203,913.36,21.93,DDoS
21,17550,35,227.54,337.74,BENIGN
21,525,108,1403.86,62.47,DDoS
21,72326,45,239.78,689.98,BENIGN
22,11754,71,354.41,185.98,BENIGN
22,286,199,878.16,72.51,DDoS
25,455,130,714.16,18.61,DDoS
3306,9927,76,781.07,549.03,BENIGN
21,22101,44,511.41,852.64,BENIGN
53,50371,23,334.88,770.41,BENIGN
53,75373,64,471.38,936.15,BENIGN
443,73110,18,809.41,336.67,BENIGN
8080,30775,57,187.63,777.49,BENIGN
80,624,122,1466.52,57.01,DDoS
3306,83885,78,336.57,547.41,BENIGN
80,64242,59,99.29,533.26,BENIGN
8080,72213,22,167.05,470.65,BENIGN
8080,53192,19,871.91,370.84,BENIGN
8080,317,129,909.88,58.5,DDoS
80,81310,63,237.13,615.31,BENIGN
443,88617,12,696.67,855.0,BENIGN
443,107,84,788.07,63.06,DDoS
22,89256,66,591.72,59.92,BENIGN
80,55478,25,332.39,155.22,BENIGN
22,39485,35,67.04,858.57,BENIGN
80,24372,12,427.14,785.95,BENIGN
25,290,299,939.66,10.44,DDoS
53,63123,56,603.59,262.87,BENIGN
25,185,122,1148.79,61.34,DDoS
8080,16683,75,855.31,704.77,BENIGN
25,2033,33,494.66,605.75,BENIGN
25,73289,62,170.0,942.51,BENIGN
443,80743,56,819.42,927.08,BENIGN
443,95410,52,494.57,456.93,BENIGN
8080,35729,16,113.75,308.59,BENIGN
3306,22891,76,420.67,274.0,BENIGN
25,98520,79,119.89,726.14,BENIGN
443,1016,23,641.89,449.51,BENIGN
22,2956,76,734.76,129.1,BENIGN
8080,64912,29,668.18,308.93,BENIGN
443,604,105,860.76,53.0,DDoS
8080,64475,38,392.31,500.39,BENIGN
8080,40340,19,92.68,611.8,BENIGN
3306,38363,45,864.82,79.31,BENIGN
22,117,211,1485.44,24.53,DDoS
53,10386,4,176.69,20.41,BENIGN
443,52941,61,287.36,862.83,BENIGN
443,634,137,960.09,41.79,DDoS
53,39769,2,410.52,354.35,BENIGN
22,91717,67,668.83,688.23,BENIGN
53,34227,52,198.18,286.92,BENIGN
80,25320,9,621.49,823.21,BENIGN
53,44424,26,508.8,791.42,BENIGN
3306,842,265,1441.49,46.45,DDoS
443,3223,77,558.69,197.03,BENIGN
53,2166,72,557.73,580.85,BENIGN
53,83456,47,94.02,709.86,BENIGN
21,49462,47,886.66,792.69,BENIGN
22,756,156,1033.34,26.69,DDoS
443,13383,76,310.28,237.44,BENIGN
22,65382,57,311.95,312.23,BENIGN
443,152,171,1334.66,19.97,DDoS
8080,72724,55,629.05,812.77,BENIGN
443,122,148,1352.01,63.32,DDoS
22,76606,19,647.06,76.98,BENIGN
25,63668,8,493.61,212.98,BENIGN
21,1785,56,252.42,115.5,BENIGN
21,765,103,1209.29,20.15,DDoS
21,74122,25,85.02,213.27,BENIGN
3306,43534,48,115.32,544.98,BENIGN
21,60,204,1010.65,39.58,DDoS
80,39291,74,827.31,458.74,BENIGN
53,41015,29,206.87,968.18,BENIGN
3306,2,268,1040.2,59.46,DDoS
53,371,221,1350.8,73.3,DDoS
3306,73048,20,618.48,75.31,BENIGN
22,97819,67,582.2,830.86,BENIGN
3306,9685,14,460.79,924.81,BENIGN
22,69853,57,387.32,577.94,BENIGN
25,83647,53,300.45,222.89,BENIGN
53,321,150,1091.05,30.0,DDoS
80,22,196,1193.99,54.43,DDoS
53,38191,16,304.26,632.78,BENIGN
443,96874,7,706.87,164.44,BENIGN
8080,193,192,871.87,78.73,DDoS
8080,1628,24,700.52,443.09,BENIGN
53,27368,71,711.97,919.43,BENIGN
21,55521,77,373.42,498.83,BENIGN
21,75415,68,250.75,409.51,BENIGN
25,69252,65,625.1,492.06,BENIGN
22,67376,9,766.01,575.53,BENIGN
25,55621,5,594.9,152.94,BENIGN
53,41401,53,526.68,41.52,BENIGN
3306,71096,12,413.35,316.39,BENIGN
25,274,220,1169.31,73.5,DDoS
443,94127,29,60.5,200.71,BENIGN
22,26763,21,595.68,803.37,BENIGN
25,93278,12,304.45,874.56,BENIGN
80,26182,12,154.21,422.42,BENIGN
443,91015,32,682.03,139.72,BENIGN
8080,22731,45,196.09,521.97,BENIGN
3306,26587,24,778.91,159.84,BENIGN
443,991,203,1482.4,53.57,DDoS
80,58948,43,436.25,561.72,BENIGN
21,67,120,1321.0,21.37,DDoS
25,75328,58,84.39,744.07,BENIGN
3306,794,211,1316.69,30.78,DDoS
80,15404,54,483.93,702.82,BENIGN
443,93535,35,442.51,391.98,BENIGN
53,89,146,1311.05,72.26,DDoS
443,97616,74,347.85,420.85,BENIGN
22,27343,4,377.45,451.15,BENIGN
22,82185,42,816.62,271.67,BENIGN
8080,56469,67,617.52,884.48,BENIGN
21,21622,60,616.84,494.69,BENIGN
8080,86325,41,106.95,542.4,BENIGN
25,6306,3,94.72,565.32,BENIGN
8080,57399,38,847.45,992.72,BENIGN
22,49418,52,416.51,435.88,BENIGN
3306,292,94,953.5,39.38,DDoS
53,91994,24,349.02,205.43,BENIGN
443,88802,68,146.52,456.29,BENIGN
21,926,138,741.27,65.69,DDoS
53,7576,52,478.77,562.42,BENIGN
443,17983,33,486.22,681.36,BENIGN
22,65609,28,522.84,750.51,BENIGN
21,83118,6,690.49,790.25,BENIGN
21,32690,20,261.06,878.03,BENIGN
21,590,102,779.51,63.27,DDoS
443,658,222,763.44,78.62,DDoS
25,90369,20,848.35,963.49,BENIGN
443,59812,33,197.1,147.0,BENIGN
8080,34133,72,499.95,130.8,BENIGN
80,904,112,750.71,52.04,DDoS
22,685,131,915.15,3.25,DDoS
21,24499,55,618.9,948.64,BENIGN
25,322,225,850.07,74.57,DDoS
8080,48803,31,861.28,670.74,BENIGN
25,71707,58,583.37,735.31,BENIGN
22,21846,31,488.63,448.54,BENIGN
53,75857,59,609.81,275.68,BENIGN
53,288,159,771.7,70.6,DDoS
8080,28143,77,638.72,984.31,BENIGN
25,48451,29,394.96,960.86,BENIGN
80,19571,63,236.01,348.66,BENIGN
80,58780,76,91.9,307.5,BENIGN
3306,63547,1,831.03,479.75,BENIGN
80,25245,9,265.92,909.62,BENIGN
8080,871,160,1374.35,72.46,DDoS
53,27901,36,604.94,769.12,BENIGN
443,70938,35,874.15,672.59,BENIGN
21,25680,12,425.45,948.05,BENIGN
22,51678,63,771.03,436.95,BENIGN
3306,586,189,1115.96,78.31,DDoS
53,68731,49,248.05,70.1,BENIGN
22,663,238,1334.25,2.82,DDoS
22,9310,49,744.98,657.38,BENIGN
80,36314,7,267.5,571.44,BENIGN
53,259,92,1387.93,52.64,DDoS
3306,57993,54,57.6,877.67,BENIGN
3306,34124,6,858.65,278.61,BENIGN
3306,417,131,1112.76,0.36,DDoS
22,874,277,1306.42,29.38,DDoS
80,61439,58,373.09,451.62,BENIGN
22,15417,27,619.1,642.97,BENIGN
25,523,172,1462.59,12.19,DDoS
21,69831,79,598.27,597.2,BENIGN
3306,17383,15,860.83,597.24,BENIGN
22,38576,8,319.32,884.68,BENIGN
3306,87491,24,318.97,986.3,BENIGN
80,68073,10,888.78,505.55,BENIGN
3306,79280,63,450.29,682.05,BENIGN
25,30462,56,63.79,123.28,BENIGN
22,363,134,985.32,75.26,DDoS
8080,18484,42,471.46,71.29,BENIGN
3306,26359,11,492.56,785.56,BENIGN
3306,249,130,1283.28,73.84,DDoS
8080,82203,29,878.47,233.76,BENIGN
80,12970,5,812.73,528.95,BENIGN
443,708,232,968.09,60.88,DDoS
80,17348,78,195.07,313.45,BENIGN
443,988,289,1146.78,12.53,DDoS
53,156,124,1499.53,36.93,DDoS
8080,92826,16,314.11,350.66,BENIGN
8080,38231,72,695.6,981.33,BENIGN
25,96235,12,116.43,972.1,BENIGN
80,17530,16,883.54,531.88,BENIGN
443,84132,14,873.55,730.18,BENIGN
22,75045,40,661.51,509.73,BENIGN
25,89624,13,164.08,681.71,BENIGN
80,37786,21,286.8,532.27,BENIGN
21,392,106,1188.84,9.77,DDoS
21,31660,27,589.26,217.8,BENIGN
80,78423,5,383.79,626.42,BENIGN
443,96929,29,563.52,274.15,BENIGN
21,925,298,1430.53,31.24,DDoS
21,478,288,1015.56,16.21,DDoS
443,416,154,1449.69,5.97,DDoS
443,42077,72,636.71,227.52,BENIGN
3306,894,288,1072.51,31.3,DDoS
21,352,277,824.4,51.67,DDoS
3306,132,106,1186.08,15.24,DDoS
3306,44900,35,232.97,310.11,BENIGN
53,446,137,829.93,62.07,DDoS
22,63704,54,890.17,283.97,BENIGN
3306,22415,56,215.89,383.13,BENIGN
22,44603,17,644.41,670.91,BENIGN
25,269,214,1387.08,38.77,DDoS
80,75221,53,893.63,878.77,BENIGN
53,84457,41,269.28,584.64,BENIGN
443,60375,56,295.42,941.07,BENIGN
22,24947,62,246.22,271.79,BENIGN
25,55944,10,45.54,75.44,BENIGN
21,71512,19,857.31,934.2,BENIGN
3306,79251,5,795.51,469.75,BENIGN
22,92,270,1191.53,12.48,DDoS
8080,68158,7,170.82,806.0,BENIGN
80,91776,52,291.39,928.33,BENIGN
53,70105,67,625.13,212.32,BENIGN
25,71009,53,72.53,107.63,BENIGN
80,34554,32,574.03,755.95,BENIGN
443,86525,66,409.94,586.86,BENIGN
80,40048,39,402.46,284.45,BENIGN
80,65706,64,196.55,65.96,BENIGN
80,25557,70,858.14,702.51,BENIGN
80,76825,79,817.08,544.4,BENIGN
8080,30560,62,433.88,457.69,BENIGN
22,4340,37,805.6,785.58,BENIGN
443,5826,47,500.94,719.32,BENIGN
21,79714,66,409.08,79.6,BENIGN
21,19298,47,101.3,522.68,BENIGN
80,90471,45,341.52,501.84,BENIGN
21,30779,75,532.13,827.28,BENIGN
80,97465,78,798.56,934.17,BENIGN
21,81331,68,807.93,229.79,BENIGN
53,56616,46,172.8,539.25,BENIGN
80,43051,79,425.65,24.69,BENIGN
25,99190,57,459.41,568.36,BENIGN
443,251,90,997.15,27.24,DDoS
443,3606,2,213.4,424.6,BENIGN
3306,21471,10,834.75,805.75,BENIGN
53,202,216,1419.09,32.17,DDoS
53,647,144,869.74,48.41,DDoS
53,84529,80,171.36,696.97,BENIGN
80,56789,38,324.44,249.11,BENIGN
8080,22252,39,426.36,963.16,BENIGN
21,15009,78,439.23,346.77,BENIGN
53,69000,48,216.81,822.6,BENIGN
443,975,236,978.23,12.63,DDoS
8080,36327,68,829.97,550.61,BENIGN
80,69750,57,307.88,836.24,BENIGN
21,8771,80,48.07,392.35,BENIGN
22,42523,49,621.39,262.68,BENIGN
80,551,119,888.58,51.15,DDoS
443,903,165,712.28,79.04,DDoS
21,90225,66,400.86,108.04,BENIGN
443,420,135,987.21,64.04,DDoS
8080,64462,65,491.14,939.03,BENIGN
25,294,202,893.53,27.56,DDoS
8080,66359,50,452.17,96.45,BENIGN
22,40759,35,469.61,571.61,BENIGN
22,11809,11,533.65,884.93,BENIGN
8080,33670,8,854.2,719.06,BENIGN
22,62166,7,759.51,285.24,BENIGN
25,13865,28,105.26,983.3,BENIGN
3306,75440,20,765.06,102.98,BENIGN
53,90097,60,585.3,884.48,BENIGN
80,58920,48,78.91,452.48,BENIGN
80,75096,57,302.23,808.7,BENIGN
443,508,158,1415.11,2.47,DDoS
443,91066,43,556.01,765.48,BENIGN
443,73018,48,455.22,768.24,BENIGN
25,328,288,769.31,21.34,DDoS
25,70651,42,790.0,556.18,BENIGN
21,26739,79,437.46,842.63,BENIGN
443,762,276,1273.36,1.73,DDoS
25,35300,71,863.04,367.98,BENIGN
21,22921,6,470.23,976.93,BENIGN
443,240,285,1157.85,73.88,DDoS
8080,15225,78,50.9,500.82,BENIGN
3306,716,201,881.31,41.74,DDoS
3306,24004,49,194.01,623.85,BENIGN
443,966,171,770.82,64.72,DDoS
443,61663,36,561.54,681.99,BENIGN
3306,266,99,802.59,78.52,DDoS
21,16485,67,547.21,354.63,BENIGN
443,90074,52,272.47,490.44,BENIGN
22,79229,61,587.98,787.75,BENIGN
25,76385,27,847.32,651.97,BENIGN
53,48542,19,625.11,819.69,BENIGN
80,37793,49,322.89,108.85,BENIGN
25,60998,9,349.83,464.49,BENIGN
25,24361,73,620.95,22.06,BENIGN
443,629,125,713.98,70.15,DDoS
3306,28255,48,308.91,708.43,BENIGN
8080,515,204,1425.03,72.58,DDoS
80,98429,18,154.84,157.91,BENIGN
21,34535,53,769.66,779.92,BENIGN
443,97328,55,704.89,664.85,BENIGN
21,45299,73,308.34,223.86,BENIGN
25,36994,12,225.29,595.58,BENIGN
21,704,170,907.8,60.92,DDoS
25,272,133,1292.09,38.72,DDoS
3306,13740,10,814.62,764.4,BENIGN
22,81427,51,77.5,562.67,BENIGN
53,9963,56,408.11,171.36,BENIGN
53,94812,36,102.36,918.14,BENIGN
25,26955,66,846.18,689.76,BENIGN
80,43801,56,97.16,955.07,BENIGN
25,702,164,1035.06,34.15,DDoS
22,30267,72,228.51,769.04,BENIGN
21,875,187,1282.84,78.38,DDoS
25,96885,25,739.88,584.12,BENIGN
80,1339,65,301.93,652.72,BENIGN
21,74590,48,141.17,695.09,BENIGN
443,28546,17,183.44,83.0,BENIGN
8080,281,129,1442.82,13.26,DDoS
22,21011,43,223.82,125.7,BENIGN
80,353,98,1423.55,76.27,DDoS
53,59767,62,484.18,791.94,BENIGN
21,64,295,930.1,55.94,DDoS
8080,8388,37,779.44,828.04,BENIGN
22,68385,23,643.93,194.22,BENIGN
3306,550,89,1138.65,31.32,DDoS
8080,21788,63,124.32,454.66,BENIGN
21,57706,50,185.23,699.4,BENIGN
22,45091,53,633.28,80.43,BENIGN
3306,627,205,1135.01,29.59,DDoS
80,34485,61,575.33,869.6,BENIGN
8080,59809,68,855.9,623.99,BENIGN
3306,85597,72,165.84,417.64,BENIGN
443,74973,19,508.01,23.13,BENIGN
443,64963,51,605.88,170.78,BENIGN
8080,406,290,1374.07,40.93,DDoS
80,21553,22,828.03,243.71,BENIGN
443,36925,15,660.68,665.7,BENIGN
443,89502,64,422.47,196.97,BENIGN
80,13604,67,238.07,796.96,BENIGN
21,17284,59,53.83,875.78,BENIGN
443,35039,47,47.23,421.24,BENIGN
80,38236,51,753.66,332.88,BENIGN
8080,49169,41,827.27,391.76,BENIGN
3306,34366,9,321.94,939.93,BENIGN
80,99746,77,574.17,625.02,BENIGN
25,80566,72,688.35,359.81,BENIGN
21,952,251,1481.45,73.83,DDoS
443,69879,4,257.3,63.47,BENIGN
8080,410,279,864.24,63.86,DDoS
21,35304,43,230.7,659.83,BENIGN
25,87724,67,262.46,107.24,BENIGN
3306,422,296,775.75,63.9,DDoS
8080,75644,56,818.41,946.8,BENIGN
22,420,268,919.76,55.6,DDoS
3306,95358,24,872.94,645.7,BENIGN
3306,35441,7,207.22,967.31,BENIGN
22,20183,60,635.43,452.52,BENIGN
443,38214,19,121.78,269.34,BENIGN
443,436,215,1173.86,32.13,DDoS
53,6151,69,378.72,56.23,BENIGN
21,18610,10,423.42,31.22,BENIGN
21,473,260,1315.41,27.65,DDoS
3306,22282,9,475.24,843.06,BENIGN
443,846,243,1027.12,60.55,DDoS
80,588,264,1027.39,71.82,DDoS
3306,7557,33,748.68,23.66,BENIGN
25,46864,58,796.6,81.09,BENIGN
8080,99,176,1108.31,50.14,DDoS
80,41368,28,887.85,463.22,BENIGN
443,87487,41,496.04,309.36,BENIGN
53,51923,42,162.15,982.41,BENIGN
3306,79235,5,421.77,679.68,BENIGN
21,308,263,1379.81,42.42,DDoS
21,544,202,869.41,0.93,DDoS
25,9810,60,569.74,533.12,BENIGN
8080,96960,27,774.26,878.22,BENIGN
21,26651,9,357.28,30.12,BENIGN
53,48723,66,82.84,940.75,BENIGN
53,44400,12,706.19,949.55,BENIGN
53,71139,11,781.83,466.15,BENIGN
53,98164,57,572.84,388.47,BENIGN
21,10233,1,758.72,68.72,BENIGN
22,725,147,917.24,49.47,DDoS
25,644,139,1380.86,75.92,DDoS
25,3628,69,567.28,26.49,BENIGN
25,65656,80,862.69,709.36,BENIGN
443,80988,51,890.76,169.34,BENIGN
8080,296,95,1005.86,55.86,DDoS
25,62381,56,505.35,480.58,BENIGN
80,28849,19,664.92,933.78,BENIGN
443,76793,42,789.23,38.6,BENIGN
8080,715,245,1154.94,55.55,DDoS
22,89704,46,270.27,595.05,BENIGN
53,6496,77,519.54,585.75,BENIGN
8080,606,163,952.64,18.73,DDoS
3306,94432,34,854.78,459.49,BENIGN
443,42527,59,637.88,544.93,BENIGN
25,92271,6,207.68,538.32,BENIGN
3306,138,270,799.07,40.34,DDoS
22,89254,10,729.49,283.98,BENIGN
25,95262,78,308.08,964.36,BENIGN
22,19442,43,675.6,198.6,BENIGN
21,797,236,1363.36,49.97,DDoS
53,86107,17,494.02,244.61,BENIGN
80,75401,72,516.29,987.56,BENIGN
22,939,174,815.11,78.81,DDoS
21,59005,13,166.03,315.75,BENIGN
25,71707,64,580.03,915.44,BENIGN
8080,54849,41,872.97,377.67,BENIGN
80,48052,18,486.04,252.3,BENIGN
21,250,247,1356.79,12.01,DDoS
8080,21831,21,73.96,620.14,BENIGN
8080,33617,32,128.11,893.88,BENIGN
21,32820,63,500.89,201.48,BENIGN
53,42985,73,298.31,355.71,BENIGN
22,71565,43,787.06,107.01,BENIGN
25,92235,80,327.17,857.96,BENIGN
80,23661,37,282.19,854.28,BENIGN
21,199,125,1307.22,25.41,DDoS
80,30325,62,181.15,951.27,BENIGN
25,74219,40,295.54,752.41,BENIGN
80,48984,52,519.67,764.01,BENIGN
3306,96291,7,892.64,485.97,BENIGN
53,75290,66,363.04,773.68,BENIGN
53,21836,70,246.91,575.43,BENIGN
53,84595,3,632.91,109.47,BENIGN
8080,684,169,1311.04,29.99,DDoS
21,23613,44,530.87,199.2,BENIGN
25,301,106,1419.42,6.78,DDoS
53,974,107,897.86,25.46,DDoS
443,53491,61,213.34,276.26,BENIGN
25,57492,23,770.27,655.71,BENIGN
443,341,148,1322.7,24.45,DDoS
22,658,148,1488.3,35.54,DDoS
22,62032,36,42.87,648.39,BENIGN
80,50768,17,679.29,40.87,BENIGN
53,58751,44,126.66,565.37,BENIGN
8080,20614,28,86.19,366.04,BENIGN
443,92154,33,178.76,416.89,BENIGN
25,13596,5,538.56,593.47,BENIGN
21,12778,22,260.76,943.19,BENIGN
443,79104,9,145.76,783.88,BENIGN
25,35925,19,408.28,285.04,BENIGN
443,60251,18,218.74,268.82,BENIGN
80,31569,67,45.21,48.18,BENIGN
443,507,107,1117.8,38.27,DDoS
22,55523,27,732.87,240.23,BENIGN
53,109,277,1381.75,3.44,DDoS
25,83851,15,453.78,988.6,BENIGN
3306,5362,49,845.39,481.7,BENIGN
443,374,260,886.2,2.55,DDoS
25,696,138,1320.15,53.93,DDoS
22,11100,4,415.32,885.33,BENIGN
443,423,273,1172.93,2.9,DDoS
3306,32494,53,326.18,728.04,BENIGN
53,82337,1,217.91,975.71,BENIGN
80,80140,8,539.51,130.09,BENIGN
3306,57823,44,808.53,648.5,BENIGN
8080,54011,19,256.77,958.07,BENIGN
443,90382,7,569.75,281.82,BENIGN
8080,53064,41,512.16,112.57,BENIGN
25,980,300,1192.66,64.78,DDoS
21,47506,68,755.33,296.84,BENIGN
53,198,276,1488.86,58.72,DDoS
53,497,149,1315.81,32.12,DDoS
3306,23488,14,392.01,701.44,BENIGN
8080,44199,58,764.85,25.66,BENIGN
443,60370,50,223.48,613.9,BENIGN
3306,282,88,1435.0,10.12,DDoS
8080,86626,69,699.39,662.36,BENIGN
8080,79255,75,407.91,111.05,BENIGN
25,84728,15,578.37,912.83,BENIGN
53,26000,45,137.11,448.17,BENIGN
8080,67322,50,819.15,346.22,BENIGN
8080,47456,65,121.59,669.1,BENIGN
443,21382,24,357.69,347.86,BENIGN
80,77659,15,896.28,372.83,BENIGN
21,75529,8,704.66,536.94,BENIGN
80,34665,13,664.15,127.02,BENIGN
80,79519,60,563.85,795.9,BENIGN
22,89945,51,843.61,333.32,BENIGN
80,733,154,714.06,61.78,DDoS
22,874,192,864.19,68.18,DDoS
80,570,290,1279.04,40.65,DDoS
53,27471,69,518.51,414.32,BENIGN
8080,53920,54,356.5,682.04,BENIGN
53,8807,17,636.45,663.16,BENIGN
3306,771,235,968.93,3.14,DDoS
21,564,249,1178.95,7.33,DDoS
8080,73291,40,93.77,427.4,BENIGN
443,11798,56,838.01,980.5,BENIGN
22,14317,73,438.93,934.72,BENIGN
3306,522,238,893.21,38.63,DDoS
80,40309,24,340.9,884.46,BENIGN
8080,23858,75,85.53,46.59,BENIGN
8080,56191,79,295.29,381.31,BENIGN
443,41955,42,883.5,538.74,BENIGN
8080,110,293,998.76,77.82,DDoS
21,32258,38,329.54,194.15,BENIGN
443,252,155,1401.56,12.17,DDoS
3306,224,130,1100.47,19.03,DDoS
53,73401,60,626.48,337.0,BENIGN
21,17116,14,420.45,767.11,BENIGN
25,72324,40,350.6,500.42,BENIGN
3306,86178,23,768.91,565.0,BENIGN
21,26551,27,121.95,128.24,BENIGN
3306,974,97,745.4,15.03,DDoS
80,97880,63,284.22,206.25,BENIGN
80,633,81,1073.69,3.88,DDoS
22,13693,47,679.4,950.58,BENIGN
25,1792,35,389.28,896.81,BENIGN
22,981,134,1313.29,30.23,DDoS
22,6965,15,616.48,126.14,BENIGN
3306,98280,1,849.06,294.12,BENIGN
3306,67867,11,610.38,261.24,BENIGN
25,89350,55,844.34,809.66,BENIGN
25,78213,22,658.65,930.41,BENIGN
443,92295,53,72.28,545.98,BENIGN
22,46304,11,489.69,731.9,BENIGN
3306,29081,67,331.17,544.74,BENIGN
25,93939,18,698.24,685.43,BENIGN
8080,6767,28,315.71,358.09,BENIGN
80,85342,44,227.83,179.2,BENIGN
8080,80846,62,611.32,765.32,BENIGN
25,52453,77,421.6,62.32,BENIGN
80,165,157,924.45,26.76,DDoS
80,23459,29,654.75,501.33,BENIGN
53,974,148,724.26,76.78,DDoS
443,67591,62,533.01,494.2,BENIGN
53,69720,50,519.92,445.86,BENIGN
443,34335,74,107.27,442.89,BENIGN
80,12621,47,603.35,582.96,BENIGN
443,1406,10,586.28,543.46,BENIGN
53,48209,24,404.66,39.08,BENIGN
25,81562,43,485.57,152.66,BENIGN
25,49031,75,348.03,920.24,BENIGN
3306,155,288,741.15,39.82,DDoS
443,59246,61,391.28,883.78,BENIGN
80,7809,57,151.92,224.97,BENIGN
53,351,280,1322.2,43.11,DDoS
25,21208,69,174.83,333.6,BENIGN
443,19475,15,330.13,540.45,BENIGN
21,70160,51,512.06,304.76,BENIGN
25,99409,44,60.69,794.9,BENIGN
443,395,257,1163.23,13.86,DDoS
3306,60274,78,418.55,101.79,BENIGN
22,5287,4,368.64,643.35,BENIGN
21,41074,33,357.15,851.75,BENIGN
25,5773,29,92.59,402.72,BENIGN
25,30217,32,740.08,94.47,BENIGN
21,27653,6,138.15,909.61,BENIGN
25,901,153,844.37,10.45,DDoS
22,43882,19,298.71,134.82,BENIGN
21,20,109,719.62,74.04,DDoS
80,60264,40,271.07,510.25,BENIGN
53,933,197,1038.18,35.97,DDoS
3306,23654,71,690.75,981.72,BENIGN
80,84267,79,579.66,883.36,BENIGN
21,18959,35,665.99,976.52,BENIGN
53,77427,73,545.72,828.77,BENIGN
443,34387,25,871.15,27.5,BENIGN
80,418,128,1386.66,57.49,DDoS
21,58846,42,534.75,105.52,BENIGN
3306,15394,33,58.62,762.47,BENIGN
21,86155,34,61.5,819.15,BENIGN
80,3698,44,893.15,200.01,BENIGN
25,39879,69,724.33,973.88,BENIGN
53,10552,1,399.32,905.35,BENIGN
22,49334,60,429.4,596.25,BENIGN
22,83378,34,112.88,855.51,BENIGN
22,39340,46,450.22,227.76,BENIGN
443,8625,21,321.86,705.96,BENIGN
3306,352,195,1236.6,44.91,DDoS
22,971,156,757.89,35.93,DDoS
53,98305,2,343.94,269.63,BENIGN
3306,48744,57,509.85,398.57,BENIGN
3306,19869,57,128.58,82.43,BENIGN
80,15183,30,740.98,199.14,BENIGN
25,31882,29,809.21,860.54,BENIGN
80,33516,57,806.45,196.99,BENIGN
8080,823,273,1366.72,20.96,DDoS
53,6446,66,366.82,713.96,BENIGN
22,201,243,1315.88,24.3,DDoS
3306,380,256,1150.03,8.91,DDoS
53,66142,54,812.63,796.36,BENIGN
8080,58340,67,341.9,95.96,BENIGN
22,64261,7,277.13,512.93,BENIGN
22,14558,29,795.62,962.54,BENIGN
3306,50888,10,782.88,94.08,BENIGN
21,47943,64,829.66,665.82,BENIGN
53,83533,77,430.15,364.37,BENIGN
80,9074,10,137.79,545.79,BENIGN
80,48448,22,505.52,929.62,BENIGN
22,95615,6,499.95,119.16,BENIGN
443,90718,6,475.16,488.9,BENIGN
80,74471,64,295.6,419.25,BENIGN
22,456,122,1290.81,44.07,DDoS
22,773,89,1035.24,18.4,DDoS
443,57252,7,172.85,163.63,BENIGN
53,92675,12,446.81,897.47,BENIGN
25,58877,10,763.7,764.96,BENIGN
443,93304,72,706.98,185.59,BENIGN
443,20961,11,216.02,684.97,BENIGN
80,520,143,879.91,71.12,DDoS
21,443,116,838.24,69.58,DDoS
80,833,88,1305.68,8.43,DDoS
53,48487,79,125.76,697.21,BENIGN
22,72977,26,699.19,887.7,BENIGN
25,914,90,1056.58,12.97,DDoS
80,90397,77,626.14,359.59,BENIGN
8080,18923,40,869.62,326.1,BENIGN
21,66273,57,855.96,703.4,BENIGN
53,456,167,1289.44,44.63,DDoS
3306,71826,62,621.13,554.23,BENIGN
443,57858,36,572.55,142.99,BENIGN
22,98335,66,831.63,447.25,BENIGN
22,85478,51,815.5,482.85,BENIGN
3306,29220,7,423.91,719.64,BENIGN
25,47575,59,586.0,124.35,BENIGN
53,89482,80,132.13,768.49,BENIGN
22,256,222,1003.44,4.78,DDoS
25,38136,52,890.52,878.67,BENIGN
53,22524,18,321.48,315.27,BENIGN
22,82108,52,790.29,211.57,BENIGN
53,50706,53,526.08,608.84,BENIGN
3306,26821,26,42.88,809.15,BENIGN
8080,92323,80,522.22,819.96,BENIGN
25,91400,76,261.56,668.15,BENIGN
25,14957,52,467.59,752.67,BENIGN
21,67892,47,588.86,320.04,BENIGN
22,96472,3,550.93,516.68,BENIGN
80,73125,11,320.54,71.11,BENIGN
21,8732,26,225.11,727.13,BENIGN
3306,90361,21,407.75,937.7,BENIGN
80,546,170,1262.18,45.55,DDoS
8080,12865,39,687.97,608.54,BENIGN
53,74583,13,365.58,53.93,BENIGN
3306,6998,42,159.89,458.79,BENIGN
25,61055,71,671.6,934.93,BENIGN
3306,60694,29,144.68,557.75,BENIGN
25,952,291,1172.72,70.97,DDoS
8080,88934,3,634.47,845.99,BENIGN
8080,9274,41,429.15,156.73,BENIGN
21,663,252,790.62,67.32,DDoS
80,46957,28,364.8,443.78,BENIGN
3306,33539,72,319.99,441.66,BENIGN
22,387,119,976.5,54.6,DDoS
443,77928,7,133.77,652.05,BENIGN
25,70706,17,619.0,939.75,BENIGN
3306,36831,31,609.93,831.7,BENIGN
3306,5271,51,442.73,156.54,BENIGN
8080,3704,62,718.71,88.67,BENIGN
53,47423,70,674.21,486.58,BENIGN
53,807,211,1079.11,20.01,DDoS
80,24,174,1016.25,24.23,DDoS
53,85816,73,297.33,222.8,BENIGN
21,36568,70,215.21,84.04,BENIGN
80,3873,72,378.29,337.29,BENIGN
25,76668,63,713.74,293.73,BENIGN
25,34193,17,576.54,279.52,BENIGN
443,367,263,1367.43,33.69,DDoS
53,75331,24,685.05,227.6,BENIGN
25,33660,80,755.26,891.72,BENIGN
25,28575,37,521.16,789.75,BENIGN
25,44492,69,304.45,935.31,BENIGN
80,84726,8,650.76,599.56,BENIGN
22,452,168,1057.83,45.21,DDoS
80,94430,65,361.55,206.99,BENIGN
3306,812,297,978.48,23.28,DDoS
21,862,149,1131.51,32.06,DDoS
443,83988,14,882.58,810.15,BENIGN
53,243,94,846.75,22.48,DDoS
443,28773,24,78.0,721.93,BENIGN
8080,492,166,832.38,32.66,DDoS
8080,303,215,878.45,25.33,DDoS
53,94776,18,529.53,56.67,BENIGN
443,65040,77,369.4,774.6,BENIGN
21,358,292,748.11,69.29,DDoS
443,19352,38,678.24,442.03,BENIGN
80,91161,8,133.91,908.86,BENIGN
21,217,198,1069.37,53.58,DDoS
53,95905,2,658.15,815.84,BENIGN
8080,71217,43,149.94,788.97,BENIGN
80,126,206,1379.91,48.12,DDoS
53,8195,59,451.72,364.18,BENIGN
53,82459,61,361.69,234.92,BENIGN
8080,56038,47,428.04,842.25,BENIGN
3306,4763,16,887.16,737.55,BENIGN
21,45816,24,859.21,598.47,BENIGN
22,30673,65,567.68,508.66,BENIGN
3306,601,297,1296.47,3.95,DDoS
53,61106,80,49.05,495.57,BENIGN
22,548,242,766.95,30.08,DDoS
8080,8815,58,522.41,698.59,BENIGN
8080,46595,72,562.36,761.56,BENIGN
8080,40250,51,647.6,651.1,BENIGN
53,69106,73,435.55,355.01,BENIGN
22,627,286,1231.36,32.33,DDoS
80,9742,7,875.61,900.52,BENIGN
53,82386,76,675.26,697.62,BENIGN
25,12706,37,413.09,891.38,BENIGN
3306,83951,26,879.8,983.56,BENIGN
21,3132,43,357.08,895.56,BENIGN
22,99771,34,836.04,289.98,BENIGN
53,567,233,1195.33,25.88,DDoS
21,64250,73,754.91,540.89,BENIGN
80,76690,22,889.09,746.12,BENIGN
443,19747,12,126.25,548.92,BENIGN
8080,29684,27,557.72,921.81,BENIGN
53,78852,48,416.88,550.3,BENIGN
8080,3340,77,336.7,653.2,BENIGN
3306,28882,8,773.17,25.27,BENIGN
80,32208,71,883.26,44.86,BENIGN
21,15402,23,412.83,753.89,BENIGN
443,55,137,758.96,42.11,DDoS
53,78900,79,629.45,317.48,BENIGN
21,99659,58,259.17,951.18,BENIGN
53,416,280,1196.76,22.76,DDoS
22,72433,50,231.76,105.76,BENIGN
22,34462,43,657.99,327.9,BENIGN
25,2590,54,811.98,639.3,BENIGN
8080,41738,1,420.15,942.03,BENIGN
25,75262,2,134.03,500.94,BENIGN
443,44973,65,481.97,248.62,BENIGN
80,676,139,1293.26,8.74,DDoS
8080,174,254,1270.11,15.72,DDoS
80,568,241,1239.18,14.81,DDoS
21,80485,77,247.44,96.92,BENIGN
80,97693,13,852.5,148.02,BENIGN
80,798,105,1351.03,39.64,DDoS
21,93209,34,378.08,508.73,BENIGN
8080,22467,51,512.81,762.54,BENIGN
80,70730,21,893.99,415.45,BENIGN
443,42638,34,170.64,551.86,BENIGN
3306,80775,66,511.34,705.15,BENIGN
443,79091,71,598.5,85.67,BENIGN
80,86166,3,140.34,931.49,BENIGN
25,59691,2,710.39,312.3,BENIGN
21,485,240,1287.66,73.24,DDoS
25,692,266,872.96,63.33,DDoS
8080,375,82,982.44,51.29,DDoS
53,3146,18,280.57,433.1,BENIGN
53,69547,44,539.35,382.4,BENIGN
53,89906,74,200.35,773.18,BENIGN
80,84880,73,49.82,170.16,BENIGN
21,31535,23,587.89,579.07,BENIGN
25,885,222,730.06,39.53,DDoS
21,112,151,1308.1,71.48,DDoS
25,532,221,1381.92,75.48,DDoS
8080,82849,29,61.61,28.09,BENIGN
25,50065,68,656.59,167.48,BENIGN
53,36739,77,173.65,384.26,BENIGN
25,55743,34,882.92,764.9,BENIGN
3306,587,188,905.01,49.11,DDoS
3306,302,150,1232.19,57.55,DDoS
25,2267,11,702.15,655.2,BENIGN
8080,68,268,735.21,27.83,DDoS
25,64907,43,444.08,858.65,BENIGN
443,86046,20,244.33,385.05,BENIGN
25,50635,49,176.83,620.33,BENIGN
443,11998,79,813.42,255.66,BENIGN
3306,791,277,826.84,15.07,DDoS
22,5829,58,92.3,636.33,BENIGN
443,691,273,1320.75,31.37,DDoS
25,70103,7,804.12,263.69,BENIGN
53,31261,13,404.68,580.17,BENIGN
3306,34465,74,106.92,953.69,BENIGN
8080,72941,2,225.0,927.97,BENIGN
443,95768,38,793.2,429.62,BENIGN
8080,527,201,834.29,23.74,DDoS
443,32766,74,454.96,247.71,BENIGN
22,11113,8,357.86,115.15,BENIGN
443,41731,55,691.17,971.59,BENIGN
80,59245,50,266.22,813.28,BENIGN
53,53678,27,130.6,202.07,BENIGN
53,649,118,906.2,22.1,DDoS
8080,108,175,892.26,23.77,DDoS
53,320,87,1180.89,25.06,DDoS
3306,4413,51,393.38,381.41,BENIGN
22,127,105,878.37,56.45,DDoS
3306,945,141,1053.01,23.56,DDoS
443,80670,34,188.38,177.46,BENIGN
53,5861,40,715.28,248.97,BENIGN
80,398,124,885.44,75.42,DDoS
21,927,192,1133.94,75.45,DDoS
21,98152,45,438.36,955.36,BENIGN
21,435,252,953.11,57.99,DDoS
21,82140,77,515.04,257.6,BENIGN
443,82514,77,147.34,453.41,BENIGN
3306,416,83,1042.82,29.52,DDoS
25,504,120,928.91,35.98,DDoS
443,854,284,979.8,49.11,DDoS
80,70065,53,77.98,319.96,BENIGN
21,1678,10,521.07,106.23,BENIGN
21,76867,55,819.18,470.55,BENIGN
21,42497,49,114.7,613.74,BENIGN
443,98672,31,285.64,734.0,BENIGN
3306,62749,48,318.43,49.71,BENIGN
443,950,80,1189.63,42.35,DDoS
53,82031,47,365.33,466.09,BENIGN
22,98964,52,689.04,495.53,BENIGN
80,13656,75,845.1,913.41,BENIGN
443,270,113,1482.47,8.24,DDoS
53,44312,31,897.39,885.78,BENIGN
21,278,241,934.85,67.52,DDoS
443,10565,16,865.66,332.99,BENIGN
3306,60274,74,708.69,365.91,BENIGN
22,626,128,1271.78,19.2,DDoS
22,807,183,1433.49,17.34,DDoS
25,99483,47,449.53,513.7,BENIGN
25,95173,50,127.53,448.93,BENIGN
3306,48226,15,845.7,271.56,BENIGN
21,96576,14,46.3,805.92,BENIGN
80,3558,35,112.99,973.91,BENIGN
22,55130,53,788.6,54.47,BENIGN
3306,12416,1,767.77,761.7,BENIGN
25,280,173,790.67,63.19,DDoS
22,35580,58,434.27,89.05,BENIGN
80,416,93,702.27,0.48,DDoS
8080,77584,61,232.49,62.98,BENIGN
21,336,174,982.08,46.35,DDoS
22,98278,17,179.47,150.57,BENIGN
8080,6604,78,807.61,45.4,BENIGN
80,83071,46,399.04,924.62,BENIGN
80,288,163,1053.85,43.75,DDoS
25,16542,34,582.11,366.5,BENIGN
80,286,300,1271.09,56.92,DDoS
53,761,220,947.38,65.15,DDoS
8080,95507,71,695.22,400.81,BENIGN
21,35689,30,65.25,462.18,BENIGN
443,11238,59,664.33,321.91,BENIGN
443,83099,67,325.64,181.27,BENIGN
80,36149,66,210.12,325.96,BENIGN
25,56717,69,153.38,988.49,BENIGN
22,93912,22,102.54,688.59,BENIGN
25,487,223,1376.86,6.08,DDoS
21,27641,78,634.1,623.58,BENIGN
25,97244,71,781.61,273.63,BENIGN
8080,1306,44,295.97,388.25,BENIGN
21,668,166,871.03,19.68,DDoS
3306,63898,67,148.45,438.56,BENIGN
25,99155,72,273.81,965.98,BENIGN
22,841,201,1229.63,3.18,DDoS
25,93419,10,716.62,374.89,BENIGN
22,21500,19,516.55,444.49,BENIGN
443,316,126,712.81,62.41,DDoS
25,673,142,1249.79,57.75,DDoS
3306,24565,62,579.48,402.03,BENIGN
53,17793,38,148.79,237.35,BENIGN
21,93303,43,727.28,852.34,BENIGN
53,434,253,1347.87,38.74,DDoS
443,59448,28,104.77,116.6,BENIGN
443,729,295,802.12,73.74,DDoS
22,56958,7,208.91,27.82,BENIGN
443,359,283,1268.41,57.14,DDoS
21,77523,72,448.9,723.31,BENIGN
53,69433,9,728.35,664.2,BENIGN
22,15208,79,559.11,241.1,BENIGN
22,48645,48,200.11,111.66,BENIGN
8080,530,264,1035.48,32.17,DDoS
80,31659,69,321.89,770.38,BENIGN
21,73716,49,601.66,123.94,BENIGN
22,152,239,746.8,3.84,DDoS
53,14662,79,544.39,545.43,BENIGN
22,78855,50,637.58,58.91,BENIGN
443,188,174,1035.36,58.89,DDoS
21,906,118,734.43,10.14,DDoS
80,159,148,1161.17,53.1,DDoS
22,86408,38,631.13,123.66,BENIGN
443,87156,16,315.65,168.33,BENIGN
21,93,284,1469.46,50.71,DDoS
53,61251,62,892.6,369.66,BENIGN
53,48117,32,690.07,823.52,BENIGN
53,42593,35,637.58,455.59,BENIGN
25,51971,23,298.15,587.38,BENIGN
3306,87318,14,488.51,467.9,BENIGN
53,530,111,1056.17,13.02,DDoS
21,42216,70,347.47,166.5,BENIGN
22,83,190,1398.85,10.47,DDoS
21,91361,55,115.65,39.91,BENIGN
53,54298,42,563.71,607.42,BENIGN
3306,915,191,1199.87,20.58,DDoS
80,49128,43,366.81,169.12,BENIGN
8080,49684,76,236.42,218.73,BENIGN
3306,170,109,1433.98,40.87,DDoS
443,45528,48,581.76,736.35,BENIGN
21,57587,74,603.52,362.06,BENIGN
21,61846,28,371.59,354.02,BENIGN
25,97410,56,410.58,82.38,BENIGN
22,14344,62,372.08,881.27,BENIGN
3306,48958,1,804.92,713.59,BENIGN
25,8501,72,424.25,179.03,BENIGN
21,6584,16,50.13,447.93,BENIGN
3306,36856,45,607.1,52.62,BENIGN
53,8642,9,490.17,222.22,BENIGN
8080,98786,51,321.2,566.25,BENIGN
80,359,278,1353.39,18.94,DDoS
22,276,187,965.27,75.8,DDoS
53,39362,4,773.07,932.54,BENIGN
80,720,137,734.72,40.05,DDoS
21,98795,24,240.44,871.94,BENIGN
22,62777,53,693.78,251.85,BENIGN
3306,7558,67,566.02,874.63,BENIGN
22,94684,51,332.76,934.62,BENIGN
3306,98876,8,110.38,102.57,BENIGN
21,897,128,1199.96,56.58,DDoS
443,56389,32,345.17,507.45,BENIGN
3306,21,93,1499.29,25.21,DDoS
8080,862,261,1208.06,51.41,DDoS
21,314,238,1161.91,5.45,DDoS
21,1422,15,822.71,471.73,BENIGN
8080,3614,25,855.25,287.74,BENIGN
53,42150,29,660.54,330.5,BENIGN
443,25947,42,356.78,915.67,BENIGN
3306,87811,36,46.06,569.41,BENIGN
25,47012,42,576.18,797.26,BENIGN
3306,72070,8,377.66,417.78,BENIGN
22,4949,55,426.69,526.15,BENIGN
53,63467,70,417.92,835.89,BENIGN
53,13465,71,294.35,89.47,BENIGN
21,44623,41,755.13,305.06,BENIGN
443,11768,54,365.84,493.97,BENIGN
25,39204,23,199.59,92.24,BENIGN
21,26781,13,348.44,916.43,BENIGN
25,7037,62,132.75,749.57,BENIGN
80,783,119,1214.97,17.36,DDoS
8080,6326,79,870.67,414.65,BENIGN
22,3338,30,770.65,941.18,BENIGN
443,872,297,1149.04,57.85,DDoS
22,21893,70,826.87,856.14,BENIGN
25,68164,18,396.46,671.59,BENIGN
443,90068,28,186.56,848.84,BENIGN
443,930,230,1335.0,4.75,DDoS
53,132,298,976.07,55.33,DDoS
22,92663,34,329.12,753.1,BENIGN
443,20,175,995.35,55.75,DDoS
443,10282,79,497.62,139.9,BENIGN
22,8058,46,168.21,463.36,BENIGN
21,748,97,1127.9,21.9,DDoS
21,28561,66,645.23,506.76,BENIGN
8080,48065,35,865.59,782.58,BENIGN
8080,88672,41,518.79,836.91,BENIGN
53,411,153,1013.21,1.94,DDoS
22,94,287,1234.89,70.04,DDoS
443,672,191,821.73,44.97,DDoS
22,381,300,1460.5,60.46,DDoS
443,307,221,1314.1,79.88,DDoS
443,52,120,1331.42,10.36,DDoS
22,28251,19,571.83,420.16,BENIGN
22,936,85,707.17,3.41,DDoS
3306,39457,58,218.2,612.08,BENIGN
80,4064,70,681.64,689.31,BENIGN
25,35639,40,100.84,108.74,BENIGN
25,161,264,892.91,1.89,DDoS
21,53812,52,415.72,627.72,BENIGN
25,524,212,851.21,40.8,DDoS
22,37110,12,871.96,444.39,BENIGN
22,57359,3,182.76,98.63,BENIGN
8080,691,110,823.64,5.17,DDoS
80,77724,66,694.44,790.28,BENIGN
21,817,184,953.82,10.81,DDoS
53,56897,46,155.71,294.36,BENIGN
80,395,136,801.88,58.69,DDoS
8080,394,231,1430.96,1.14,DDoS
21,95710,14,356.15,308.5,BENIGN
8080,69228,10,640.24,331.94,BENIGN
80,16046,21,895.12,534.29,BENIGN
53,13840,9,392.99,211.32,BENIGN
443,53267,47,256.03,533.5,BENIGN
21,18337,79,627.4,227.39,BENIGN
22,13405,61,610.1,655.33,BENIGN
25,29503,2,135.9,648.11,BENIGN
80,836,238,1468.99,53.75,DDoS
80,88423,43,394.17,610.98,BENIGN
8080,67108,53,263.17,692.85,BENIGN
3306,122,217,947.03,58.16,DDoS
443,836,103,1034.09,16.79,DDoS
80,126,190,1018.89,17.29,DDoS
22,226,277,1079.7,32.17,DDoS
21,35336,69,539.67,930.32,BENIGN
8080,72085,63,305.04,283.29,BENIGN
443,19185,35,697.33,507.59,BENIGN
443,90374,54,291.08,766.48,BENIGN
25,84731,4,283.82,705.22,BENIGN
80,8056,15,700.79,290.13,BENIGN
443,27162,32,459.54,576.82,BENIGN
53,406,115,788.05,31.0,DDoS
8080,480,198,1321.63,6.98,DDoS
22,46869,42,592.1,967.55,BENIGN
22,83246,3,857.04,969.35,BENIGN
21,99264,48,801.36,574.93,BENIGN
3306,58659,21,305.57,252.19,BENIGN
80,11676,40,566.34,460.9,BENIGN
80,804,121,1294.33,49.34,DDoS
21,88676,19,476.2,834.83,BENIGN
80,36627,53,246.36,638.44,BENIGN
80,264,149,1283.5,75.21,DDoS
3306,86485,80,468.47,906.93,BENIGN
443,42412,57,371.77,419.57,BENIGN
80,3310,12,189.75,684.05,BENIGN
53,307,130,755.28,68.34,DDoS
80,2993,79,475.36,177.81,BENIGN
22,29008,40,229.0,352.08,BENIGN
21,59647,2,193.56,140.81,BENIGN
22,51284,43,757.88,731.22,BENIGN
25,9292,36,649.62,867.58,BENIGN
3306,68196,48,426.34,797.67,BENIGN
8080,22450,67,508.03,777.37,BENIGN
80,912,219,1323.59,74.75,DDoS
3306,61995,67,75.96,575.83,BENIGN
25,902,129,990.29,43.1,DDoS
25,20183,80,483.1,624.6,BENIGN
8080,54957,75,776.49,873.07,BENIGN
25,40685,53,503.97,390.23,BENIGN
21,84001,5,352.39,225.76,BENIGN
8080,540,135,1154.62,53.36,DDoS
21,1087,32,639.79,932.12,BENIGN
22,660,204,1068.79,27.37,DDoS
443,249,245,1122.75,62.2,DDoS
21,79207,6,83.83,909.41,BENIGN
80,65613,26,204.16,243.58,BENIGN
80,37888,7,290.15,614.9,BENIGN
443,56309,15,172.5,419.4,BENIGN
22,780,236,855.33,68.2,DDoS
25,42809,58,823.31,899.89,BENIGN
53,47161,59,800.23,188.07,BENIGN
25,24877,4,264.05,249.91,BENIGN
8080,214,84,880.04,50.7,DDoS
21,400,217,1078.14,71.7,DDoS
22,81789,45,843.18,258.65,BENIGN
8080,36110,28,208.51,405.36,BENIGN
443,80947,32,187.26,921.29,BENIGN
3306,60499,24,853.5,436.39,BENIGN
3306,73329,44,424.37,544.45,BENIGN
25,337,223,982.73,43.85,DDoS
3306,66,89,950.07,37.34,DDoS
8080,20084,65,816.28,877.32,BENIGN
443,333,229,1016.5,24.05,DDoS
80,47279,11,42.11,377.93,BENIGN
3306,83540,57,250.92,878.13,BENIGN
53,22948,50,326.57,914.24,BENIGN
22,28556,14,761.14,620.42,BENIGN
22,16822,46,193.35,925.85,BENIGN
80,45141,11,405.18,422.14,BENIGN
22,39817,30,98.31,289.84,BENIGN
25,39286,80,568.94,718.63,BENIGN
21,702,210,943.18,66.52,DDoS
53,36267,29,643.87,136.28,BENIGN
8080,58008,2,246.52,93.41,BENIGN
3306,24824,46,791.52,581.8,BENIGN
8080,99498,36,127.59,792.05,BENIGN
21,815,236,857.34,27.19,DDoS
22,37221,8,598.83,601.31,BENIGN
21,69928,3,840.19,124.24,BENIGN
25,49258,28,230.77,343.45,BENIGN
25,277,278,1042.24,33.27,DDoS
80,71994,25,120.2,271.47,BENIGN
8080,26934,1,458.56,793.02,BENIGN
53,77872,74,797.72,348.9,BENIGN
8080,457,123,1433.14,18.65,DDoS
25,646,166,992.07,68.66,DDoS
21,16433,25,516.49,723.29,BENIGN
25,44987,50,815.38,711.31,BENIGN
8080,93908,51,558.07,877.52,BENIGN
53,546,243,1311.22,27.43,DDoS
25,50417,62,707.47,393.47,BENIGN
22,85952,13,358.08,810.1,BENIGN
443,62090,13,766.83,801.83,BENIGN
3306,74032,42,109.53,887.63,BENIGN
80,62057,51,651.84,137.5,BENIGN
53,4355,28,322.61,995.63,BENIGN
3306,539,184,722.96,37.83,DDoS
21,41655,76,686.08,276.35,BENIGN
22,376,248,1401.28,42.48,DDoS
53,87058,62,630.42,41.3,BENIGN
53,12340,77,174.03,77.28,BENIGN
21,42580,4,418.1,196.43,BENIGN
21,35477,74,699.0,599.62,BENIGN
8080,77908,44,124.46,853.05,BENIGN
22,38409,7,161.99,620.85,BENIGN
53,3342,54,829.39,897.14,BENIGN
22,23146,29,302.97,931.45,BENIGN
21,12309,47,707.16,898.02,BENIGN
3306,492,243,949.7,51.39,DDoS
21,40781,66,342.79,625.91,BENIGN
443,33015,72,255.06,804.63,BENIGN
8080,73701,49,116.26,816.78,BENIGN
21,870,208,919.38,79.45,DDoS
22,96443,30,636.75,658.53,BENIGN
21,38405,73,679.45,86.27,BENIGN
8080,68723,15,766.35,159.0,BENIGN
3306,60624,29,850.66,472.73,BENIGN
80,70015,54,660.79,662.38,BENIGN
21,76127,75,851.75,234.29,BENIGN
3306,201,106,842.7,71.14,DDoS
443,88518,60,416.52,605.07,BENIGN
3306,884,201,1231.35,74.19,DDoS
80,917,221,1144.47,68.46,DDoS
8080,264,119,920.92,9.59,DDoS
53,494,129,769.48,23.42,DDoS
53,366,211,1125.28,4.08,DDoS
25,7902,24,617.88,930.7,BENIGN
8080,154,94,1472.58,42.21,DDoS
443,566,175,936.56,3.94,DDoS
80,7162,80,889.8,349.56,BENIGN
8080,3002,41,159.08,865.81,BENIGN
21,128,85,1062.54,68.91,DDoS
53,7983,68,754.14,144.71,BENIGN
21,52043,41,591.21,291.97,BENIGN
80,442,130,1395.2,63.76,DDoS
3306,68202,6,180.22,305.05,BENIGN
53,54882,57,869.35,954.69,BENIGN
3306,6426,14,472.55,975.11,BENIGN
22,69635,15,290.19,627.2,BENIGN
25,2695,59,581.34,161.63,BENIGN
443,39790,74,291.83,112.18,BENIGN
21,579,276,1030.7,50.02,DDoS
21,86681,70,537.69,857.91,BENIGN
80,79590,54,657.86,584.3,BENIGN
8080,82111,7,87.34,40.68,BENIGN
80,65120,32,356.39,887.49,BENIGN
22,37282,68,284.27,591.0,BENIGN
443,41015,72,540.8,534.72,BENIGN
80,81447,1,540.25,473.41,BENIGN
53,79785,4,192.38,734.63,BENIGN
443,230,289,894.59,10.67,DDoS
443,12434,73,730.29,855.73,BENIGN
22,61725,63,757.6,219.98,BENIGN
3306,92558,64,100.83,881.37,BENIGN
8080,45229,53,512.63,98.17,BENIGN
3306,80864,7,500.82,312.71,BENIGN
22,72322,64,890.91,223.98,BENIGN
3306,50438,20,208.11,329.23,BENIGN
25,99412,79,346.53,234.57,BENIGN
25,66275,77,152.01,575.95,BENIGN
80,43940,58,540.9,916.87,BENIGN
80,20331,72,506.34,380.25,BENIGN
80,42,112,1410.96,65.16,DDoS
443,38944,10,165.91,831.11,BENIGN
80,34399,66,810.89,840.26,BENIGN
443,16005,1,351.3,591.21,BENIGN
53,92882,67,451.22,273.38,BENIGN
8080,51963,60,713.91,774.77,BENIGN
22,23833,14,373.05,229.0,BENIGN
8080,660,300,1092.38,14.78,DDoS
21,34594,33,625.17,518.32,BENIGN
21,35203,24,111.85,605.44,BENIGN
80,41272,58,560.01,824.5,BENIGN
25,88843,53,282.21,656.74,BENIGN
80,92425,63,571.18,342.83,BENIGN
8080,26690,19,414.9,879.74,BENIGN
8080,23653,72,444.44,110.91,BENIGN
21,34859,33,182.42,640.6,BENIGN
25,76262,54,896.17,344.76,BENIGN
3306,9380,14,691.51,214.74,BENIGN
443,727,128,1410.36,76.58,DDoS
53,619,251,1193.6,46.06,DDoS
22,763,272,1257.94,53.41,DDoS
8080,425,120,977.98,2.36,DDoS
8080,84178,19,139.04,576.96,BENIGN
53,9237,7,403.42,802.28,BENIGN
25,440,139,1050.79,31.66,DDoS
25,52072,3,412.65,622.8,BENIGN
53,156,269,1399.92,14.68,DDoS
8080,17388,30,885.18,289.62,BENIGN
21,74842,58,534.88,655.71,BENIGN
21,4729,15,519.81,494.05,BENIGN
443,31050,3,635.98,87.44,BENIGN
80,31595,42,374.28,103.37,BENIGN
21,96530,78,183.72,933.91,BENIGN
3306,471,204,1327.91,35.85,DDoS
22,10224,29,589.92,282.41,BENIGN
443,64119,6,165.92,477.8,BENIGN
22,44606,45,530.59,257.69,BENIGN
3306,72956,62,95.56,660.66,BENIGN
80,25113,35,474.87,607.94,BENIGN
80,850,182,1236.36,54.16,DDoS
53,69852,27,429.75,793.86,BENIGN
53,95743,20,844.57,866.7,BENIGN
8080,46502,11,671.06,930.06,BENIGN
53,508,244,963.97,55.49,DDoS
80,432,204,984.92,28.35,DDoS
22,36997,49,167.65,341.21,BENIGN
21,15797,75,699.08,90.27,BENIGN
3306,517,222,701.05,61.73,DDoS
8080,600,170,914.23,28.78,DDoS
22,308,155,807.61,53.55,DDoS
25,93,264,1375.84,23.1,DDoS
80,67577,6,260.47,591.62,BENIGN
8080,27345,39,241.5,251.64,BENIGN
3306,54027,6,278.18,781.1,BENIGN
22,430,264,1495.24,77.04,DDoS
53,784,122,729.32,70.18,DDoS
8080,864,282,1128.6,12.03,DDoS
21,57121,71,871.45,899.67,BENIGN
8080,31293,61,749.86,542.46,BENIGN
80,78126,68,759.68,434.0,BENIGN
3306,37336,67,728.85,948.08,BENIGN
3306,57884,41,528.88,215.24,BENIGN
22,535,173,1085.88,7.98,DDoS
53,165,250,1088.21,0.45,DDoS
53,85709,29,687.43,456.13,BENIGN
22,79241,30,817.01,383.65,BENIGN
443,80819,23,175.59,666.12,BENIGN
3306,918,271,1077.33,69.33,DDoS
80,30474,16,50.67,791.57,BENIGN
443,70353,5,872.43,538.14,BENIGN
8080,969,143,1225.73,75.22,DDoS
25,45011,29,105.99,537.53,BENIGN
21,33190,29,110.99,754.17,BENIGN
3306,445,145,1249.34,58.62,DDoS
80,84639,60,619.26,203.13,BENIGN
25,532,265,881.54,3.97,DDoS
8080,23459,43,466.82,929.06,BENIGN
3306,38195,78,625.09,151.78,BENIGN
3306,53792,72,107.02,855.29,BENIGN
80,3278,62,731.7,686.42,BENIGN
53,778,181,1251.66,19.76,DDoS
22,72115,21,139.21,527.08,BENIGN
3306,778,294,929.21,10.89,DDoS
22,23857,11,748.97,475.7,BENIGN
8080,34327,74,303.27,24.2,BENIGN
8080,68662,61,667.34,775.25,BENIGN
3306,86960,76,492.42,491.75,BENIGN
80,74420,58,808.49,618.25,BENIGN
22,49066,35,642.27,463.44,BENIGN
53,79903,28,111.69,922.77,BENIGN
80,65226,58,862.39,792.71,BENIGN
80,685,239,1276.25,64.08,DDoS
21,15076,55,866.27,56.15,BENIGN
443,338,296,1072.79,8.43,DDoS
22,5039,46,561.74,132.1,BENIGN
8080,28,172,1245.53,19.76,DDoS
22,523,260,1020.51,23.15,DDoS
80,74363,14,529.77,565.21,BENIGN
53,560,273,894.24,65.91,DDoS
80,2440,52,310.85,397.41,BENIGN
8080,788,215,755.06,36.24,DDoS
3306,14367,19,289.97,670.16,BENIGN
53,448,105,1019.8,18.98,DDoS
3306,6727,48,207.31,772.14,BENIGN
21,42530,22,876.77,308.72,BENIGN
8080,39318,9,228.87,219.73,BENIGN
22,377,298,1071.2,27.13,DDoS
21,96786,44,601.68,377.78,BENIGN
443,95235,42,638.41,947.8,BENIGN
8080,41752,61,737.93,255.54,BENIGN
22,12578,74,244.01,414.08,BENIGN
80,32390,41,772.72,417.88,BENIGN
80,368,241,944.39,18.75,DDoS
22,18651,21,357.62,348.0,BENIGN
80,7413,14,90.75,306.54,BENIGN
25,74154,31,408.08,289.23,BENIGN
21,521,275,1429.24,53.83,DDoS
22,20162,73,605.43,421.9,BENIGN
443,74111,65,568.73,85.55,BENIGN
3306,26876,46,699.48,784.2,BENIGN
21,449,81,922.04,15.38,DDoS
21,5218,17,588.58,299.75,BENIGN
443,95144,37,723.63,711.21,BENIGN
21,95,299,1050.34,1.85,DDoS
443,809,280,954.94,4.35,DDoS
21,72308,8,396.75,190.17,BENIGN
3306,26531,27,614.36,39.76,BENIGN
53,445,211,874.26,36.96,DDoS
25,195,148,1152.36,15.35,DDoS
80,16353,32,806.72,915.6,BENIGN
443,848,278,1306.71,28.09,DDoS
3306,318,193,1358.69,30.42,DDoS
443,26440,79,882.47,90.67,BENIGN
3306,781,277,1205.6,66.8,DDoS
21,60545,29,290.3,636.1,BENIGN
21,5610,52,121.35,737.21,BENIGN
8080,36598,56,701.19,51.85,BENIGN
443,994,97,1103.94,32.11,DDoS
22,18019,4,685.38,911.42,BENIGN
53,54226,12,322.31,837.25,BENIGN
22,695,142,788.72,22.7,DDoS
21,53915,30,854.38,552.15,BENIGN
3306,672,133,1247.42,5.75,DDoS
21,41838,43,766.71,975.01,BENIGN
80,92005,21,354.61,171.13,BENIGN
443,156,278,1380.0,29.7,DDoS
22,836,298,1286.97,75.2,DDoS
21,60045,23,588.66,214.87,BENIGN
3306,457,127,1110.14,53.79,DDoS
53,38705,33,196.73,902.8,BENIGN
443,666,102,866.15,36.22,DDoS
21,19267,16,857.7,445.94,BENIGN
25,75024,62,83.98,763.65,BENIGN
21,48806,22,752.07,156.93,BENIGN
25,79546,68,865.51,541.24,BENIGN
8080,321,157,829.51,38.08,DDoS
8080,530,108,1028.86,18.63,DDoS
80,67318,10,588.26,810.49,BENIGN
443,365,226,960.3,14.22,DDoS
3306,88249,67,452.86,819.8,BENIGN
25,53749,5,333.36,109.03,BENIGN
25,580,287,1095.52,11.02,DDoS
21,57203,26,338.38,968.33,BENIGN
22,19977,10,90.62,565.23,BENIGN
3306,43274,62,374.05,30.91,BENIGN
53,79373,22,403.29,943.77,BENIGN
8080,11757,46,337.28,119.03,BENIGN
25,87876,72,106.03,653.05,BENIGN
25,918,118,1393.81,15.57,DDoS
80,272,111,964.31,27.98,DDoS
443,25620,61,77.44,439.99,BENIGN
53,8422,3,883.06,353.02,BENIGN
22,887,168,1060.45,70.33,DDoS
443,541,106,928.19,33.07,DDoS
8080,90148,6,805.35,744.8,BENIGN
443,49910,65,86.85,722.39,BENIGN
25,18194,10,123.93,457.99,BENIGN
21,27838,43,575.09,626.92,BENIGN
80,26403,48,368.56,127.26,BENIGN
3306,1490,64,736.4,652.31,BENIGN
21,99453,4,234.97,681.38,BENIGN
8080,94593,78,620.86,897.39,BENIGN
8080,717,83,1105.63,28.81,DDoS
53,387,286,1061.19,34.52,DDoS
53,97413,39,687.62,818.29,BENIGN
25,36276,49,577.32,340.11,BENIGN
53,33784,53,598.79,538.45,BENIGN
22,769,164,813.92,11.23,DDoS
80,38852,2,446.52,320.4,BENIGN
443,49,87,1375.98,7.49,DDoS
22,81295,12,170.12,843.0,BENIGN
80,97167,71,77.32,215.9,BENIGN
22,10278,44,473.45,974.94,BENIGN
80,41089,47,110.6,177.18,BENIGN
443,251,289,1063.71,44.65,DDoS
22,37,210,1461.71,59.4,DDoS
443,21107,56,467.51,633.43,BENIGN
21,65,150,1318.13,71.35,DDoS
22,90,158,919.37,34.17,DDoS
80,275,299,715.48,70.33,DDoS
25,81310,36,846.95,519.51,BENIGN
80,84532,53,341.42,386.87,BENIGN
25,75591,45,634.26,398.04,BENIGN
22,80863,56,83.98,231.36,BENIGN
443,30,204,1203.68,59.13,DDoS
53,290,197,807.02,36.37,DDoS
53,655,112,1447.37,24.06,DDoS
22,78399,40,493.7,103.36,BENIGN
3306,954,239,1381.68,25.17,DDoS
8080,5,106,909.29,42.01,DDoS
22,47053,27,629.35,871.02,BENIGN
3306,90907,49,410.68,952.74,BENIGN
443,59141,6,196.25,484.07,BENIGN
8080,98341,74,106.43,105.18,BENIGN
53,34647,68,224.15,124.27,BENIGN
3306,63677,1,130.46,253.32,BENIGN
8080,55881,48,496.6,442.23,BENIGN
8080,78165,36,384.6,701.45,BENIGN
8080,191,270,838.82,46.35,DDoS
21,99447,47,744.86,855.17,BENIGN
80,54517,36,327.51,719.53,BENIGN
53,285,181,822.47,46.68,DDoS
3306,50703,65,795.92,372.65,BENIGN
21,467,118,954.02,63.31,DDoS
25,64300,50,142.3,183.68,BENIGN
8080,30439,10,283.29,708.91,BENIGN
80,33,126,886.02,37.75,DDoS
25,28932,56,64.76,103.31,BENIGN
3306,291,150,969.76,78.19,DDoS
22,56672,33,736.78,610.99,BENIGN
8080,11596,17,295.84,87.0,BENIGN
8080,46431,78,312.2,427.17,BENIGN
22,9840,67,730.24,836.16,BENIGN
21,23919,48,369.24,207.81,BENIGN
22,484,281,1411.79,19.44,DDoS
21,667,252,1121.7,1.74,DDoS
8080,85325,3,276.84,373.88,BENIGN
21,28312,76,73.99,944.89,BENIGN
53,97735,8,474.52,697.07,BENIGN
80,752,231,1033.67,32.24,DDoS
21,577,152,1496.78,43.43,DDoS
25,43350,38,632.12,232.76,BENIGN
25,965,263,788.89,50.39,DDoS
25,84101,14,692.76,471.78,BENIGN
3306,98060,34,435.48,909.88,BENIGN
3306,52370,11,660.61,470.7,BENIGN
25,16,122,1376.48,48.76,DDoS
80,34387,76,897.85,670.38,BENIGN
443,14625,58,184.8,798.83,BENIGN
443,34528,54,341.4,742.35,BENIGN
443,82849,23,255.34,53.91,BENIGN
53,51,119,1162.89,46.84,DDoS
21,69839,16,725.23,192.14,BENIGN
22,10252,19,793.13,222.37,BENIGN
25,169,103,758.04,20.2,DDoS
3306,8884,19,674.74,799.37,BENIGN
21,5594,52,168.63,727.68,BENIGN
22,9286,57,620.25,881.24,BENIGN
25,13670,33,254.84,446.71,BENIGN
80,98154,1,862.79,843.21,BENIGN
80,89251,3,65.24,84.93,BENIGN
22,6149,25,289.44,621.63,BENIGN
25,345,102,747.44,44.74,DDoS
22,80681,7,848.44,676.95,BENIGN
80,42541,51,185.97,573.19,BENIGN
8080,14296,73,460.43,221.07,BENIGN
8080,39507,58,399.72,647.91,BENIGN
21,95,166,1115.36,79.36,DDoS
8080,856,226,739.41,27.31,DDoS
80,54304,24,610.05,281.83,BENIGN
22,76455,18,543.91,673.89,BENIGN
25,17731,63,399.16,87.93,BENIGN
443,97870,39,69.91,843.32,BENIGN
80,753,207,1224.79,55.53,DDoS
80,392,251,991.61,30.22,DDoS
25,57098,31,533.91,796.22,BENIGN
443,4739,38,623.65,267.82,BENIGN
80,93959,51,897.58,514.95,BENIGN
25,83416,78,193.56,103.99,BENIGN
3306,11623,13,267.84,736.62,BENIGN
53,40993,33,505.3,839.09,BENIGN
3306,37527,17,383.07,846.4,BENIGN
3306,81317,35,840.52,607.44,BENIGN
443,50859,12,250.69,845.44,BENIGN
25,92048,10,829.83,580.24,BENIGN
443,35666,49,194.67,933.43,BENIGN
443,96432,28,463.97,912.32,BENIGN
22,152,298,1073.74,34.03,DDoS
3306,66974,47,253.02,456.09,BENIGN
21,7030,13,634.55,715.37,BENIGN
21,34462,55,529.9,178.67,BENIGN
3306,55952,36,579.49,65.57,BENIGN
25,10911,65,533.11,264.64,BENIGN
25,86627,17,247.02,345.83,BENIGN
21,69806,68,656.37,488.23,BENIGN
3306,233,103,943.01,45.44,DDoS
443,52055,66,371.14,129.42,BENIGN
53,40581,30,529.33,641.6,BENIGN
25,662,128,821.01,73.74,DDoS
22,90854,15,564.22,334.7,BENIGN
21,25392,74,823.01,555.14,BENIGN
25,963,112,1170.06,40.99,DDoS
3306,3182,63,133.06,502.76,BENIGN
25,46044,18,707.92,931.31,BENIGN
22,982,112,1484.93,48.87,DDoS
25,15885,31,419.52,646.49,BENIGN
21,80167,41,833.54,206.21,BENIGN
21,32359,42,865.36,567.59,BENIGN
53,97255,62,440.59,109.5,BENIGN
80,76754,37,751.15,260.68,BENIGN
3306,63642,49,267.91,420.67,BENIGN
21,53183,71,362.02,401.31,BENIGN
3306,98374,32,268.76,365.54,BENIGN
80,80977,60,82.01,851.97,BENIGN
22,24700,20,438.0,687.25,BENIGN
21,65906,11,304.05,371.09,BENIGN
22,84400,40,609.79,127.45,BENIGN
3306,94673,54,601.71,751.27,BENIGN
80,989,289,1063.43,15.33,DDoS
25,768,255,917.38,15.99,DDoS
8080,91044,6,58.19,195.27,BENIGN
80,79736,53,322.12,351.57,BENIGN
53,740,96,1245.78,66.17,DDoS
443,57830,26,340.15,507.07,BENIGN
25,892,238,783.86,71.59,DDoS
3306,11483,56,300.67,677.37,BENIGN
22,80359,70,724.21,149.44,BENIGN
443,79434,74,331.94,719.85,BENIGN
53,37312,18,639.28,451.86,BENIGN
443,98860,5,501.56,74.05,BENIGN
25,48104,31,857.53,493.69,BENIGN
21,172,121,1077.71,47.55,DDoS
22,448,122,1012.85,64.56,DDoS
22,835,113,1492.42,36.46,DDoS
8080,47802,62,259.51,765.07,BENIGN
3306,794,116,1088.48,36.65,DDoS
80,89786,18,213.49,439.64,BENIGN
3306,369,89,1111.03,36.0,DDoS
443,66146,29,747.88,612.48,BENIGN
80,772,160,1372.01,5.74,DDoS
25,12227,66,513.91,913.77,BENIGN
21,35017,23,226.02,934.8,BENIGN
443,37645,8,600.39,687.91,BENIGN
443,82591,13,645.09,678.77,BENIGN
25,46895,54,678.9,235.86,BENIGN
25,3138,35,868.87,749.8,BENIGN
25,56069,28,785.41,527.17,BENIGN
8080,33906,60,727.56,857.9,BENIGN
53,28271,7,205.39,759.38,BENIGN
22,72931,71,468.47,372.13,BENIGN
3306,68416,8,174.44,38.52,BENIGN
53,822,142,895.36,10.85,DDoS
80,68159,11,48.93,570.78,BENIGN
25,93821,8,211.93,290.26,BENIGN
80,96174,60,817.33,210.83,BENIGN
22,39022,45,202.49,338.08,BENIGN
3306,565,266,953.79,31.86,DDoS
22,72208,74,52.52,63.01,BENIGN
3306,774,210,1029.42,63.3,DDoS
3306,36310,4,383.35,31.0,BENIGN
22,4647,32,442.38,884.95,BENIGN
80,83626,56,591.61,239.11,BENIGN
21,916,292,1140.25,21.36,DDoS
443,235,244,897.03,15.12,DDoS
25,36592,22,514.26,899.55,BENIGN
8080,90,192,1201.7,70.29,DDoS
3306,44448,69,484.73,267.49,BENIGN
443,72515,11,374.02,932.3,BENIGN
3306,31844,49,480.96,79.15,BENIGN
8080,462,275,1186.86,27.1,DDoS
3306,85142,37,536.09,167.96,BENIGN
3306,12153,50,340.73,261.13,BENIGN
53,83945,52,415.5,191.31,BENIGN
8080,10236,75,625.26,479.23,BENIGN
53,962,180,1032.13,19.14,DDoS
8080,63714,1,324.78,762.94,BENIGN
25,67026,63,391.39,633.15,BENIGN
22,208,115,866.22,59.19,DDoS
22,47761,56,179.21,745.16,BENIGN
443,90,225,766.21,40.67,DDoS
80,994,270,1021.07,23.74,DDoS
80,619,190,1322.44,67.6,DDoS
22,668,263,1364.13,5.2,DDoS
21,557,123,1037.22,58.64,DDoS
25,567,277,1429.02,69.63,DDoS
443,85134,74,820.4,487.6,BENIGN
3306,31696,78,449.6,616.0,BENIGN
8080,819,266,833.63,45.49,DDoS
3306,44327,4,111.92,481.5,BENIGN
22,70137,27,185.66,713.82,BENIGN
443,15492,32,120.71,773.64,BENIGN
3306,360,262,1143.1,73.33,DDoS
53,59958,66,857.72,566.55,BENIGN
21,365,138,1075.68,34.81,DDoS
80,91,141,1091.57,79.22,DDoS
25,11421,13,394.7,506.69,BENIGN
53,23268,58,355.34,114.36,BENIGN
25,42069,53,473.38,952.25,BENIGN
80,420,176,1053.72,8.67,DDoS
21,274,139,943.32,63.62,DDoS
53,4587,73,512.91,669.59,BENIGN
25,67120,33,640.81,518.11,BENIGN
22,76298,24,633.62,173.66,BENIGN
443,12411,18,602.9,634.99,BENIGN
22,559,289,1412.61,12.15,DDoS
25,64984,70,667.38,823.8,BENIGN
22,323,83,884.42,77.62,DDoS
22,957,228,1259.62,70.66,DDoS
22,895,230,1053.09,67.32,DDoS
22,1259,34,793.02,473.24,BENIGN
3306,415,141,780.77,57.74,DDoS
25,300,185,1237.79,19.4,DDoS
80,33305,38,791.42,285.41,BENIGN
80,18344,63,364.98,29.47,BENIGN
80,35481,72,81.38,544.31,BENIGN
22,789,271,710.87,49.53,DDoS
22,42510,46,365.03,724.75,BENIGN
53,7721,80,46.73,572.09,BENIGN
443,574,237,1119.87,17.04,DDoS
22,66,83,767.47,71.38,DDoS
80,574,254,1026.6,48.2,DDoS
3306,84281,53,187.49,165.74,BENIGN
443,655,122,842.67,33.62,DDoS
8080,30070,70,207.77,661.52,BENIGN
8080,63474,77,692.06,712.19,BENIGN
22,40202,51,498.67,630.22,BENIGN
22,81526,13,514.7,850.87,BENIGN
53,15910,33,790.37,574.74,BENIGN
22,72710,54,546.19,563.29,BENIGN
80,33064,72,357.28,820.47,BENIGN
53,68803,74,757.28,622.65,BENIGN
53,16450,16,733.75,740.37,BENIGN
8080,50475,16,524.91,880.63,BENIGN
21,74239,13,716.1,597.36,BENIGN
80,21398,76,73.62,535.4,BENIGN
443,34338,5,434.45,956.41,BENIGN
21,567,216,1407.58,16.4,DDoS
80,5719,63,617.4,882.0,BENIGN
25,33449,64,452.85,826.98,BENIGN
25,14028,36,784.95,601.28,BENIGN
21,33002,24,190.7,48.21,BENIGN
8080,961,156,926.34,43.41,DDoS
25,830,122,1267.57,56.61,DDoS
22,14010,13,627.68,81.42,BENIGN
22,54393,51,353.64,787.05,BENIGN
80,57746,61,554.98,99.31,BENIGN
21,973,138,1266.49,58.15,DDoS
443,535,270,928.62,31.12,DDoS
21,5325,50,628.14,916.61,BENIGN
22,59498,65,852.64,342.66,BENIGN
80,36407,63,606.16,501.47,BENIGN
22,23335,8,474.39,149.22,BENIGN
443,69148,72,838.88,291.7,BENIGN
8080,72738,35,464.32,221.14,BENIGN
3306,34736,25,394.5,131.5,BENIGN
443,64334,28,617.01,895.98,BENIGN
443,44166,53,196.97,922.42,BENIGN
443,17463,30,738.56,163.55,BENIGN
53,51320,33,788.98,396.59,BENIGN
8080,7700,32,50.82,799.99,BENIGN
25,84532,63,202.11,627.86,BENIGN
25,59826,15,267.54,636.04,BENIGN
3306,74985,13,833.01,85.71,BENIGN
443,18063,8,282.66,391.44,BENIGN
3306,132,200,910.68,16.98,DDoS
25,40894,54,855.65,621.69,BENIGN
21,94582,56,708.51,604.0,BENIGN
25,42189,21,42.26,895.12,BENIGN
3306,27197,14,609.49,86.56,BENIGN
22,859,243,1148.79,15.09,DDoS
443,441,85,1080.92,11.73,DDoS
3306,41951,4,224.45,418.84,BENIGN
3306,817,230,1059.99,12.61,DDoS
53,33168,9,148.43,56.24,BENIGN
3306,788,286,1360.94,12.06,DDoS
53,43321,9,383.11,775.38,BENIGN
3306,35253,60,460.04,102.51,BENIGN
22,46731,36,245.89,266.25,BENIGN
21,94768,67,53.29,921.12,BENIGN
443,951,222,1098.99,74.03,DDoS
25,5597,78,455.65,208.69,BENIGN
53,28378,57,204.92,803.25,BENIGN
443,901,153,1322.93,59.06,DDoS
8080,40223,38,635.34,199.8,BENIGN
3306,250,115,1113.04,7.95,DDoS
53,89766,49,511.58,954.83,BENIGN
53,63074,1,884.66,523.09,BENIGN
8080,6445,21,98.07,727.87,BENIGN
80,51820,6,522.93,238.25,BENIGN
25,36526,18,729.6,273.91,BENIGN
443,50975,72,635.0,250.95,BENIGN
21,23138,54,196.45,385.04,BENIGN
443,128,223,1476.17,64.6,DDoS
3306,46627,62,408.0,945.67,BENIGN
53,69233,67,242.41,439.97,BENIGN
80,386,234,976.07,20.08,DDoS
3306,98987,26,743.28,333.64,BENIGN
53,56167,10,312.7,557.17,BENIGN
443,708,93,1447.0,51.38,DDoS
53,45671,6,408.48,556.96,BENIGN
3306,933,93,834.65,25.34,DDoS
3306,30992,41,594.03,489.55,BENIGN
53,28584,38,196.35,615.41,BENIGN
80,91617,33,464.12,756.18,BENIGN
21,42433,78,722.85,895.78,BENIGN
25,31062,6,843.77,579.24,BENIGN
8080,22573,28,786.52,394.35,BENIGN
21,44996,35,583.86,921.4,BENIGN
53,187,261,977.21,68.06,DDoS
3306,510,160,1091.94,34.36,DDoS
80,37036,21,700.13,645.88,BENIGN
80,20,240,1313.52,72.45,DDoS
443,92174,71,188.12,779.46,BENIGN
22,52866,31,670.34,553.85,BENIGN
22,12325,35,646.44,812.67,BENIGN
21,37607,73,702.04,953.25,BENIGN
3306,37241,47,441.91,668.21,BENIGN
53,92041,53,804.18,665.28,BENIGN
21,67806,2,261.29,384.48,BENIGN
25,228,133,929.52,29.34,DDoS
8080,51168,25,350.16,920.88,BENIGN
21,63524,54,188.26,403.75,BENIGN
53,931,255,1194.23,52.26,DDoS
22,42706,61,554.22,851.98,BENIGN
21,33250,42,377.48,785.69,BENIGN
443,31028,75,296.27,925.19,BENIGN
22,36621,79,372.55,462.17,BENIGN
25,85228,30,432.59,672.31,BENIGN
25,202,136,1487.55,52.14,DDoS
3306,142,293,1082.31,35.21,DDoS
25,12513,9,582.31,338.96,BENIGN
21,64701,9,185.19,495.58,BENIGN
80,62643,27,798.0,136.47,BENIGN
80,487,145,1184.3,61.33,DDoS
3306,518,143,1236.6,34.9,DDoS
53,679,107,1278.51,13.41,DDoS
80,897,215,1041.02,12.66,DDoS
8080,74561,28,92.95,760.76,BENIGN
22,31178,47,212.82,393.68,BENIGN
22,6523,18,611.86,95.18,BENIGN
3306,42342,63,159.38,234.44,BENIGN
80,203,86,1279.63,30.7,DDoS
443,74839,58,325.49,829.59,BENIGN
21,91841,80,743.29,34.57,BENIGN
3306,29686,76,77.5,372.16,BENIGN
53,77090,43,809.11,194.25,BENIGN
80,285,131,1433.6,10.6,DDoS
8080,456,200,1402.94,31.15,DDoS
22,18,299,1025.53,0.47,DDoS
3306,58620,63,206.42,798.76,BENIGN
53,19745,35,464.61,607.59,BENIGN
53,981,237,718.61,27.44,DDoS
21,88061,26,484.61,173.62,BENIGN
53,78675,35,221.76,548.46,BENIGN
53,41609,13,650.01,416.63,BENIGN
80,28378,43,809.31,322.15,BENIGN
8080,90733,80,309.66,967.28,BENIGN
443,194,112,1011.89,23.87,DDoS
21,493,87,1199.87,37.61,DDoS
3306,645,259,987.58,71.33,DDoS
8080,383,123,1059.57,74.71,DDoS
22,51110,51,195.55,316.26,BENIGN
80,16162,8,235.6,102.68,BENIGN
21,86843,65,821.91,48.46,BENIGN
25,937,267,1051.61,68.34,DDoS
80,60699,65,95.83,46.43,BENIGN
25,31155,28,580.37,770.41,BENIGN
22,42522,77,427.77,984.05,BENIGN
8080,97178,11,108.94,961.69,BENIGN
21,12578,45,667.29,456.46,BENIGN
8080,556,240,1265.27,17.29,DDoS
53,22346,56,848.65,391.75,BENIGN
53,99193,31,812.19,910.65,BENIGN
21,38371,77,204.01,561.8,BENIGN
8080,60036,78,137.93,680.57,BENIGN
22,62890,72,693.31,655.08,BENIGN
53,21025,23,666.68,378.11,BENIGN
8080,86025,56,273.69,79.97,BENIGN
3306,15852,38,116.37,884.88,BENIGN
80,35986,72,849.28,392.93,BENIGN
8080,58382,9,628.81,430.95,BENIGN
25,24794,65,549.08,238.71,BENIGN
53,98773,11,546.61,461.27,BENIGN
25,17042,19,734.23,635.82,BENIGN
25,189,202,861.25,64.98,DDoS
80,534,173,722.8,39.7,DDoS
443,60756,52,857.57,353.19,BENIGN
3306,80,87,1453.88,10.2,DDoS
25,76881,72,766.53,800.18,BENIGN
3306,93,236,860.29,63.9,DDoS
80,493,220,1284.97,62.31,DDoS
25,620,186,1260.19,8.94,DDoS
80,818,295,1231.88,45.91,DDoS
80,82669,25,176.62,285.08,BENIGN
443,89466,70,293.93,786.53,BENIGN
80,13301,64,654.89,821.03,BENIGN
25,965,127,1485.88,59.02,DDoS
53,681,247,773.13,64.56,DDoS
80,3399,59,151.07,891.73,BENIGN
53,28462,54,340.72,902.28,BENIGN
443,38132,56,521.51,444.4,BENIGN
53,158,189,1368.93,20.13,DDoS
53,371,266,921.21,64.76,DDoS
3306,102,117,1051.65,73.42,DDoS
80,44487,25,395.18,442.22,BENIGN
25,11797,30,849.03,221.85,BENIGN
80,75406,50,704.76,995.3,BENIGN
21,85399,51,554.49,167.99,BENIGN
21,9,162,1146.96,71.24,DDoS
25,32581,55,829.26,856.66,BENIGN
443,68346,58,675.41,273.35,BENIGN
21,81183,76,626.66,765.56,BENIGN
8080,851,171,858.42,2.3,DDoS
25,197,182,1387.58,71.68,DDoS
80,85703,61,80.19,131.3,BENIGN
53,99846,75,362.11,647.03,BENIGN
3306,52125,11,46.11,615.64,BENIGN
3306,48344,5,284.37,645.24,BENIGN
80,46529,1,300.05,321.29,BENIGN
8080,120,112,743.63,77.14,DDoS
53,56767,43,686.33,235.25,BENIGN
3306,39166,32,410.58,265.89,BENIGN
25,379,152,815.58,25.75,DDoS
21,745,257,1153.28,19.5,DDoS
21,11765,42,620.19,513.8,BENIGN
80,87497,59,163.51,346.83,BENIGN
25,225,219,1125.31,64.8,DDoS
443,907,220,1411.81,73.69,DDoS
443,2201,48,140.56,822.45,BENIGN
22,87,272,1265.78,25.33,DDoS
443,83479,47,474.27,145.01,BENIGN
8080,67114,46,440.94,458.89,BENIGN
80,997,195,1265.93,9.35,DDoS
8080,56176,4,335.66,991.1,BENIGN
8080,85447,49,166.55,339.36,BENIGN
22,98820,54,837.09,420.4,BENIGN
80,53,237,1224.06,54.98,DDoS
8080,878,283,1370.13,29.8,DDoS
443,19024,18,129.92,342.29,BENIGN
22,14982,36,606.88,672.37,BENIGN
3306,515,285,1411.74,72.67,DDoS
25,43631,56,178.94,628.68,BENIGN
53,661,228,816.26,8.49,DDoS
25,54208,58,312.02,822.72,BENIGN
22,13623,11,88.38,836.89,BENIGN
21,944,217,1181.75,65.67,DDoS
21,654,165,772.93,75.9,DDoS
3306,43668,79,489.99,104.37,BENIGN
3306,1654,71,665.72,66.59,BENIGN
3306,54833,15,234.16,217.4,BENIGN
8080,51196,19,879.65,193.11,BENIGN
8080,14,182,910.77,75.89,DDoS
8080,70862,61,387.63,683.73,BENIGN
53,98381,12,243.65,238.18,BENIGN
25,88077,12,880.53,811.3,BENIGN
8080,80994,29,212.36,898.69,BENIGN
22,30643,69,412.82,762.58,BENIGN
25,46634,37,413.43,169.84,BENIGN
8080,486,130,796.83,29.52,DDoS
21,39,300,950.95,19.95,DDoS
80,87829,22,402.02,614.52,BENIGN
3306,44500,3,755.86,942.99,BENIGN
22,6870,8,125.08,212.54,BENIGN
443,63172,63,152.54,968.96,BENIGN
443,11,241,1276.72,69.33,DDoS
53,68568,29,113.73,85.0,BENIGN
22,626,298,1069.63,37.96,DDoS
8080,58052,37,843.54,661.92,BENIGN
21,65152,10,252.19,62.03,BENIGN
53,3493,54,131.37,197.7,BENIGN
21,76024,55,589.2,797.18,BENIGN
443,51891,36,872.38,562.63,BENIGN
22,33,181,1106.4,13.84,DDoS
25,70112,15,593.71,898.93,BENIGN
53,46015,23,460.45,890.17,BENIGN
443,19313,18,375.87,55.3,BENIGN
443,38695,23,255.29,559.44,BENIGN
21,345,270,1376.75,14.66,DDoS
21,169,223,1453.59,66.18,DDoS
22,23,192,1056.45,16.27,DDoS
22,41623,64,273.42,292.11,BENIGN
80,20714,25,852.77,367.03,BENIGN
21,91989,11,150.15,173.65,BENIGN
22,44666,77,580.39,405.78,BENIGN
3306,14,284,1493.42,9.5,DDoS
22,237,178,1096.56,47.38,DDoS
22,360,252,1344.53,45.87,DDoS
80,84269,25,208.71,409.46,BENIGN
8080,94011,79,47.62,194.34,BENIGN
80,75845,68,375.62,807.27,BENIGN
443,39892,26,652.64,81.43,BENIGN
8080,92482,65,350.65,741.81,BENIGN
25,90639,57,341.7,912.25,BENIGN
443,968,241,1293.81,77.29,DDoS
443,65374,22,682.13,367.6,BENIGN
3306,24487,59,551.58,373.63,BENIGN
22,8637,38,86.3,440.6,BENIGN
25,11043,2,162.96,745.21,BENIGN
22,682,271,1157.28,66.22,DDoS
21,14348,13,445.23,658.05,BENIGN
21,37,111,1353.1,30.43,DDoS
80,61346,41,524.94,134.63,BENIGN
80,8420,3,96.5,161.14,BENIGN
22,86089,57,73.46,362.25,BENIGN
53,5200,19,833.57,545.23,BENIGN
8080,415,112,1475.03,4.35,DDoS
8080,55,94,967.2,5.49,DDoS
3306,42623,68,867.13,474.82,BENIGN
80,363,93,787.76,11.75,DDoS
53,495,100,1282.49,12.13,DDoS
21,51292,50,631.38,889.68,BENIGN
3306,849,142,759.7,5.73,DDoS
25,14238,61,639.29,967.13,BENIGN
25,920,222,804.2,78.66,DDoS
21,47468,50,441.19,295.65,BENIGN
8080,5655,22,830.58,140.1,BENIGN
3306,15161,71,578.71,90.08,BENIGN
21,59832,9,467.86,635.32,BENIGN
25,76416,71,751.8,785.23,BENIGN
25,39643,33,883.08,593.37,BENIGN
25,29522,57,517.96,666.07,BENIGN
443,17076,62,559.8,402.43,BENIGN
443,64709,77,188.23,920.31,BENIGN
22,36916,3,616.57,666.78,BENIGN
3306,22473,53,221.71,48.35,BENIGN
53,60835,31,809.7,131.68,BENIGN
25,32223,61,427.71,312.11,BENIGN
21,41564,32,737.81,881.5,BENIGN
21,68581,1,454.15,580.05,BENIGN
53,449,227,875.4,66.36,DDoS
3306,41545,30,512.32,459.63,BENIGN
21,727,176,828.66,22.79,DDoS
21,17454,69,431.23,780.11,BENIGN
22,103,266,1352.98,15.05,DDoS
21,931,80,704.77,26.76,DDoS
21,981,215,1032.47,49.22,DDoS
80,40019,78,348.58,446.84,BENIGN
22,775,170,827.48,3.0,DDoS
53,1784,26,401.07,637.89,BENIGN
443,30466,49,758.19,411.59,BENIGN
22,66872,36,830.52,698.23,BENIGN
443,154,95,701.49,48.42,DDoS
443,230,175,1398.09,33.06,DDoS
443,3295,71,343.84,856.43,BENIGN
443,746,233,1445.96,31.28,DDoS
21,16394,7,716.01,56.77,BENIGN
25,763,101,1317.04,9.33,DDoS
80,71212,63,841.17,752.09,BENIGN
22,527,165,966.91,66.87,DDoS
21,61827,49,453.55,868.68,BENIGN
3306,943,130,923.99,37.38,DDoS
21,40114,23,465.35,71.08,BENIGN
21,40016,37,140.76,901.71,BENIGN
53,48,211,1325.31,79.68,DDoS
53,19584,19,71.3,716.97,BENIGN
25,90735,56,428.27,687.15,BENIGN
53,77611,9,477.64,869.95,BENIGN
53,19132,32,537.58,940.72,BENIGN
8080,687,266,1411.79,59.36,DDoS
80,759,289,1420.46,75.59,DDoS
22,39772,6,182.33,853.82,BENIGN
3306,66034,28,130.8,463.47,BENIGN
8080,4671,40,202.17,877.79,BENIGN
21,32307,9,680.97,456.73,BENIGN
53,30394,75,430.17,172.65,BENIGN
443,733,269,1302.42,39.53,DDoS
53,68044,33,344.23,666.02,BENIGN
25,44,196,1179.8,52.99,DDoS
443,92005,25,894.91,610.6,BENIGN
443,83408,1,668.64,524.5,BENIGN
21,646,105,976.94,76.4,DDoS
8080,55,298,1173.13,5.66,DDoS
3306,713,225,1032.06,21.66,DDoS
22,96863,59,122.15,331.26,BENIGN
21,31118,30,203.71,223.75,BENIGN
443,790,240,1104.14,79.3,DDoS
8080,85418,14,841.53,792.0,BENIGN
3306,97793,33,63.58,159.82,BENIGN
21,85347,65,245.77,698.05,BENIGN
53,9,268,942.06,35.03,DDoS
21,88285,29,601.06,925.6,BENIGN
8080,572,179,1378.25,10.79,DDoS
443,933,216,1212.01,6.38,DDoS
80,96018,62,140.65,456.17,BENIGN
3306,50083,74,486.63,948.55,BENIGN
25,795,132,842.21,15.51,DDoS
8080,17329,26,473.98,978.87,BENIGN
8080,659,161,1034.52,5.18,DDoS
21,951,123,1020.87,59.06,DDoS
3306,14357,74,808.69,307.53,BENIGN
21,68957,48,181.34,775.43,BENIGN
21,60697,1,504.14,301.45,BENIGN
53,38583,35,459.61,564.25,BENIGN
80,19,255,1335.1,53.22,DDoS
80,61875,25,320.28,341.38,BENIGN
21,992,144,1189.4,46.69,DDoS
8080,87608,61,827.43,601.94,BENIGN
443,18499,72,693.7,27.62,BENIGN
53,761,122,1388.18,13.35,DDoS
21,53697,64,447.66,96.53,BENIGN
3306,30800,1,249.09,94.74,BENIGN
443,14200,55,180.87,317.35,BENIGN
21,23304,9,396.95,680.36,BENIGN
25,57817,6,42.19,913.91,BENIGN
80,92861,69,662.92,203.98,BENIGN
22,57761,51,624.34,397.78,BENIGN
3306,5125,65,832.72,966.06,BENIGN
22,83235,61,791.54,877.06,BENIGN
8080,574,149,986.27,76.18,DDoS
25,31926,37,142.06,323.41,BENIGN
443,951,169,1468.69,11.06,DDoS
443,254,292,1353.13,27.72,DDoS
25,4590,33,217.11,839.06,BENIGN
80,726,147,1477.49,63.29,DDoS
80,7776,75,785.42,511.66,BENIGN
3306,43685,56,451.92,800.53,BENIGN
21,993,246,1425.78,46.92,DDoS
80,98686,62,132.58,707.41,BENIGN
53,39734,58,659.8,438.02,BENIGN
8080,17,118,705.77,65.2,DDoS
53,78417,44,382.31,955.76,BENIGN
53,303,281,1239.08,43.69,DDoS
21,470,177,759.6,25.14,DDoS
443,192,208,1323.4,0.2,DDoS
21,125,216,1243.61,22.6,DDoS
80,414,198,1363.62,69.11,DDoS
22,239,227,709.8,45.28,DDoS
21,83941,21,182.56,112.2,BENIGN
53,99188,41,94.61,559.64,BENIGN
80,721,192,1192.15,4.74,DDoS
53,184,151,1204.81,70.27,DDoS
22,13680,51,379.05,731.49,BENIGN
21,12141,65,56.47,523.77,BENIGN
21,64283,72,769.38,731.23,BENIGN
443,47691,18,241.92,516.58,BENIGN
80,733,258,1367.06,64.33,DDoS
53,757,145,1397.46,16.52,DDoS
80,11438,58,381.34,221.42,BENIGN
53,476,217,900.53,63.26,DDoS
53,78648,25,223.34,185.3,BENIGN
25,40378,46,623.09,244.61,BENIGN
3306,20309,76,295.84,838.33,BENIGN
25,422,133,887.09,65.03,DDoS
443,173,86,953.48,74.87,DDoS
21,135,199,1412.34,44.0,DDoS
443,4899,16,149.64,765.8,BENIGN
3306,35451,43,759.12,412.1,BENIGN
8080,98642,3,357.86,679.04,BENIGN
25,7329,11,228.15,98.12,BENIGN
80,56744,21,679.04,460.57,BENIGN
25,40380,10,177.95,774.46,BENIGN
53,23040,25,286.61,197.64,BENIGN
53,711,132,728.25,75.05,DDoS
80,92704,12,648.9,398.42,BENIGN
53,14315,31,212.64,145.58,BENIGN
21,967,261,879.02,64.35,DDoS
53,18810,26,817.9,534.78,BENIGN
80,19,178,1040.29,49.18,DDoS
25,649,123,1403.74,10.86,DDoS
22,39708,55,175.3,630.29,BENIGN
53,22984,57,452.77,982.94,BENIGN
25,16921,37,240.83,409.85,BENIGN
22,269,198,1181.52,4.27,DDoS
21,751,92,914.73,23.16,DDoS
3306,45743,73,641.66,550.33,BENIGN
3306,761,202,1168.07,72.5,DDoS
21,368,183,785.4,12.17,DDoS
80,486,165,1083.37,45.7,DDoS
53,56583,55,626.19,485.45,BENIGN
22,800,187,887.74,27.79,DDoS
21,659,299,1045.57,54.91,DDoS
25,530,124,1146.3,36.92,DDoS
8080,88724,77,273.24,185.06,BENIGN
3306,73719,17,94.43,244.07,BENIGN
3306,57813,26,717.85,522.99,BENIGN
22,38443,16,206.39,383.16,BENIGN
80,74697,14,786.5,483.78,BENIGN
22,39193,27,229.24,297.97,BENIGN
21,99308,41,351.97,239.1,BENIGN
53,83727,61,398.38,691.15,BENIGN
80,93903,48,391.62,272.8,BENIGN
22,549,119,1145.99,40.04,DDoS
25,71637,47,301.26,798.53,BENIGN
21,15295,41,511.11,496.41,BENIGN
80,37679,65,732.43,902.45,BENIGN
3306,480,288,1225.33,47.65,DDoS
21,93874,34,559.76,698.73,BENIGN
53,26322,12,517.36,27.07,BENIGN
80,40285,51,508.87,739.21,BENIGN
21,1266,80,261.83,913.07,BENIGN
21,65761,35,818.01,861.27,BENIGN
25,75207,63,483.47,432.02,BENIGN
53,39762,42,831.41,528.65,BENIGN
21,36,227,793.57,51.16,DDoS
25,180,192,727.58,18.88,DDoS
22,78241,47,268.44,634.93,BENIGN
22,43046,26,237.42,157.55,BENIGN
25,62131,42,86.52,213.59,BENIGN
25,86895,79,226.03,880.34,BENIGN
8080,49281,34,534.43,65.33,BENIGN
21,48183,65,682.41,730.72,BENIGN
443,202,238,1011.11,35.44,DDoS
443,840,246,914.17,70.25,DDoS
80,70,191,938.69,13.57,DDoS
25,28528,45,162.0,914.07,BENIGN
80,9807,29,218.05,716.2,BENIGN
3306,601,156,1410.13,23.11,DDoS
21,48726,7,44.1,49.21,BENIGN
3306,61123,48,159.3,51.49,BENIGN
21,702,96,1322.33,25.16,DDoS
53,53802,38,303.73,565.73,BENIGN
80,737,218,1000.05,37.8,DDoS
22,19,165,1252.96,52.0,DDoS
25,69897,57,712.03,650.34,BENIGN
25,57594,65,308.82,103.87,BENIGN
53,608,220,1395.7,34.84,DDoS
22,80,108,1200.08,48.21,DDoS
22,522,81,1312.01,22.0,DDoS
22,60901,53,684.02,453.06,BENIGN
22,22517,74,346.18,745.45,BENIGN
21,77284,29,146.18,592.43,BENIGN
22,51274,20,468.41,879.34,BENIGN
21,16863,63,189.54,909.49,BENIGN
22,3557,39,482.3,431.46,BENIGN
53,69646,65,328.07,494.37,BENIGN
22,70293,14,707.0,312.18,BENIGN
3306,24050,31,578.13,991.99,BENIGN
53,78,177,905.35,33.42,DDoS
25,14305,79,254.67,861.67,BENIGN
53,80201,69,398.02,315.79,BENIGN
53,25082,73,756.35,832.88,BENIGN
53,710,300,1069.15,8.71,DDoS
8080,17854,27,808.62,360.02,BENIGN
443,38321,71,137.41,557.37,BENIGN
80,377,258,1416.61,61.45,DDoS
53,65886,79,569.27,295.1,BENIGN
443,751,221,1249.84,55.52,DDoS
3306,829,141,1101.32,23.71,DDoS
8080,374,126,1364.48,73.49,DDoS
21,52165,8,386.91,612.17,BENIGN
22,33632,38,644.26,535.96,BENIGN
3306,736,237,1028.63,0.01,DDoS
3306,63050,47,316.3,662.83,BENIGN
3306,87468,39,674.95,495.16,BENIGN
443,30891,30,567.15,27.24,BENIGN
53,68821,52,531.11,139.81,BENIGN
80,55565,69,224.61,378.59,BENIGN
25,51414,51,206.48,123.98,BENIGN
3306,33968,7,360.27,972.98,BENIGN
25,5397,33,111.15,132.21,BENIGN
53,86616,43,163.15,80.64,BENIGN
8080,59837,77,556.05,285.32,BENIGN
53,9379,38,472.31,742.22,BENIGN
21,45491,63,640.58,883.63,BENIGN
8080,56131,5,452.4,477.45,BENIGN
443,16699,65,503.86,196.88,BENIGN
53,29,297,954.7,70.33,DDoS
22,167,115,706.99,51.14,DDoS
21,90407,14,424.42,871.88,BENIGN
443,38547,33,631.7,878.65,BENIGN
80,161,90,1175.41,5.12,DDoS
53,663,264,1101.05,57.15,DDoS
3306,25641,48,313.19,452.8,BENIGN
25,98714,41,263.55,996.96,BENIGN
53,79142,41,821.38,82.79,BENIGN
8080,95341,23,123.54,98.77,BENIGN
3306,77392,57,655.22,206.11,BENIGN
3306,49538,35,43.04,751.95,BENIGN
80,6618,36,209.59,406.8,BENIGN
3306,69489,37,112.95,750.17,BENIGN
80,42517,26,570.54,948.54,BENIGN
80,963,290,1486.48,44.99,DDoS
443,251,185,1245.05,51.55,DDoS
3306,42550,53,335.41,421.41,BENIGN
22,6913,71,48.1,931.88,BENIGN
25,213,106,1388.25,35.89,DDoS
25,42118,16,675.83,717.25,BENIGN
3306,35393,51,59.76,854.17,BENIGN
8080,731,251,1486.44,2.52,DDoS
53,67082,7,103.78,467.08,BENIGN
21,444,234,1020.55,14.26,DDoS
25,205,245,704.35,14.78,DDoS
8080,83032,51,373.74,409.69,BENIGN
8080,47967,27,638.64,771.69,BENIGN
3306,85979,18,811.92,781.29,BENIGN
8080,96393,65,492.18,664.32,BENIGN
443,95500,22,342.19,138.61,BENIGN
22,30876,80,487.34,509.41,BENIGN
25,52,226,1408.19,66.59,DDoS
21,64,181,1241.88,68.57,DDoS
22,56585,31,348.69,97.21,BENIGN
80,57482,19,882.3,549.9,BENIGN
80,5461,51,735.57,130.06,BENIGN
80,95537,29,121.31,948.98,BENIGN
22,85678,60,356.38,649.73,BENIGN
443,660,267,824.19,21.02,DDoS
80,450,229,1138.24,52.64,DDoS
3306,26148,32,121.94,670.74,BENIGN
25,81083,22,399.38,895.68,BENIGN
25,84,124,759.47,79.33,DDoS
25,16538,21,752.82,927.02,BENIGN
22,597,197,1464.54,8.86,DDoS
22,97559,39,471.57,979.87,BENIGN
22,316,291,1205.33,55.12,DDoS
25,47560,59,582.96,226.43,BENIGN
8080,355,116,822.2,71.67,DDoS
25,57911,42,44.48,770.22,BENIGN
25,37421,36,563.79,299.68,BENIGN
22,83244,36,437.12,103.07,BENIGN
80,45766,60,749.54,137.8,BENIGN
22,87639,23,832.64,655.04,BENIGN
21,43,231,1144.39,20.68,DDoS
53,418,109,1185.9,40.72,DDoS
8080,149,184,1158.93,71.37,DDoS
21,72916,67,436.05,980.62,BENIGN
8080,94003,50,200.14,841.63,BENIGN
443,40071,51,338.98,539.28,BENIGN
3306,82401,51,244.45,449.21,BENIGN
443,69404,12,240.11,750.37,BENIGN
443,181,185,1104.61,70.48,DDoS
443,911,227,1310.33,34.05,DDoS
80,46199,66,457.68,677.94,BENIGN
21,47685,32,124.43,48.11,BENIGN
80,212,182,1014.99,71.85,DDoS
25,318,111,1193.83,59.23,DDoS
22,67908,57,787.39,997.15,BENIGN
25,577,219,1051.08,66.9,DDoS
22,190,290,1050.91,44.22,DDoS
8080,83292,71,619.33,93.08,BENIGN
53,54429,11,732.72,145.51,BENIGN
80,513,251,1199.9,13.53,DDoS
80,20428,52,617.91,179.15,BENIGN
25,19387,40,546.61,827.18,BENIGN
8080,218,82,812.99,51.18,DDoS
8080,310,110,885.42,64.57,DDoS
80,29073,59,528.47,761.73,BENIGN
21,869,229,1433.71,60.87,DDoS
25,43236,15,895.31,719.58,BENIGN
21,261,157,1317.56,50.99,DDoS
80,87818,8,808.54,484.26,BENIGN
22,28963,1,373.56,378.06,BENIGN
53,13144,19,367.19,204.45,BENIGN
21,19,143,824.71,64.87,DDoS
25,641,269,1252.38,27.75,DDoS
80,806,198,755.8,70.11,DDoS
443,60160,36,126.08,450.0,BENIGN
443,85170,36,514.61,736.37,BENIGN
3306,832,81,794.27,20.32,DDoS
8080,26440,10,726.42,649.66,BENIGN
443,62555,9,133.54,404.39,BENIGN
8080,19244,58,868.3,674.12,BENIGN
25,45584,65,577.83,380.01,BENIGN
53,96114,21,658.93,296.96,BENIGN
25,60,265,1463.42,47.24,DDoS
25,302,243,1286.56,67.85,DDoS
3306,610,81,1176.45,52.09,DDoS
22,51691,52,188.41,376.56,BENIGN
80,35952,22,428.5,462.88,BENIGN
443,95918,9,200.85,473.03,BENIGN
3306,16326,26,840.72,397.74,BENIGN
443,29157,77,794.92,65.91,BENIGN
25,524,175,959.8,30.68,DDoS
80,3731,58,647.43,638.89,BENIGN
53,7054,65,844.53,244.6,BENIGN
21,15936,20,315.38,574.67,BENIGN
443,741,132,892.0,24.65,DDoS
22,52206,68,125.87,767.6,BENIGN
25,831,197,1357.55,37.85,DDoS
25,11873,73,657.19,274.9,BENIGN
443,19984,47,771.98,60.88,BENIGN
25,8891,5,559.23,100.34,BENIGN
8080,26907,61,451.23,342.4,BENIGN
53,74167,39,898.82,407.39,BENIGN
22,96767,24,649.61,745.27,BENIGN
22,76361,53,461.88,930.07,BENIGN
25,25350,78,503.4,371.42,BENIGN
25,677,108,938.48,56.33,DDoS
443,57925,21,120.31,900.22,BENIGN
22,69746,20,233.6,799.33,BENIGN
443,41835,9,669.12,24.03,BENIGN
25,15087,45,699.25,427.11,BENIGN
80,890,188,1043.43,79.17,DDoS
8080,377,254,997.28,27.2,DDoS
3306,453,178,991.66,27.17,DDoS
3306,7871,44,643.62,150.94,BENIGN
21,63672,40,517.34,21.43,BENIGN
80,493,290,1037.64,6.45,DDoS
3306,162,131,959.11,9.2,DDoS
53,86954,22,186.84,869.92,BENIGN
8080,71062,16,551.36,954.64,BENIGN
53,59145,59,136.54,94.23,BENIGN
8080,125,264,1059.25,38.58,DDoS
53,32197,46,349.7,235.52,BENIGN
25,361,231,811.4,28.07,DDoS
21,6779,29,473.31,618.48,BENIGN
25,74075,60,478.98,81.53,BENIGN
8080,253,251,1100.97,75.19,DDoS
22,70338,49,730.66,265.84,BENIGN
3306,32526,54,846.21,860.39,BENIGN
22,25700,73,316.07,575.22,BENIGN
21,20472,19,236.02,315.52,BENIGN
80,70863,9,438.39,154.53,BENIGN
80,25834,75,653.44,149.77,BENIGN
3306,24870,28,626.65,821.12,BENIGN
3306,79663,12,441.11,494.34,BENIGN
80,11829,27,670.03,948.48,BENIGN
80,802,189,1354.0,57.69,DDoS
80,413,183,729.49,73.01,DDoS
21,96301,45,267.76,157.88,BENIGN
22,655,290,1280.3,46.41,DDoS
8080,33296,5,835.15,819.68,BENIGN
443,58057,77,309.26,918.31,BENIGN
25,20614,27,60.0,907.49,BENIGN
22,7212,45,123.3,960.06,BENIGN
80,411,128,1434.81,35.03,DDoS
443,46455,77,200.71,535.14,BENIGN
25,64208,43,155.64,767.3,BENIGN
8080,83735,58,281.9,861.85,BENIGN
21,12201,46,888.43,267.55,BENIGN
80,66647,50,369.3,101.5,BENIGN
8080,81062,30,332.87,419.59,BENIGN
80,33264,69,420.26,559.77,BENIGN
21,306,168,1472.13,54.2,DDoS
53,882,94,732.3,26.33,DDoS
3306,291,82,1253.36,65.88,DDoS
3306,49604,66,524.58,305.16,BENIGN
3306,48732,11,525.29,719.98,BENIGN
22,68593,25,438.04,458.78,BENIGN
80,66547,34,453.42,900.55,BENIGN
25,94980,8,61.77,867.6,BENIGN
53,61820,49,571.75,591.06,BENIGN
8080,31399,38,601.41,140.94,BENIGN
21,41008,29,86.28,817.08,BENIGN
80,565,109,1281.59,2.5,DDoS
21,15414,72,385.47,900.16,BENIGN
22,947,174,1169.9,34.17,DDoS
22,91977,73,400.75,695.88,BENIGN
53,40374,66,576.27,995.94,BENIGN
53,994,237,931.43,66.23,DDoS
3306,795,141,1495.08,75.71,DDoS
3306,950,197,818.54,17.1,DDoS
21,32,210,849.65,44.46,DDoS
3306,32824,12,871.14,852.77,BENIGN
80,14821,42,708.67,310.2,BENIGN
443,97553,39,50.92,344.55,BENIGN
8080,91829,8,223.86,956.08,BENIGN
80,96173,51,581.51,279.54,BENIGN
21,92502,13,468.04,263.31,BENIGN
22,351,218,725.46,48.9,DDoS
8080,790,258,1405.51,37.74,DDoS
3306,542,101,753.06,7.9,DDoS
443,260,167,1259.38,36.12,DDoS
80,55048,34,711.22,446.04,BENIGN
443,11970,37,663.29,29.79,BENIGN
21,74632,46,224.26,902.05,BENIGN
8080,382,192,764.06,37.35,DDoS
21,32044,53,330.91,236.61,BENIGN
25,970,138,855.87,47.98,DDoS
53,45920,6,581.21,148.48,BENIGN
53,57082,51,353.69,549.05,BENIGN
53,53758,37,782.89,120.66,BENIGN
53,20371,33,227.25,757.66,BENIGN
3306,67421,41,411.8,683.63,BENIGN
443,93581,25,152.52,190.36,BENIGN
25,10337,6,506.27,268.16,BENIGN
8080,74401,75,845.83,975.72,BENIGN
443,865,170,1184.85,66.39,DDoS
53,77505,20,689.08,92.59,BENIGN
3306,315,212,920.83,36.9,DDoS
21,9740,60,779.69,98.31,BENIGN
80,520,240,1121.28,51.82,DDoS
21,54023,13,516.04,324.45,BENIGN
22,296,254,1241.22,63.6,DDoS
22,851,182,1108.19,6.42,DDoS
80,73309,27,504.17,887.85,BENIGN
80,6016,35,632.06,552.53,BENIGN
53,15986,61,345.63,370.39,BENIGN
3306,630,174,921.44,1.09,DDoS
53,26721,14,588.31,305.5,BENIGN
3306,16473,15,85.91,977.52,BENIGN
443,303,155,1023.54,43.31,DDoS
443,30511,22,405.84,463.49,BENIGN
22,177,217,1314.37,41.09,DDoS
53,499,300,753.57,26.22,DDoS
80,15491,49,600.95,612.78,BENIGN
3306,416,161,781.61,73.12,DDoS
25,41048,58,216.79,611.65,BENIGN
80,53396,18,128.93,150.38,BENIGN
22,99374,70,114.18,860.42,BENIGN
8080,41584,48,426.43,116.76,BENIGN
53,53262,12,775.78,867.37,BENIGN
80,58639,77,471.75,189.31,BENIGN
22,5352,60,784.87,163.81,BENIGN
80,366,131,902.01,13.92,DDoS
53,57193,30,282.71,623.86,BENIGN
80,65119,3,755.1,528.17,BENIGN
443,78143,39,589.39,183.71,BENIGN
22,17023,41,316.65,562.09,BENIGN
443,363,141,1314.39,45.45,DDoS
22,49,121,1346.83,16.58,DDoS
25,80158,53,302.18,791.38,BENIGN
443,179,81,1278.09,57.55,DDoS
53,30743,58,899.69,880.26,BENIGN
80,29691,47,282.6,26.57,BENIGN
22,125,238,1017.78,20.54,DDoS
80,10838,41,623.44,42.25,BENIGN
22,69678,47,650.04,529.0,BENIGN
21,15580,27,816.0,694.95,BENIGN
80,40853,32,694.38,606.54,BENIGN
22,6088,25,151.57,760.5,BENIGN
80,640,132,1107.56,37.71,DDoS
443,24708,74,843.69,401.74,BENIGN
3306,27592,47,540.8,168.78,BENIGN
443,847,126,1432.13,15.21,DDoS
53,82595,62,598.47,348.0,BENIGN
3306,38272,63,684.54,643.76,BENIGN
21,80321,57,280.94,402.81,BENIGN
53,33662,59,704.73,409.26,BENIGN
80,12980,64,568.14,319.68,BENIGN
22,791,133,1095.55,71.39,DDoS
80,459,255,1335.01,47.61,DDoS
22,15123,19,828.32,511.5,BENIGN
22,42239,12,723.67,817.51,BENIGN
53,49421,54,249.39,315.87,BENIGN
53,16689,55,828.07,593.29,BENIGN
25,77600,26,539.69,795.67,BENIGN
80,52791,70,610.13,170.4,BENIGN
80,3199,62,378.43,345.69,BENIGN
3306,24500,14,280.64,196.85,BENIGN
21,22496,46,95.37,303.1,BENIGN
25,45340,49,896.75,685.02,BENIGN
22,880,131,899.65,6.81,DDoS
22,27386,31,723.46,191.14,BENIGN
21,50810,50,64.28,616.31,BENIGN
25,32903,18,780.01,561.42,BENIGN
80,677,109,954.24,28.03,DDoS
25,363,246,1477.72,1.54,DDoS
3306,40,141,1224.68,9.1,DDoS
3306,42800,33,282.9,608.67,BENIGN
3306,78791,5,633.08,354.51,BENIGN
53,59,157,897.04,42.03,DDoS
21,12648,20,96.99,923.97,BENIGN
3306,55635,38,277.85,730.43,BENIGN
25,20604,7,43.01,991.93,BENIGN
80,88098,66,78.18,368.63,BENIGN
21,21047,65,328.64,228.94,BENIGN
22,89277,17,163.68,868.62,BENIGN
25,28568,69,375.67,409.35,BENIGN
80,10945,5,442.74,324.39,BENIGN
80,81655,70,758.7,273.78,BENIGN
443,48128,61,568.93,370.87,BENIGN
443,75584,42,804.2,480.92,BENIGN
25,867,212,1491.25,48.5,DDoS
80,21406,49,635.29,669.66,BENIGN
3306,42012,36,234.12,515.68,BENIGN
80,331,131,1376.68,21.0,DDoS
8080,664,297,1103.9,14.95,DDoS
443,47013,2,707.34,542.24,BENIGN
80,7163,22,737.8,627.9,BENIGN
25,59560,54,344.47,549.8,BENIGN
80,84970,59,683.83,509.8,BENIGN
3306,58950,39,161.68,934.35,BENIGN
8080,69478,68,413.92,123.91,BENIGN
22,4,225,1325.65,50.12,DDoS
53,70956,31,463.87,57.39,BENIGN
25,991,128,1279.27,34.3,DDoS
25,651,231,1445.42,27.37,DDoS
21,33788,12,263.26,473.55,BENIGN
21,77227,36,706.87,127.18,BENIGN
53,67810,73,162.49,554.66,BENIGN
8080,97714,5,854.08,191.4,BENIGN
21,96922,77,738.38,70.52,BENIGN
80,52424,58,763.51,532.67,BENIGN
80,30748,80,210.35,615.53,BENIGN
25,95924,54,846.13,969.15,BENIGN
443,23853,19,206.58,241.64,BENIGN
53,38,133,1209.95,37.34,DDoS
80,96203,47,728.73,486.88,BENIGN
3306,863,189,732.48,70.75,DDoS
53,81658,67,75.12,563.04,BENIGN
443,409,86,1472.9,24.59,DDoS
80,17291,72,597.69,594.26,BENIGN
3306,866,166,741.98,18.44,DDoS
443,48476,49,510.0,214.49,BENIGN
21,60050,13,737.01,135.95,BENIGN
443,26391,76,343.76,709.98,BENIGN
53,65540,34,369.54,115.48,BENIGN
53,445,212,1102.84,69.31,DDoS
22,59221,12,341.22,791.83,BENIGN
21,3801,52,560.36,997.27,BENIGN
25,124,108,814.52,27.05,DDoS
8080,76165,43,462.8,171.42,BENIGN
21,80038,25,899.8,467.35,BENIGN
22,9735,26,107.12,551.31,BENIGN
3306,7124,40,879.63,593.18,BENIGN
8080,39862,80,299.69,460.47,BENIGN
53,31368,13,407.28,949.05,BENIGN
21,61264,6,743.54,440.05,BENIGN
3306,561,91,1469.11,38.04,DDoS
3306,597,244,1421.38,67.85,DDoS
80,48453,37,686.4,680.11,BENIGN
21,802,101,960.37,3.63,DDoS
3306,248,202,1071.58,29.97,DDoS
53,94743,73,96.02,318.54,BENIGN
3306,69868,45,106.64,845.83,BENIGN
22,78183,3,668.16,851.37,BENIGN
21,88323,30,599.12,990.76,BENIGN
80,94520,21,353.31,341.2,BENIGN
21,93410,5,610.33,77.25,BENIGN
22,83804,47,227.07,158.81,BENIGN
8080,58502,53,470.57,927.98,BENIGN
22,28489,42,120.35,408.92,BENIGN
22,69359,55,377.68,921.88,BENIGN
25,525,216,1432.93,32.79,DDoS
3306,60147,14,558.7,959.29,BENIGN
443,95664,25,199.28,614.74,BENIGN
53,969,263,1029.41,66.77,DDoS
53,22187,62,623.42,870.25,BENIGN
53,220,297,833.97,45.84,DDoS
80,61433,44,619.5,443.7,BENIGN
443,583,170,957.82,37.71,DDoS
21,453,178,1257.9,33.05,DDoS
80,14530,54,563.05,867.15,BENIGN
22,742,95,1177.56,11.46,DDoS
8080,7123,1,304.68,414.14,BENIGN
80,69433,74,237.08,695.06,BENIGN
53,22329,22,426.03,646.92,BENIGN
53,414,103,1046.21,45.69,DDoS
21,227,126,1197.83,4.89,DDoS
21,52412,4,65.04,109.13,BENIGN
8080,16426,51,414.91,484.71,BENIGN
3306,43647,66,745.68,66.34,BENIGN
22,58154,54,602.71,885.34,BENIGN
3306,50070,3,733.86,723.88,BENIGN
3306,64015,31,502.3,780.41,BENIGN
443,59532,12,871.66,370.9,BENIGN
443,836,148,1298.01,47.17,DDoS
80,75821,3,580.73,876.19,BENIGN
80,38164,6,88.58,283.04,BENIGN
443,892,221,790.87,74.28,DDoS
22,46016,8,516.71,234.01,BENIGN
80,7394,51,309.71,435.03,BENIGN
53,28637,29,883.8,854.6,BENIGN
80,54138,26,502.55,487.3,BENIGN
3306,82844,64,173.84,50.92,BENIGN
21,246,252,1211.12,44.79,DDoS
21,21335,67,168.67,601.32,BENIGN
443,53935,31,803.97,550.11,BENIGN
25,3498,41,153.85,410.23,BENIGN
22,910,164,911.78,41.38,DDoS
3306,53851,74,121.36,786.77,BENIGN
8080,41401,19,319.03,792.2,BENIGN
53,91566,67,853.21,806.69,BENIGN
22,27180,72,808.46,413.12,BENIGN
25,49935,72,162.5,47.85,BENIGN
443,364,210,1254.14,44.99,DDoS
3306,53652,7,325.14,381.71,BENIGN
25,96298,66,177.59,813.33,BENIGN
8080,75685,46,54.19,476.02,BENIGN
53,467,208,1323.62,29.77,DDoS
53,75910,6,359.79,995.79,BENIGN
8080,86165,67,827.59,961.35,BENIGN
53,81904,43,820.66,298.28,BENIGN
25,22160,49,543.87,107.38,BENIGN
53,26378,70,51.59,64.8,BENIGN
22,30221,41,54.59,183.01,BENIGN
8080,92438,27,580.92,668.01,BENIGN
22,45545,16,98.72,76.72,BENIGN
8080,828,299,1380.64,15.65,DDoS
8080,53620,31,481.21,360.51,BENIGN
8080,32497,12,740.42,611.73,BENIGN
8080,47490,55,603.3,744.43,BENIGN
53,485,280,1430.58,36.29,DDoS
3306,568,97,1418.22,19.12,DDoS
22,320,113,702.2,13.6,DDoS
22,96895,78,430.68,793.82,BENIGN
21,88846,67,255.9,45.87,BENIGN
80,50258,6,583.34,210.3,BENIGN
3306,77110,72,568.7,778.11,BENIGN
443,91770,40,318.68,703.27,BENIGN
53,853,215,838.64,70.95,DDoS
3306,40676,49,663.67,898.94,BENIGN
8080,30412,1,114.04,917.4,BENIGN
21,89425,33,63.07,931.12,BENIGN
25,94005,46,116.79,185.73,BENIGN
3306,51310,24,510.94,328.85,BENIGN
22,788,91,841.86,7.19,DDoS
80,40886,58,392.74,844.02,BENIGN
22,80750,8,113.08,224.7,BENIGN
21,98491,36,89.59,696.03,BENIGN
443,7665,26,577.72,622.07,BENIGN
8080,342,233,744.14,32.49,DDoS
25,19284,17,224.28,639.98,BENIGN
80,30363,29,393.37,588.01,BENIGN
443,398,186,1303.32,10.46,DDoS
443,15351,69,197.66,320.91,BENIGN
22,95859,20,512.89,881.12,BENIGN
8080,330,196,1221.34,23.31,DDoS
3306,77048,31,358.99,241.9,BENIGN
80,728,130,832.44,34.89,DDoS
25,79606,55,772.62,709.5,BENIGN
22,3,105,1346.68,22.71,DDoS
80,315,223,1403.23,33.35,DDoS
80,56873,29,433.11,408.62,BENIGN
21,261,258,1389.15,47.46,DDoS
22,60524,80,234.36,21.64,BENIGN
443,62,165,1274.06,36.77,DDoS
21,30508,73,802.3,714.92,BENIGN
8080,99819,50,522.41,762.47,BENIGN
21,460,164,1115.41,58.46,DDoS
443,69680,63,324.27,691.91,BENIGN
3306,771,161,1088.43,56.84,DDoS
21,45001,72,337.12,466.13,BENIGN
22,2755,45,829.64,756.06,BENIGN
80,16059,47,610.83,141.67,BENIGN
21,926,105,835.72,79.0,DDoS
8080,7609,27,253.14,842.4,BENIGN
21,96917,61,799.75,311.32,BENIGN
3306,63043,31,677.46,614.58,BENIGN
80,7272,25,709.05,50.83,BENIGN
22,10932,61,729.5,477.25,BENIGN
53,807,119,1472.3,62.57,DDoS
21,129,151,1374.56,9.46,DDoS
80,99509,63,187.36,835.58,BENIGN
8080,45527,25,695.54,341.99,BENIGN
22,39761,68,194.82,159.78,BENIGN
22,34866,68,256.18,244.11,BENIGN
22,53755,19,851.37,940.31,BENIGN
80,1611,3,748.11,951.27,BENIGN
22,571,201,1346.79,32.57,DDoS
443,83314,40,439.46,948.86,BENIGN
53,63,251,1019.88,53.65,DDoS
8080,87467,29,281.52,26.87,BENIGN
21,95230,46,897.22,956.37,BENIGN
8080,8311,14,266.41,350.33,BENIGN
25,680,272,1221.28,17.47,DDoS
80,23855,18,760.28,600.17,BENIGN
25,452,142,1083.61,52.76,DDoS
8080,49364,5,693.24,889.7,BENIGN
3306,25256,23,810.54,32.07,BENIGN
3306,79936,77,849.5,348.18,BENIGN
22,68671,6,836.67,195.34,BENIGN
443,95473,24,585.28,147.67,BENIGN
53,10340,30,188.01,416.06,BENIGN
443,96096,14,378.44,428.83,BENIGN
53,58983,74,596.01,256.99,BENIGN
443,816,285,1242.13,75.26,DDoS
25,73718,55,122.67,722.75,BENIGN
8080,68319,47,57.62,72.66,BENIGN
25,56826,74,186.38,52.1,BENIGN
80,61675,21,812.74,469.92,BENIGN
80,82903,2,742.74,517.69,BENIGN
53,45793,73,288.31,213.73,BENIGN
3306,40942,56,532.78,200.56,BENIGN
22,784,150,788.4,21.16,DDoS
53,45030,46,291.34,367.65,BENIGN
53,74659,79,724.98,109.75,BENIGN
53,18064,32,301.32,194.49,BENIGN
25,78215,47,434.06,436.4,BENIGN
25,321,234,1156.16,17.63,DDoS
3306,394,221,1171.47,32.17,DDoS
443,29356,53,111.48,242.08,BENIGN
3306,45179,33,87.44,949.94,BENIGN
25,99394,39,656.46,623.99,BENIGN
22,18,154,858.37,6.51,DDoS
80,13114,19,703.9,796.03,BENIGN
80,5641,15,447.12,784.16,BENIGN
53,43637,55,396.08,993.3,BENIGN
25,917,281,1484.12,12.16,DDoS
80,389,151,1209.72,60.69,DDoS
80,52508,67,697.23,555.71,BENIGN
3306,91826,77,788.15,762.7,BENIGN
21,654,230,1395.6,78.94,DDoS
25,79104,46,484.14,183.53,BENIGN
53,40049,61,891.73,110.73,BENIGN
53,647,291,1365.91,37.96,DDoS
80,72558,7,433.83,599.53,BENIGN
22,328,174,854.68,43.71,DDoS
3306,922,181,769.03,44.32,DDoS
3306,283,111,877.42,69.64,DDoS
3306,27800,41,507.43,821.03,BENIGN
53,10630,19,571.17,622.3,BENIGN
80,31690,73,552.01,557.49,BENIGN
80,48587,22,126.88,993.56,BENIGN
25,39862,15,566.28,167.48,BENIGN
443,42125,26,723.61,632.54,BENIGN
443,609,283,1129.36,35.92,DDoS
8080,74201,17,845.89,457.07,BENIGN
3306,24478,27,189.15,129.61,BENIGN
25,872,88,860.69,55.27,DDoS
21,99248,21,336.08,712.34,BENIGN
443,691,102,735.47,48.11,DDoS
80,895,173,865.46,72.31,DDoS
3306,692,248,795.93,38.33,DDoS
53,72403,67,223.93,148.41,BENIGN
22,65033,38,401.43,188.54,BENIGN
80,464,132,758.21,49.8,DDoS
8080,723,199,1017.48,41.18,DDoS
3306,65893,47,833.13,393.71,BENIGN
25,405,140,1287.68,75.92,DDoS
22,894,285,1380.98,77.15,DDoS
53,97438,36,66.3,535.74,BENIGN
443,9,222,1249.11,33.26,DDoS
3306,15840,43,758.34,383.06,BENIGN
8080,10913,31,318.23,735.5,BENIGN
80,472,181,1031.46,47.51,DDoS
3306,67583,33,154.29,883.2,BENIGN
21,89546,50,707.46,641.73,BENIGN
21,613,181,1343.29,14.58,DDoS
25,397,299,765.67,41.66,DDoS
8080,63541,4,491.31,137.67,BENIGN
22,40717,26,734.77,160.26,BENIGN
21,28762,13,171.92,513.12,BENIGN
443,70104,20,114.76,663.42,BENIGN
53,50,291,709.03,48.38,DDoS
25,689,252,1130.98,63.68,DDoS
80,80987,77,356.84,937.28,BENIGN
80,14026,1,244.24,382.04,BENIGN
21,70007,34,452.86,600.87,BENIGN
22,79704,62,147.03,940.39,BENIGN
80,638,206,928.05,56.25,DDoS
8080,37,122,1155.23,15.52,DDoS
80,25473,28,537.61,714.7,BENIGN
21,75418,55,438.88,915.54,BENIGN
80,53775,3,51.11,590.53,BENIGN
53,12647,47,541.16,660.91,BENIGN
80,329,212,1048.03,79.84,DDoS
443,86556,79,316.75,255.88,BENIGN
22,84346,65,604.18,354.7,BENIGN
21,70878,52,537.07,131.07,BENIGN
3306,44193,69,193.42,196.79,BENIGN
22,362,239,797.89,31.87,DDoS
8080,502,83,1441.35,60.99,DDoS
21,92203,71,186.74,786.15,BENIGN
21,465,220,855.37,0.74,DDoS
22,80077,31,213.96,807.25,BENIGN
8080,75109,6,858.84,470.53,BENIGN
3306,85611,62,100.39,153.82,BENIGN
3306,21083,49,791.68,752.62,BENIGN
443,51616,48,435.89,296.11,BENIGN
80,20165,65,591.01,833.37,BENIGN
53,704,267,781.2,6.6,DDoS
53,25964,60,80.91,900.46,BENIGN
443,79426,15,354.11,186.0,BENIGN
443,91418,27,414.52,689.41,BENIGN
53,97424,34,219.54,990.86,BENIGN
8080,438,245,1133.58,20.27,DDoS
80,413,275,1264.51,78.06,DDoS
3306,11023,44,753.05,265.36,BENIGN
443,315,238,1377.41,54.4,DDoS
53,39573,27,830.93,800.68,BENIGN
25,47587,72,69.99,862.74,BENIGN
53,64968,64,113.83,171.99,BENIGN
80,664,205,943.39,56.32,DDoS
443,8288,44,412.54,710.89,BENIGN
443,59078,14,383.12,281.3,BENIGN
443,97,261,843.02,60.94,DDoS
25,29148,67,594.95,103.05,BENIGN
80,87232,24,880.54,160.14,BENIGN
22,88160,14,144.21,583.07,BENIGN
8080,751,261,1182.55,56.82,DDoS
53,8213,75,88.2,240.9,BENIGN
80,97705,4,428.86,691.38,BENIGN
443,18410,14,485.89,462.29,BENIGN
8080,39248,23,451.43,192.19,BENIGN
21,43556,44,430.05,703.47,BENIGN
80,782,154,1310.24,57.64,DDoS
3306,571,117,722.41,35.24,DDoS
25,44546,32,155.22,56.61,BENIGN
22,40198,16,822.75,613.79,BENIGN
443,26070,29,527.02,668.57,BENIGN
80,22301,16,813.88,372.85,BENIGN
8080,582,201,937.84,37.67,DDoS
3306,38073,26,566.19,229.15,BENIGN
443,38711,47,329.79,607.71,BENIGN
80,69960,30,299.05,361.65,BENIGN
443,668,239,1488.6,67.93,DDoS
80,80523,44,187.86,224.91,BENIGN
53,59053,35,192.1,336.06,BENIGN
3306,32623,44,61.96,999.85,BENIGN
22,90216,44,323.56,847.7,BENIGN
25,35491,58,394.36,340.33,BENIGN
3306,569,133,1247.34,70.22,DDoS
21,491,286,1212.57,33.78,DDoS
21,30684,34,230.16,235.19,BENIGN
3306,69749,73,452.7,662.83,BENIGN
21,435,293,1148.09,61.46,DDoS
21,621,81,1191.61,78.41,DDoS
53,81270,70,45.39,109.68,BENIGN
3306,93403,47,216.24,83.09,BENIGN
443,15191,64,714.27,654.99,BENIGN
21,80060,51,307.06,391.62,BENIGN
21,80204,19,104.26,325.71,BENIGN
8080,59207,8,860.94,926.61,BENIGN
80,76461,77,613.26,997.83,BENIGN
3306,37104,27,773.32,624.57,BENIGN
8080,820,283,1112.86,62.2,DDoS
53,47041,9,892.31,135.06,BENIGN
8080,38026,4,116.22,615.17,BENIGN
22,34417,25,452.64,187.31,BENIGN
80,46964,22,475.69,252.65,BENIGN
22,27507,8,81.18,787.37,BENIGN
25,35435,16,469.13,991.66,BENIGN
443,33854,62,435.62,48.3,BENIGN
53,92483,7,104.38,568.96,BENIGN
25,7836,38,423.64,961.91,BENIGN
22,17767,3,637.64,854.37,BENIGN
53,56939,27,832.01,260.45,BENIGN
443,937,212,922.96,34.91,DDoS
80,50974,77,727.78,254.55,BENIGN
53,106,220,876.5,25.39,DDoS
22,71764,36,138.27,450.77,BENIGN
3306,763,129,1149.19,75.62,DDoS
443,68867,1,649.67,829.93,BENIGN
3306,29267,61,453.3,673.25,BENIGN
80,4833,23,141.14,824.98,BENIGN
8080,563,87,1167.14,65.01,DDoS
53,51953,21,408.1,757.17,BENIGN
80,38317,19,508.5,32.21,BENIGN
8080,30466,56,445.71,799.19,BENIGN
3306,327,133,1361.1,37.99,DDoS
8080,24287,14,690.02,309.77,BENIGN
80,813,247,1361.09,55.38,DDoS
22,4194,30,649.4,121.32,BENIGN
53,475,146,1095.33,52.87,DDoS
8080,648,266,1015.11,3.15,DDoS
443,49792,33,256.29,842.13,BENIGN
25,80493,60,817.81,411.6,BENIGN
25,83811,38,248.01,895.53,BENIGN
53,47938,7,187.29,776.12,BENIGN
8080,90,219,1212.9,6.61,DDoS
22,68441,9,602.01,280.19,BENIGN
22,12479,14,272.53,23.55,BENIGN
8080,62026,68,176.9,588.92,BENIGN
443,709,295,1333.26,64.96,DDoS
25,54169,41,637.52,856.53,BENIGN
21,69702,21,430.92,154.16,BENIGN
80,25895,76,588.44,707.52,BENIGN
443,10180,53,517.8,94.35,BENIGN
25,34310,5,790.83,742.07,BENIGN
53,743,123,731.33,19.85,DDoS
8080,52500,17,72.48,692.39,BENIGN
21,76546,37,759.12,966.84,BENIGN
443,969,233,1449.45,64.81,DDoS
21,774,203,1405.49,55.92,DDoS
80,93662,61,96.32,505.27,BENIGN
53,12262,46,387.4,49.38,BENIGN
21,912,289,1295.96,32.35,DDoS
21,46917,59,384.68,86.35,BENIGN
8080,21797,4,412.36,137.88,BENIGN
3306,604,289,1036.91,15.58,DDoS
22,89736,37,233.49,788.33,BENIGN
443,3704,17,684.15,244.03,BENIGN
80,37772,61,660.65,671.18,BENIGN
53,198,281,1114.58,43.4,DDoS
22,75262,28,423.08,573.53,BENIGN
443,74098,63,378.2,182.98,BENIGN
443,877,92,1119.75,59.41,DDoS
21,35393,6,755.22,826.42,BENIGN
3306,75616,35,508.69,791.24,BENIGN
443,34423,65,286.9,255.8,BENIGN
25,63321,12,259.1,990.05,BENIGN
3306,90327,32,238.68,504.66,BENIGN
22,9667,18,677.68,355.26,BENIGN
3306,51505,13,651.72,951.4,BENIGN
8080,52221,15,261.7,181.35,BENIGN
3306,85503,8,815.39,244.84,BENIGN
53,95619,2,218.62,725.9,BENIGN
22,604,183,1336.69,73.08,DDoS
21,30266,34,149.1,537.65,BENIGN
443,67827,40,793.76,825.0,BENIGN
53,77704,65,643.54,660.96,BENIGN
80,897,205,800.68,52.79,DDoS
443,55255,37,888.11,525.58,BENIGN
22,30629,63,235.44,951.61,BENIGN
53,367,133,1488.08,18.49,DDoS
3306,42366,37,45.41,704.83,BENIGN
3306,44154,54,75.78,290.58,BENIGN
443,83926,10,237.66,300.92,BENIGN
21,12664,80,884.36,834.42,BENIGN
8080,49207,26,494.64,244.32,BENIGN
25,351,243,745.15,72.88,DDoS
8080,54560,11,784.69,567.81,BENIGN
443,78132,28,576.75,218.84,BENIGN
25,11493,30,686.48,313.05,BENIGN
8080,87727,77,222.48,838.1,BENIGN
22,47345,80,265.27,448.64,BENIGN
8080,24933,55,661.76,892.31,BENIGN
22,28651,71,615.91,492.44,BENIGN
3306,1943,19,49.63,133.55,BENIGN
22,7829,15,616.55,858.83,BENIGN
3306,39871,56,233.47,200.53,BENIGN
22,86865,29,808.98,992.43,BENIGN
80,85749,51,726.51,596.37,BENIGN
443,19386,35,626.2,617.83,BENIGN
443,69482,78,846.77,792.12,BENIGN
80,597,97,895.97,10.35,DDoS
443,14557,20,776.06,726.44,BENIGN
25,91363,22,800.52,475.36,BENIGN
22,709,247,1456.03,8.27,DDoS
8080,10613,25,779.87,376.32,BENIGN
8080,32685,4,229.37,415.3,BENIGN
8080,48480,4,694.72,195.69,BENIGN
3306,35,158,781.75,65.63,DDoS
21,43,223,1042.42,63.03,DDoS
80,39773,42,145.93,945.36,BENIGN
3306,36072,77,886.48,990.62,BENIGN
21,89685,29,455.01,396.18,BENIGN
53,373,279,1153.95,22.87,DDoS
25,856,230,1240.38,65.8,DDoS
443,678,262,1403.27,16.66,DDoS
443,49967,63,664.69,119.01,BENIGN
443,23965,55,518.42,499.94,BENIGN
25,107,98,730.52,36.11,DDoS
443,76514,23,698.44,913.27,BENIGN
80,276,298,890.97,63.09,DDoS
53,83805,63,736.55,456.95,BENIGN
21,29452,15,799.26,380.93,BENIGN
80,206,266,1438.46,53.59,DDoS
80,25366,36,473.13,613.63,BENIGN
22,87597,45,817.66,211.67,BENIGN
3306,19706,30,198.0,972.72,BENIGN
443,52925,68,854.18,185.95,BENIGN
443,77543,57,323.23,228.41,BENIGN
21,34,229,1456.58,76.92,DDoS
53,32896,47,745.87,225.83,BENIGN
8080,911,299,1026.05,7.18,DDoS
443,51355,20,218.08,926.27,BENIGN
80,511,210,1418.24,66.37,DDoS
443,6661,2,521.47,475.27,BENIGN
53,34718,18,537.55,590.9,BENIGN
3306,206,265,1341.17,45.72,DDoS
25,30355,77,781.31,790.72,BENIGN
53,656,165,793.9,13.4,DDoS
22,32534,12,791.12,804.79,BENIGN
80,89,204,758.32,68.84,DDoS
443,6818,53,317.07,746.57,BENIGN
21,45624,71,74.63,787.67,BENIGN
443,56495,37,677.19,191.89,BENIGN
8080,959,168,1167.41,78.47,DDoS
53,54869,8,584.37,121.48,BENIGN
53,604,230,991.23,37.21,DDoS
80,5716,10,402.65,569.61,BENIGN
25,27831,78,331.42,412.84,BENIGN
22,71937,13,710.22,967.19,BENIGN
25,72070,35,870.87,69.39,BENIGN
25,19908,58,306.4,368.99,BENIGN
3306,394,121,1029.35,44.94,DDoS
21,553,199,1014.05,10.51,DDoS
53,10827,11,621.51,167.4,BENIGN
8080,78226,2,612.88,117.6,BENIGN
80,20259,41,227.6,800.32,BENIGN
21,3104,45,543.42,597.86,BENIGN
25,910,87,1174.65,61.24,DDoS
8080,8265,49,278.04,550.54,BENIGN
22,89356,64,560.71,112.72,BENIGN
22,49794,63,484.7,419.94,BENIGN
22,22082,74,286.18,92.82,BENIGN
3306,70326,55,369.34,646.93,BENIGN
80,75089,40,781.31,854.5,BENIGN
443,57634,66,669.64,820.18,BENIGN
8080,41,260,1190.56,56.69,DDoS
25,23093,69,376.85,446.9,BENIGN
21,47212,30,846.47,29.08,BENIGN
80,226,282,798.42,45.64,DDoS
443,50866,39,662.78,286.72,BENIGN
22,43846,71,748.61,312.47,BENIGN
25,98018,8,726.34,559.22,BENIGN
8080,13,150,889.33,64.86,DDoS
443,87234,17,321.8,859.54,BENIGN
443,13921,2,648.07,480.29,BENIGN
8080,886,140,1314.72,40.84,DDoS
3306,813,258,1361.5,4.84,DDoS
443,31337,46,579.52,233.16,BENIGN
443,843,113,1036.37,8.97,DDoS
25,628,164,1026.82,68.75,DDoS
8080,84116,60,407.68,778.97,BENIGN
53,48,106,879.9,26.35,DDoS
53,147,226,1106.58,73.51,DDoS
3306,13687,76,601.94,863.51,BENIGN
8080,34488,48,845.34,451.65,BENIGN
22,57514,17,860.61,451.28,BENIGN
53,59617,74,78.75,677.27,BENIGN
443,28687,25,140.02,594.78,BENIGN
3306,158,142,1349.32,19.32,DDoS
22,54649,74,774.85,355.89,BENIGN
443,41630,35,675.49,158.36,BENIGN
21,413,143,1175.9,14.47,DDoS
3306,825,241,1219.58,15.28,DDoS
3306,21,133,1436.9,0.24,DDoS
25,29417,51,591.09,878.38,BENIGN
22,201,120,1067.74,21.27,DDoS
8080,6152,16,819.82,956.9,BENIGN
443,767,208,1127.05,55.69,DDoS
25,81248,5,888.3,85.66,BENIGN
25,33528,47,428.73,32.66,BENIGN
443,18439,20,408.72,978.25,BENIGN
80,4406,10,558.1,929.7,BENIGN
80,639,299,814.26,41.05,DDoS
53,5844,6,849.89,341.77,BENIGN
3306,81408,12,470.7,820.15,BENIGN
21,50566,24,398.01,231.0,BENIGN
3306,814,215,845.19,1.12,DDoS
443,50786,23,121.98,255.34,BENIGN
53,465,97,1352.61,22.94,DDoS
3306,17812,43,250.12,290.58,BENIGN
3306,340,297,817.78,4.54,DDoS
53,411,212,714.59,19.84,DDoS
25,775,177,1275.66,28.31,DDoS
25,176,263,891.49,73.01,DDoS
8080,14671,61,500.62,655.21,BENIGN
443,268,297,862.84,79.3,DDoS
53,18853,69,888.04,128.2,BENIGN
3306,38309,17,341.45,166.13,BENIGN
21,675,279,1120.73,15.26,DDoS
25,62657,13,311.22,342.7,BENIGN
80,901,110,1118.71,61.47,DDoS
8080,57319,61,632.74,744.77,BENIGN
53,286,85,1160.45,18.09,DDoS
8080,18458,64,777.02,416.6,BENIGN
443,675,131,1158.38,36.78,DDoS
3306,65119,17,690.03,456.62,BENIGN
443,24987,42,873.65,172.13,BENIGN
25,803,213,756.65,47.54,DDoS
22,47701,61,801.04,807.53,BENIGN
22,65314,2,77.73,168.33,BENIGN
53,200,216,1335.67,59.85,DDoS
53,56789,26,601.93,439.06,BENIGN
22,89797,67,710.56,495.28,BENIGN
22,86861,50,179.33,223.24,BENIGN
8080,900,248,1316.9,43.03,DDoS
80,53790,34,426.48,351.06,BENIGN
8080,698,171,1370.21,36.84,DDoS
21,3662,58,547.59,703.11,BENIGN
8080,25408,65,553.49,587.67,BENIGN
8080,84963,42,74.58,372.62,BENIGN
80,52882,27,252.09,78.89,BENIGN
25,81908,15,64.79,152.63,BENIGN
8080,64736,79,894.96,490.07,BENIGN
53,16705,52,167.76,570.77,BENIGN
80,922,261,1405.99,29.31,DDoS
25,12429,34,707.73,188.36,BENIGN
22,97164,55,264.9,409.91,BENIGN
8080,567,232,900.22,19.79,DDoS
21,740,266,1338.88,18.08,DDoS
21,60554,15,360.19,767.09,BENIGN
25,2,246,982.05,69.05,DDoS
22,41007,45,236.16,312.33,BENIGN
22,32349,41,887.27,447.31,BENIGN
25,20267,55,722.9,202.65,BENIGN
3306,23355,51,715.75,547.21,BENIGN
3306,20340,43,377.73,63.67,BENIGN
8080,453,289,1336.24,65.33,DDoS
21,361,230,1101.74,40.9,DDoS
443,613,233,1015.96,5.11,DDoS
21,36015,31,151.67,25.55,BENIGN
53,33777,37,672.49,600.49,BENIGN
25,97152,35,528.04,570.44,BENIGN
8080,8499,52,871.74,676.31,BENIGN
21,39446,56,759.43,281.36,BENIGN
21,85252,46,729.93,602.95,BENIGN
8080,610,272,1463.66,74.27,DDoS
443,6550,56,111.41,356.98,BENIGN
21,226,139,1465.64,30.87,DDoS
53,73227,68,732.35,97.26,BENIGN
25,76061,10,56.55,798.58,BENIGN
21,68025,18,300.0,507.12,BENIGN
8080,190,292,1336.0,14.47,DDoS
53,80931,47,188.42,682.63,BENIGN
8080,29807,1,336.82,958.45,BENIGN
25,12,208,1092.18,14.72,DDoS
21,53500,51,173.61,248.37,BENIGN
3306,16134,43,485.4,931.84,BENIGN
8080,7162,61,118.47,204.29,BENIGN
8080,79639,60,313.35,872.86,BENIGN
8080,60503,75,370.23,589.74,BENIGN
443,766,197,742.94,37.94,DDoS
21,5928,80,228.59,882.79,BENIGN
53,40831,19,68.16,105.38,BENIGN
80,18641,41,871.15,402.24,BENIGN
21,47,184,1290.47,16.55,DDoS
22,56561,2,830.29,492.95,BENIGN
80,58708,53,870.66,68.87,BENIGN
80,720,164,795.47,6.72,DDoS
25,95257,59,414.55,124.35,BENIGN
25,19791,75,880.52,643.77,BENIGN
22,90115,46,515.75,441.35,BENIGN
443,18141,65,268.49,918.84,BENIGN
8080,5328,42,411.69,385.35,BENIGN
22,1618,53,419.89,452.22,BENIGN
443,11083,4,793.11,450.55,BENIGN
53,78718,36,712.68,390.82,BENIGN
443,757,103,1351.99,65.59,DDoS
22,582,128,1135.33,17.2,DDoS
8080,516,114,1297.98,28.03,DDoS
53,810,213,794.1,11.27,DDoS
443,694,216,831.96,53.04,DDoS
53,582,145,1225.65,46.07,DDoS
3306,857,80,1260.9,67.44,DDoS
8080,15251,67,691.18,870.11,BENIGN
25,95809,63,350.56,946.15,BENIGN
80,335,81,1097.86,17.49,DDoS
53,141,265,858.45,72.87,DDoS
25,88895,17,540.27,421.48,BENIGN
25,68215,56,851.03,75.86,BENIGN
53,86196,28,761.99,854.32,BENIGN
8080,20106,21,242.03,580.87,BENIGN
443,98202,21,589.2,812.11,BENIGN
25,34196,62,842.47,840.77,BENIGN
443,67909,39,661.83,752.95,BENIGN
80,71603,64,615.06,210.1,BENIGN
3306,75,205,904.88,19.51,DDoS
53,59687,1,756.13,978.12,BENIGN
25,67663,2,776.84,228.98,BENIGN
25,928,283,787.4,14.85,DDoS
25,347,159,1127.34,0.41,DDoS
53,80892,12,272.05,443.67,BENIGN
3306,2978,70,518.08,74.52,BENIGN
80,63775,18,195.16,523.05,BENIGN
25,5818,70,849.51,625.15,BENIGN
53,95988,6,578.5,683.89,BENIGN
443,99208,15,815.28,780.14,BENIGN
80,85459,6,822.87,110.09,BENIGN
25,12647,8,732.26,132.34,BENIGN
25,53221,10,800.9,891.13,BENIGN
53,537,257,1251.18,53.13,DDoS
22,101,226,864.65,59.14,DDoS
443,2811,31,315.74,492.64,BENIGN
22,65,164,1498.55,78.89,DDoS
80,64853,29,241.46,22.88,BENIGN
53,73306,63,582.59,156.06,BENIGN
443,747,90,875.71,7.43,DDoS
80,648,233,1134.65,59.17,DDoS
22,6318,77,579.39,413.67,BENIGN
8080,576,285,1303.85,27.23,DDoS
21,35227,5,417.27,547.36,BENIGN
443,92215,69,556.39,798.9,BENIGN
53,77681,26,107.48,857.92,BENIGN
3306,86337,27,75.21,352.17,BENIGN
21,90582,1,845.58,693.43,BENIGN
3306,100,286,1039.45,3.01,DDoS
25,691,228,1497.18,1.14,DDoS
8080,89146,68,470.78,110.25,BENIGN
8080,55856,43,211.33,118.87,BENIGN
443,339,204,1081.91,27.15,DDoS
80,15699,33,623.74,694.59,BENIGN
21,17177,53,525.33,699.14,BENIGN
25,781,206,1258.5,13.17,DDoS
53,450,172,1204.5,3.06,DDoS
53,36743,38,475.01,648.76,BENIGN
22,64366,24,872.22,468.65,BENIGN
443,43587,47,571.4,874.8,BENIGN
22,65395,55,597.22,243.21,BENIGN
443,58120,57,460.76,819.96,BENIGN
53,94378,4,648.08,24.16,BENIGN
53,91080,62,815.22,393.1,BENIGN
3306,589,110,878.7,30.91,DDoS
22,81241,27,271.04,200.23,BENIGN
3306,484,233,931.78,77.19,DDoS
443,400,203,1391.83,51.08,DDoS
21,52697,54,138.72,900.55,BENIGN
53,802,187,819.56,47.82,DDoS
22,97194,62,776.75,733.06,BENIGN
53,50809,36,568.22,988.77,BENIGN
8080,88555,33,357.38,197.15,BENIGN
21,10539,49,105.62,785.61,BENIGN
22,66811,63,198.15,250.34,BENIGN
443,64409,35,314.05,87.06,BENIGN
443,31817,19,680.09,963.53,BENIGN
22,28407,33,286.63,142.35,BENIGN
25,74263,76,735.33,406.68,BENIGN
8080,913,120,1092.61,46.71,DDoS
22,178,87,1249.0,78.99,DDoS
22,115,80,896.45,36.18,DDoS
22,51429,12,545.23,801.66,BENIGN
22,16503,56,834.71,968.7,BENIGN
25,820,135,852.4,70.7,DDoS
53,46246,42,86.02,94.01,BENIGN
8080,21198,70,429.95,498.06,BENIGN
22,66701,18,324.02,819.18,BENIGN
25,62170,55,40.76,243.57,BENIGN
21,31547,14,108.0,633.57,BENIGN
80,56128,6,271.09,477.07,BENIGN
22,23853,25,393.04,39.61,BENIGN
3306,94620,14,864.66,698.03,BENIGN
8080,13176,26,264.51,963.93,BENIGN
53,70489,22,342.66,684.03,BENIGN
80,96576,53,120.56,347.55,BENIGN
22,26331,80,726.57,405.43,BENIGN
22,101,196,1457.27,26.64,DDoS
25,656,109,1150.07,65.93,DDoS
53,817,246,872.8,15.18,DDoS
21,85385,56,56.29,938.7,BENIGN
22,2,281,1496.96,42.81,DDoS
3306,35056,76,584.29,622.16,BENIGN
25,81797,19,266.97,652.25,BENIGN
443,66538,48,702.39,402.32,BENIGN
443,889,254,1134.65,48.15,DDoS
80,406,225,810.14,58.28,DDoS
53,79895,14,537.67,20.5,BENIGN
25,90640,43,131.14,722.55,BENIGN
53,56782,64,510.21,577.63,BENIGN
53,156,83,1196.72,61.36,DDoS
21,68137,13,542.82,855.63,BENIGN
443,474,258,786.88,41.31,DDoS
22,90711,47,683.32,803.68,BENIGN
3306,35269,47,260.43,860.4,BENIGN
22,30514,79,618.25,662.34,BENIGN
3306,28,134,1374.62,51.85,DDoS
443,15,125,1457.38,52.5,DDoS
25,797,132,1413.84,15.73,DDoS
25,93487,11,198.32,762.17,BENIGN
80,94221,66,320.35,991.91,BENIGN
8080,2647,38,112.33,106.69,BENIGN
25,50116,36,720.18,546.88,BENIGN
80,76818,65,604.43,962.27,BENIGN
53,12608,74,846.36,903.05,BENIGN
22,452,137,1106.3,78.04,DDoS
80,32246,32,700.62,668.1,BENIGN
22,24954,63,527.1,926.17,BENIGN
22,22917,22,331.97,958.25,BENIGN
80,39950,78,886.56,87.51,BENIGN
443,296,250,1380.86,29.13,DDoS
53,27520,4,617.06,557.91,BENIGN
80,51547,39,819.06,918.94,BENIGN
25,149,175,1161.35,39.14,DDoS
443,185,272,1093.74,70.61,DDoS
53,75143,45,610.96,798.82,BENIGN
53,72366,49,326.51,620.17,BENIGN
25,723,274,1017.59,36.2,DDoS
3306,67272,42,487.25,569.14,BENIGN
443,62624,19,799.36,409.19,BENIGN
8080,356,100,1106.54,74.87,DDoS
22,709,96,857.14,12.54,DDoS
443,92218,10,578.93,88.94,BENIGN
80,42068,44,607.04,315.21,BENIGN
443,84040,32,540.57,104.17,BENIGN
3306,277,122,771.98,15.43,DDoS
21,19320,33,341.84,907.05,BENIGN
53,17874,57,899.71,685.21,BENIGN
25,29780,34,210.09,822.96,BENIGN
53,134,112,727.55,19.95,DDoS
25,391,248,1469.13,12.9,DDoS
21,77708,14,749.61,826.67,BENIGN
80,218,175,1296.72,79.1,DDoS
3306,17444,37,434.3,338.23,BENIGN
80,81772,56,718.97,428.85,BENIGN
25,85235,59,360.53,437.23,BENIGN
21,51866,72,149.94,452.73,BENIGN
443,12,147,869.08,62.72,DDoS
21,47947,53,724.73,764.65,BENIGN
80,40087,18,429.54,627.17,BENIGN
443,32464,29,686.39,46.49,BENIGN
80,35156,5,274.5,931.36,BENIGN
3306,89088,62,236.74,425.46,BENIGN
21,730,127,711.32,34.85,DDoS
21,69145,19,67.41,745.75,BENIGN
8080,63815,55,194.13,511.92,BENIGN
25,99133,64,423.81,214.63,BENIGN
443,87442,29,714.83,136.83,BENIGN
25,125,184,1314.26,73.45,DDoS
443,81566,25,584.02,809.09,BENIGN
21,39421,26,510.04,462.14,BENIGN
3306,68503,30,101.26,481.88,BENIGN
25,50533,71,700.46,877.77,BENIGN
21,637,219,1327.51,10.54,DDoS
53,24796,44,579.86,453.19,BENIGN
8080,54412,46,129.74,800.38,BENIGN
8080,11134,54,365.99,685.12,BENIGN
53,48293,42,262.61,590.87,BENIGN
443,64977,1,798.23,924.08,BENIGN
25,214,277,713.96,74.68,DDoS
3306,566,121,753.56,22.61,DDoS
22,87889,20,55.76,942.05,BENIGN
25,222,218,1272.59,1.91,DDoS
53,66137,66,383.16,142.64,BENIGN
22,88484,5,849.05,263.76,BENIGN
443,80802,11,46.78,975.98,BENIGN
8080,38296,17,96.4,393.37,BENIGN
3306,14574,50,895.57,272.08,BENIGN
8080,993,143,1197.37,44.67,DDoS
21,23717,49,812.48,934.94,BENIGN
25,701,293,1188.33,35.64,DDoS
80,481,173,843.5,26.12,DDoS
22,52758,26,648.88,675.98,BENIGN
22,9945,3,402.52,828.89,BENIGN
80,965,225,1186.05,66.19,DDoS
3306,52267,21,181.37,599.62,BENIGN
21,64179,1,141.97,738.72,BENIGN
22,798,169,825.31,53.34,DDoS
3306,37229,24,726.98,288.72,BENIGN
22,75692,8,593.11,84.68,BENIGN
25,347,262,891.85,58.67,DDoS
25,216,253,1004.23,9.56,DDoS
80,71163,39,864.98,274.46,BENIGN
21,40995,27,341.4,57.3,BENIGN
22,88523,69,863.43,558.57,BENIGN
53,85092,78,566.86,426.27,BENIGN
443,343,291,1209.69,26.68,DDoS
3306,58085,8,554.37,930.03,BENIGN
8080,75590,67,223.35,302.98,BENIGN
8080,53298,54,896.79,425.38,BENIGN
21,31352,70,81.12,334.69,BENIGN
80,85434,25,424.32,446.21,BENIGN
80,64320,66,241.03,318.65,BENIGN
22,535,271,867.91,79.2,DDoS
22,1102,29,420.49,186.41,BENIGN
21,91760,46,763.06,843.16,BENIGN
443,93132,28,459.91,894.62,BENIGN
80,17603,70,154.21,98.55,BENIGN
80,68215,71,812.28,758.71,BENIGN
22,23993,12,702.04,709.31,BENIGN
22,668,103,1160.72,74.22,DDoS
25,48548,24,637.09,492.13,BENIGN
3306,20363,68,504.81,969.44,BENIGN
443,92552,44,837.5,598.91,BENIGN
8080,80486,33,174.01,111.27,BENIGN
53,56150,5,480.18,116.67,BENIGN
443,23463,73,731.16,738.37,BENIGN
22,125,297,706.81,68.49,DDoS
3306,719,234,1206.5,30.4,DDoS
25,729,102,1130.99,13.03,DDoS
25,28421,71,519.66,147.49,BENIGN
25,97466,36,112.0,574.0,BENIGN
22,11044,64,826.12,27.29,BENIGN
3306,15125,40,532.38,55.69,BENIGN
8080,72522,38,355.58,150.93,BENIGN
21,284,132,1470.73,21.34,DDoS
53,723,102,1209.95,55.56,DDoS
443,609,85,1347.4,30.92,DDoS
3306,98118,8,667.09,828.96,BENIGN
8080,9178,15,372.81,558.4,BENIGN
8080,97427,61,254.26,619.15,BENIGN
21,61262,3,514.08,286.0,BENIGN
80,67329,18,891.43,233.55,BENIGN
22,67008,47,701.58,785.82,BENIGN
22,92028,47,642.73,177.64,BENIGN
8080,72125,73,536.72,792.02,BENIGN
25,28618,5,549.94,93.41,BENIGN
443,30416,39,745.61,551.99,BENIGN
80,90092,30,395.89,955.24,BENIGN
21,20327,55,88.58,446.75,BENIGN
443,45340,12,522.83,83.09,BENIGN
443,681,92,918.2,64.3,DDoS
21,400,163,1195.95,77.67,DDoS
3306,826,129,1106.65,7.38,DDoS
3306,10647,36,739.51,545.11,BENIGN
21,73319,77,484.09,926.07,BENIGN
21,47406,64,726.58,773.34,BENIGN
21,61342,31,512.13,513.63,BENIGN
53,47757,39,264.5,38.31,BENIGN
443,80097,62,715.24,450.13,BENIGN
8080,49124,41,365.53,491.68,BENIGN
21,19132,4,804.77,577.89,BENIGN
80,842,238,996.32,23.25,DDoS
21,840,280,1370.85,28.77,DDoS
8080,10142,79,464.2,835.93,BENIGN
443,71538,18,236.51,742.67,BENIGN
80,41,205,1126.2,9.97,DDoS
53,64881,57,606.4,817.43,BENIGN
80,23143,17,366.0,731.9,BENIGN
8080,37436,8,812.04,495.17,BENIGN
22,36111,66,638.49,731.76,BENIGN
3306,88152,20,130.95,91.79,BENIGN
53,40290,4,600.73,502.66,BENIGN
8080,89221,28,516.51,402.52,BENIGN
3306,317,160,1128.0,64.7,DDoS
21,82491,55,447.95,953.34,BENIGN
80,416,283,920.65,65.19,DDoS
21,677,116,801.73,56.63,DDoS
443,92791,41,325.58,837.59,BENIGN
53,25782,1,428.3,772.85,BENIGN
80,34841,78,136.73,424.43,BENIGN
3306,53,144,700.54,52.85,DDoS
25,47887,31,244.57,422.24,BENIGN
3306,40836,32,179.92,777.91,BENIGN
80,927,97,1421.18,65.86,DDoS
22,345,276,1318.19,37.19,DDoS
80,418,140,1168.88,11.02,DDoS
22,70694,24,734.39,414.34,BENIGN
21,53850,21,107.8,991.06,BENIGN
21,839,147,1454.15,4.35,DDoS
21,87703,77,728.26,22.44,BENIGN
3306,48554,78,110.24,911.34,BENIGN
53,100,156,869.64,0.42,DDoS
22,751,91,1007.27,30.94,DDoS
53,91541,31,476.46,125.41,BENIGN
8080,71358,40,225.78,927.61,BENIGN
53,36689,15,276.39,792.54,BENIGN
22,56828,78,533.56,928.41,BENIGN
21,48482,40,406.56,819.25,BENIGN
22,70304,12,388.17,991.01,BENIGN
21,22340,64,368.56,382.07,BENIGN
443,39917,49,651.54,170.86,BENIGN
21,39590,51,345.36,27.06,BENIGN
53,15404,51,578.11,127.87,BENIGN
8080,21851,50,753.9,165.65,BENIGN
443,44656,38,212.41,588.86,BENIGN
80,551,260,1265.76,39.99,DDoS
80,53971,79,102.72,510.86,BENIGN
22,39627,44,732.72,994.74,BENIGN
53,75591,53,499.75,455.24,BENIGN
443,562,294,1462.11,71.33,DDoS
21,34940,25,763.92,909.29,BENIGN
53,61508,60,164.78,518.63,BENIGN
80,649,278,1162.58,66.12,DDoS
21,634,272,813.13,33.77,DDoS
443,29607,19,176.05,801.42,BENIGN
22,146,154,972.21,11.29,DDoS
3306,22470,68,303.52,538.91,BENIGN
21,64905,39,561.37,434.63,BENIGN
8080,75845,27,92.49,446.95,BENIGN
8080,74444,72,662.81,449.22,BENIGN
22,535,109,787.49,7.98,DDoS
53,202,138,1042.92,72.99,DDoS
80,68059,15,873.42,382.9,BENIGN
443,215,88,1278.69,31.52,DDoS
80,937,199,1477.71,18.02,DDoS
443,93967,67,722.51,446.57,BENIGN
8080,96433,55,165.68,867.18,BENIGN
25,7526,62,614.64,26.52,BENIGN
53,969,121,1240.57,21.26,DDoS
21,59789,20,504.5,756.57,BENIGN
80,15817,67,507.54,61.86,BENIGN
8080,36250,47,871.17,374.75,BENIGN
53,932,269,1262.52,13.36,DDoS
22,466,173,1455.89,20.73,DDoS
8080,96152,68,585.72,666.14,BENIGN
21,178,229,733.55,37.35,DDoS
22,755,266,1411.09,58.45,DDoS
53,52591,41,595.9,188.77,BENIGN
22,597,237,822.36,0.02,DDoS
80,84340,34,110.74,694.07,BENIGN
3306,72374,37,679.65,569.78,BENIGN
443,317,228,1295.67,9.48,DDoS
21,885,282,1270.05,51.23,DDoS
3306,55586,74,629.18,128.87,BENIGN
3306,23040,53,260.97,344.53,BENIGN
53,68395,22,392.23,326.74,BENIGN
22,37327,67,766.82,161.62,BENIGN
21,54170,64,87.35,504.52,BENIGN
25,20829,78,710.86,496.14,BENIGN
80,10834,23,617.11,87.0,BENIGN
3306,19,253,1046.61,27.47,DDoS
21,1541,50,532.79,661.36,BENIGN
53,77,216,1410.37,18.0,DDoS
80,332,233,1092.05,42.45,DDoS
22,651,278,1028.57,79.81,DDoS
8080,17993,58,770.22,763.8,BENIGN
3306,665,164,1388.55,68.05,DDoS
53,69107,8,795.45,22.0,BENIGN
22,78438,80,206.94,307.59,BENIGN
21,91441,62,658.49,876.84,BENIGN
53,26997,26,805.51,345.04,BENIGN
21,31859,67,763.84,105.46,BENIGN
22,167,295,844.39,32.78,DDoS
22,410,215,921.69,38.36,DDoS
3306,296,89,1014.05,5.91,DDoS
8080,16023,1,343.92,954.89,BENIGN
25,85750,43,462.11,159.64,BENIGN
443,44271,56,359.95,437.81,BENIGN
53,22984,70,127.2,494.97,BENIGN
25,193,265,882.7,47.93,DDoS
53,310,177,1311.43,37.99,DDoS
443,14662,1,88.74,972.19,BENIGN
25,13888,64,546.25,469.93,BENIGN
8080,99253,30,651.2,569.15,BENIGN
80,18371,68,664.81,595.1,BENIGN
25,84660,52,444.36,777.93,BENIGN
3306,65876,42,640.42,645.75,BENIGN
53,65187,38,331.59,209.56,BENIGN
8080,201,126,936.93,44.8,DDoS
443,13463,50,773.37,481.86,BENIGN
22,76281,45,255.91,851.76,BENIGN
53,934,242,948.53,77.82,DDoS
3306,458,226,1451.03,76.25,DDoS
443,186,192,819.24,16.35,DDoS
21,392,274,818.36,32.53,DDoS
80,700,157,857.91,59.99,DDoS
3306,31851,66,812.4,503.88,BENIGN
25,3700,27,626.2,939.55,BENIGN
8080,777,288,762.15,51.19,DDoS
3306,71973,54,453.0,690.28,BENIGN
443,98088,30,147.83,706.37,BENIGN
3306,22840,80,165.16,535.18,BENIGN
22,87707,63,95.41,893.8,BENIGN
22,80048,38,552.8,875.19,BENIGN
22,76610,16,488.05,495.11,BENIGN
80,79824,78,523.2,48.83,BENIGN
443,33774,68,498.16,995.58,BENIGN
3306,56420,3,406.78,810.81,BENIGN
80,345,183,1102.16,30.18,DDoS
25,41410,21,217.23,25.42,BENIGN
21,90781,53,228.49,752.73,BENIGN
25,76747,44,174.3,654.74,BENIGN
53,10815,40,777.65,749.62,BENIGN
8080,17016,20,310.94,23.38,BENIGN
443,6947,77,584.45,177.19,BENIGN
443,65770,30,369.76,874.82,BENIGN
8080,28974,19,300.0,519.45,BENIGN
3306,641,82,1082.03,50.4,DDoS
3306,726,218,1034.17,35.78,DDoS
3306,93728,58,70.43,980.21,BENIGN
443,28701,18,738.09,793.68,BENIGN
3306,66248,52,755.23,517.13,BENIGN
25,76949,74,286.6,586.82,BENIGN
8080,83438,37,814.25,802.08,BENIGN
53,95728,43,231.98,861.37,BENIGN
443,19145,36,425.3,567.0,BENIGN
8080,69859,50,863.84,155.43,BENIGN
443,100,153,752.61,60.37,DDoS
443,527,298,918.83,30.36,DDoS
8080,92747,5,584.02,485.23,BENIGN
3306,97083,72,416.56,725.4,BENIGN
8080,30085,45,316.57,861.43,BENIGN
8080,960,233,1471.2,18.72,DDoS
80,78178,25,398.99,429.31,BENIGN
22,57775,71,686.72,623.73,BENIGN
22,53844,71,600.93,959.77,BENIGN
22,40229,52,612.65,626.59,BENIGN
25,30692,5,515.4,689.6,BENIGN
80,82284,52,827.94,497.05,BENIGN
8080,18188,57,893.67,148.05,BENIGN
443,81182,36,107.99,695.34,BENIGN
22,259,211,1460.99,16.8,DDoS
53,496,93,1390.83,56.4,DDoS
21,902,255,1278.89,54.86,DDoS
8080,242,135,1470.48,47.93,DDoS
53,79293,52,820.87,682.11,BENIGN
53,16754,29,556.58,398.84,BENIGN
3306,780,225,979.56,29.54,DDoS
22,75534,2,739.33,743.98,BENIGN
21,68070,20,392.54,346.91,BENIGN
53,36956,2,735.5,352.46,BENIGN
22,92796,46,461.51,725.19,BENIGN
8080,17889,60,63.77,475.29,BENIGN
8080,22776,60,80.77,838.29,BENIGN
22,70493,2,430.8,493.83,BENIGN
21,95503,54,584.74,489.39,BENIGN
8080,62423,52,786.77,810.95,BENIGN
3306,687,297,1093.81,14.11,DDoS
3306,44486,10,360.97,906.62,BENIGN
22,46709,8,537.85,641.53,BENIGN
25,839,273,1322.63,8.54,DDoS
25,61621,53,589.96,525.93,BENIGN
21,830,251,1212.48,39.51,DDoS
53,93931,24,110.8,284.23,BENIGN
22,71661,61,783.36,501.24,BENIGN
443,52182,23,345.66,473.25,BENIGN
53,595,274,1198.19,10.51,DDoS
443,41777,76,336.28,193.4,BENIGN
25,104,231,1015.66,75.33,DDoS
443,60273,54,487.81,304.58,BENIGN
25,6356,4,56.4,624.81,BENIGN
53,57032,66,334.72,41.64,BENIGN
21,9283,2,136.67,735.38,BENIGN
53,21732,17,119.15,438.29,BENIGN
25,68314,52,624.92,633.12,BENIGN
443,85675,46,568.94,398.95,BENIGN
21,81615,21,430.65,891.99,BENIGN
8080,51391,22,175.9,990.36,BENIGN
25,92174,47,525.53,761.72,BENIGN
8080,17906,41,440.44,597.93,BENIGN
53,44632,74,845.41,343.85,BENIGN
443,958,284,1310.68,16.5,DDoS
3306,51605,73,232.67,111.73,BENIGN
53,475,226,1092.26,55.03,DDoS
443,81884,71,827.29,877.06,BENIGN
53,61811,72,400.06,193.65,BENIGN
8080,916,297,1406.92,43.13,DDoS
21,65886,39,313.91,471.18,BENIGN
21,21955,58,342.92,219.84,BENIGN
80,13439,2,770.16,129.66,BENIGN
443,428,136,763.46,18.21,DDoS
8080,783,284,1033.14,36.7,DDoS
443,94996,30,233.46,667.61,BENIGN
21,20924,72,420.02,245.32,BENIGN
3306,33497,30,170.81,422.21,BENIGN
53,376,177,822.56,75.62,DDoS
3306,44657,11,330.82,252.0,BENIGN
25,19522,66,91.45,660.38,BENIGN
443,51440,72,403.27,131.92,BENIGN
53,71066,45,613.15,790.2,BENIGN
53,75058,38,72.39,168.62,BENIGN
53,35725,5,721.58,282.55,BENIGN
443,41155,78,459.28,420.75,BENIGN
25,42032,30,322.2,468.02,BENIGN
8080,17451,48,200.4,881.69,BENIGN
3306,2682,66,480.53,498.77,BENIGN
25,86121,12,134.6,926.7,BENIGN
22,444,271,1002.94,44.22,DDoS
8080,9672,44,545.48,308.7,BENIGN
21,909,102,844.43,73.03,DDoS
8080,44596,27,57.17,90.69,BENIGN
3306,25805,57,811.71,819.89,BENIGN
8080,68154,77,296.22,940.57,BENIGN
3306,5070,74,99.0,474.19,BENIGN
21,80926,27,874.34,191.55,BENIGN
25,980,104,980.22,58.79,DDoS
21,64268,15,456.89,545.35,BENIGN
80,10817,75,695.54,536.27,BENIGN
443,5222,75,62.5,608.68,BENIGN
21,27304,32,468.79,904.92,BENIGN
25,72056,58,198.67,697.81,BENIGN
25,38722,63,453.78,850.34,BENIGN
22,404,193,1347.62,7.05,DDoS
3306,16169,53,646.97,453.24,BENIGN
443,47823,61,131.48,809.79,BENIGN
443,74667,19,79.16,452.73,BENIGN
22,64631,44,511.28,340.4,BENIGN
3306,12154,73,81.13,185.34,BENIGN
22,40121,55,446.05,911.29,BENIGN
8080,16055,70,478.51,105.99,BENIGN
22,56188,21,106.79,501.65,BENIGN
22,14181,13,462.1,790.26,BENIGN
8080,46450,54,239.88,578.87,BENIGN
25,93589,74,619.71,280.4,BENIGN
22,211,142,1034.19,36.29,DDoS
443,717,131,1450.98,39.94,DDoS
22,330,126,850.79,71.89,DDoS
80,506,259,838.0,47.31,DDoS
80,256,276,1231.43,76.36,DDoS
21,72840,3,244.89,212.29,BENIGN
443,560,92,792.25,55.68,DDoS
3306,913,83,1237.87,59.98,DDoS
8080,706,260,1412.2,75.66,DDoS
443,68753,56,719.48,763.45,BENIGN
25,40414,74,586.77,128.59,BENIGN
8080,816,239,1127.8,11.0,DDoS
22,18581,27,433.94,432.58,BENIGN
22,22630,52,502.05,758.12,BENIGN
21,395,110,1293.95,1.66,DDoS
8080,2260,69,802.29,362.56,BENIGN
3306,81014,55,436.6,971.9,BENIGN
3306,329,252,1103.77,62.82,DDoS
3306,99464,1,253.91,893.97,BENIGN
8080,57985,26,847.55,266.94,BENIGN
8080,171,139,854.31,47.35,DDoS
443,59578,37,357.6,890.95,BENIGN
8080,65469,11,463.33,469.77,BENIGN
3306,81547,13,377.17,296.19,BENIGN
53,9185,44,580.84,846.03,BENIGN
8080,80571,76,471.73,940.5,BENIGN
22,505,173,1320.74,73.99,DDoS
80,94398,30,581.8,627.0,BENIGN
443,13344,4,165.15,811.74,BENIGN
443,496,234,1225.87,77.38,DDoS
53,94973,45,812.12,862.04,BENIGN
443,992,268,1399.86,77.42,DDoS
21,7743,1,734.11,820.16,BENIGN
25,274,290,853.71,22.85,DDoS
443,517,183,1282.5,74.39,DDoS
8080,408,135,1055.98,46.54,DDoS
22,71621,71,57.99,849.58,BENIGN
8080,896,81,1192.47,62.38,DDoS
3306,71712,49,311.81,552.52,BENIGN
53,797,252,1254.83,35.32,DDoS
22,879,122,1424.89,41.43,DDoS
25,56377,74,896.53,597.7,BENIGN
80,52566,67,155.15,230.49,BENIGN
8080,10851,59,44.36,984.45,BENIGN
22,68,179,1411.0,48.27,DDoS
25,553,95,1124.72,1.94,DDoS
80,86521,4,495.94,593.6,BENIGN
443,335,206,847.29,11.53,DDoS
3306,918,237,855.52,44.6,DDoS
80,989,123,797.11,13.06,DDoS
8080,531,121,1329.31,59.61,DDoS
443,566,287,992.91,20.9,DDoS
21,24561,62,844.38,98.92,BENIGN
53,45802,6,832.54,344.72,BENIGN
80,684,277,1314.66,77.84,DDoS
8080,79948,29,585.12,223.65,BENIGN
22,741,139,1382.38,37.0,DDoS
8080,28287,54,818.08,837.97,BENIGN
80,732,167,1412.0,19.66,DDoS
80,275,250,967.62,0.99,DDoS
53,71905,70,793.64,226.59,BENIGN
25,48175,41,547.35,769.47,BENIGN
443,793,123,1407.23,32.13,DDoS
53,96570,6,747.35,374.2,BENIGN
80,230,101,972.14,39.63,DDoS
443,45856,51,112.1,726.09,BENIGN
443,27968,11,606.62,289.5,BENIGN
80,27249,17,476.31,141.75,BENIGN
53,64677,63,879.57,97.66,BENIGN
3306,71759,33,611.52,347.16,BENIGN
22,97907,13,56.12,556.87,BENIGN
8080,51092,34,580.71,198.93,BENIGN
8080,925,144,1437.0,68.33,DDoS
443,213,284,970.93,23.62,DDoS
53,25479,57,161.68,130.79,BENIGN
53,69952,40,663.63,574.85,BENIGN
8080,75237,75,599.53,385.77,BENIGN
443,467,200,752.89,22.26,DDoS
3306,42226,61,559.36,509.67,BENIGN
443,73635,62,770.49,495.27,BENIGN
8080,702,82,1105.5,56.64,DDoS
22,50705,37,411.87,618.76,BENIGN
25,314,81,1152.64,66.07,DDoS
53,33710,35,853.48,143.98,BENIGN
25,79050,15,324.8,716.26,BENIGN
80,618,268,759.77,70.76,DDoS
25,83217,71,844.08,904.25,BENIGN
3306,93507,1,45.71,224.1,BENIGN
3306,126,206,1132.79,70.44,DDoS
80,55691,33,550.19,317.91,BENIGN
53,832,131,1226.03,5.38,DDoS
80,35516,18,669.99,296.67,BENIGN
80,104,197,949.01,41.13,DDoS
22,436,102,823.85,41.3,DDoS
53,472,244,929.5,53.86,DDoS
25,29590,1,283.77,426.14,BENIGN
25,315,197,977.91,21.16,DDoS
25,937,185,705.9,20.88,DDoS
443,49792,3,216.15,261.4,BENIGN
21,91370,25,706.68,529.34,BENIGN
21,16575,75,299.21,983.17,BENIGN
22,99779,63,837.35,75.96,BENIGN
8080,70,168,1205.26,49.62,DDoS
8080,87304,57,238.86,99.5,BENIGN
8080,14098,38,417.01,163.79,BENIGN
3306,415,167,1466.97,34.58,DDoS
80,12539,77,639.66,79.47,BENIGN
3306,3054,25,82.43,533.73,BENIGN
80,142,136,1005.61,78.56,DDoS
443,70732,74,183.75,479.94,BENIGN
25,47373,57,550.09,659.45,BENIGN
80,26330,19,55.19,613.75,BENIGN
53,11414,43,535.27,353.44,BENIGN
80,849,255,1168.67,73.83,DDoS
8080,361,129,844.21,54.93,DDoS
53,66947,49,259.5,715.34,BENIGN
21,14033,71,214.56,971.64,BENIGN
3306,57378,74,328.55,690.29,BENIGN
443,71672,40,595.83,240.22,BENIGN
80,50684,39,203.04,53.19,BENIGN
53,450,159,866.88,1.99,DDoS
80,971,82,1397.49,18.17,DDoS
22,11,95,1313.75,58.53,DDoS
8080,56774,18,326.85,534.98,BENIGN
21,40301,44,750.08,338.15,BENIGN
80,379,169,1190.48,67.85,DDoS
8080,33306,40,258.46,729.63,BENIGN
8080,80299,4,750.05,475.53,BENIGN
21,75819,45,890.63,92.33,BENIGN
80,85588,65,305.06,91.72,BENIGN
21,37432,7,629.57,324.55,BENIGN
53,47840,57,791.3,370.97,BENIGN
22,801,84,1311.64,1.32,DDoS
22,87224,60,325.73,804.24,BENIGN
21,43222,43,490.6,461.09,BENIGN
3306,791,120,879.5,50.93,DDoS
443,25032,60,660.69,136.27,BENIGN
22,57545,79,348.3,698.52,BENIGN
3306,28183,41,536.46,490.13,BENIGN
3306,10768,45,108.38,617.04,BENIGN
53,144,277,1147.0,73.89,DDoS
22,4162,62,277.42,544.72,BENIGN
25,51299,71,732.26,51.03,BENIGN
21,490,103,1060.96,71.43,DDoS
3306,5360,67,764.68,727.0,BENIGN
53,28916,43,796.07,418.21,BENIGN
53,47848,57,422.03,963.92,BENIGN
8080,70300,77,842.77,108.16,BENIGN
25,167,130,1418.44,39.91,DDoS
22,809,132,951.7,42.07,DDoS
25,55302,76,754.11,142.26,BENIGN
25,994,281,1410.86,30.88,DDoS
25,615,289,1048.22,12.32,DDoS
53,20327,2,210.06,609.85,BENIGN
443,58,105,1236.07,6.99,DDoS
443,17321,61,383.53,573.56,BENIGN
53,65866,52,609.75,33.42,BENIGN
8080,6216,5,835.02,774.04,BENIGN
3306,304,169,1119.46,7.67,DDoS
25,69103,17,150.04,287.79,BENIGN
80,434,101,1325.79,57.43,DDoS
443,278,261,821.43,74.19,DDoS
22,3907,31,483.75,488.18,BENIGN
443,166,178,978.49,4.47,DDoS
8080,39566,6,399.2,244.73,BENIGN
53,336,168,1202.05,76.44,DDoS
25,175,186,871.67,35.2,DDoS
25,968,115,711.51,68.75,DDoS
8080,16772,80,785.73,588.88,BENIGN
3306,26564,55,163.44,72.43,BENIGN
22,73999,52,449.79,662.45,BENIGN
8080,24757,70,838.36,129.22,BENIGN
80,94566,37,359.42,716.59,BENIGN
25,93154,38,705.98,73.17,BENIGN
25,50569,29,206.76,315.32,BENIGN
21,93196,77,218.69,237.15,BENIGN
3306,49023,4,711.02,567.66,BENIGN
80,325,119,1097.44,66.3,DDoS
80,555,181,1070.87,55.68,DDoS
3306,637,260,1281.96,58.25,DDoS
53,42081,73,814.12,360.1,BENIGN
443,90793,10,53.09,545.79,BENIGN
443,15879,6,624.04,966.86,BENIGN
80,62660,66,720.07,702.8,BENIGN
53,610,210,1115.1,59.45,DDoS
21,71288,28,56.11,738.19,BENIGN
8080,70609,40,608.38,783.13,BENIGN
53,96530,28,142.93,561.1,BENIGN
53,382,111,1298.93,26.11,DDoS
25,69275,57,152.66,171.67,BENIGN
443,297,255,736.65,12.94,DDoS
8080,11282,10,646.53,154.98,BENIGN
8080,222,103,974.29,73.65,DDoS
80,25928,30,794.92,588.94,BENIGN
21,412,264,905.05,34.6,DDoS
25,73346,80,700.83,366.4,BENIGN
80,29405,3,776.07,962.13,BENIGN
53,58406,53,836.33,232.93,BENIGN
8080,81420,75,501.97,259.36,BENIGN
80,55506,71,536.69,460.78,BENIGN
21,874,82,1458.86,42.85,DDoS
25,28261,59,307.34,640.56,BENIGN
443,23941,5,606.22,799.39,BENIGN
443,285,234,757.41,72.18,DDoS
25,43178,57,266.93,723.92,BENIGN
53,43,81,1402.37,43.65,DDoS
443,392,223,1256.12,34.12,DDoS
25,35117,49,801.71,483.48,BENIGN
443,99503,42,351.71,519.58,BENIGN
53,838,155,1232.97,38.61,DDoS
8080,99207,53,432.1,760.63,BENIGN
25,982,258,965.6,40.1,DDoS
21,387,127,787.91,26.71,DDoS
80,83824,69,219.39,82.98,BENIGN
22,24834,61,187.19,257.14,BENIGN
25,343,167,1308.58,56.34,DDoS
21,568,123,1096.51,74.36,DDoS
3306,76502,75,862.34,312.66,BENIGN
25,9,202,1372.77,47.95,DDoS
25,55320,36,47.52,510.61,BENIGN
22,52373,52,438.23,82.51,BENIGN
80,82530,48,77.81,879.36,BENIGN
443,71905,57,749.91,817.96,BENIGN
3306,92413,74,724.86,982.3,BENIGN
443,46220,77,779.78,966.14,BENIGN
21,173,129,1329.81,63.48,DDoS
443,85832,15,897.85,435.97,BENIGN
80,81412,56,596.32,324.08,BENIGN
3306,2394,31,685.44,678.82,BENIGN
22,310,226,1323.81,56.38,DDoS
80,67924,32,257.13,792.68,BENIGN
80,957,152,1334.58,48.89,DDoS
80,24911,5,759.82,855.22,BENIGN
22,39058,24,251.82,728.02,BENIGN
3306,513,267,812.5,50.86,DDoS
53,212,96,730.09,79.02,DDoS
80,66650,50,558.98,616.27,BENIGN
443,30899,25,683.9,855.05,BENIGN
53,166,95,1105.16,27.24,DDoS
443,6816,7,594.25,431.23,BENIGN
443,17615,51,464.32,704.87,BENIGN
22,53962,18,304.99,690.87,BENIGN
21,67585,47,380.67,968.78,BENIGN
21,77490,78,116.72,865.91,BENIGN
3306,57564,25,312.67,368.33,BENIGN
443,117,201,1355.6,16.39,DDoS
53,12918,36,396.51,142.41,BENIGN
22,75980,15,830.11,232.68,BENIGN
22,121,163,870.17,34.37,DDoS
21,643,270,860.5,75.05,DDoS
443,828,295,1469.28,12.52,DDoS
25,785,138,981.02,22.58,DDoS
8080,81756,58,880.56,294.61,BENIGN
8080,106,205,1207.53,23.69,DDoS
3306,154,208,830.77,68.93,DDoS
21,3519,72,246.97,444.72,BENIGN
443,291,241,1212.27,8.16,DDoS
25,426,196,912.85,40.87,DDoS
80,54042,17,361.15,783.78,BENIGN
22,758,288,1392.0,49.97,DDoS
21,89833,69,483.22,271.94,BENIGN
80,505,88,806.73,76.48,DDoS
443,746,228,954.28,70.65,DDoS
3306,273,163,1445.11,21.01,DDoS
8080,3354,73,155.88,220.75,BENIGN
443,72940,56,262.66,634.08,BENIGN
3306,25420,48,96.78,276.83,BENIGN
25,486,159,776.1,66.35,DDoS
53,169,109,1377.8,54.41,DDoS
443,16521,16,542.56,694.16,BENIGN
80,1412,2,546.03,131.56,BENIGN
8080,56541,66,315.64,820.87,BENIGN
22,41166,36,781.18,523.5,BENIGN
25,16901,24,886.92,490.12,BENIGN
3306,62223,24,450.27,713.69,BENIGN
25,68503,65,333.81,454.66,BENIGN
3306,10773,50,492.27,324.83,BENIGN
53,25055,6,446.85,420.58,BENIGN
25,475,146,955.41,23.66,DDoS
80,607,227,1389.74,72.39,DDoS
3306,760,160,1101.23,36.23,DDoS
25,547,183,1276.75,8.2,DDoS
53,150,157,777.53,45.99,DDoS
443,80,139,1422.87,69.59,DDoS
80,8629,44,645.02,463.54,BENIGN
22,95051,72,761.17,57.21,BENIGN
80,75906,39,50.65,498.23,BENIGN
25,769,295,1010.29,50.82,DDoS
80,74131,72,682.16,562.97,BENIGN
3306,54228,6,702.62,608.39,BENIGN
3306,869,207,1133.69,55.29,DDoS
80,27738,64,690.78,854.1,BENIGN
443,833,193,1411.96,20.7,DDoS
22,75069,27,632.78,378.3,BENIGN
443,38015,30,226.47,477.26,BENIGN
8080,658,194,820.78,8.56,DDoS
21,472,213,1054.63,68.87,DDoS
3306,26011,19,799.31,754.54,BENIGN
53,866,267,1367.39,39.16,DDoS
22,94400,69,523.49,471.85,BENIGN
22,9803,1,135.53,241.0,BENIGN
8080,975,158,847.54,71.36,DDoS
8080,82890,20,387.42,652.57,BENIGN
3306,78710,34,402.71,263.11,BENIGN
25,97602,15,210.47,120.48,BENIGN
443,33686,44,519.7,104.08,BENIGN
8080,82675,70,116.76,308.85,BENIGN
25,10549,7,705.98,380.95,BENIGN
21,8791,60,274.31,867.13,BENIGN
3306,61296,79,99.87,217.04,BENIGN
22,86524,33,761.38,858.15,BENIGN
25,92038,49,198.65,399.65,BENIGN
443,15200,51,753.63,427.98,BENIGN
22,90663,12,119.17,645.85,BENIGN
21,898,130,857.47,45.93,DDoS
3306,24461,20,398.61,504.95,BENIGN
25,2062,73,60.84,717.57,BENIGN
443,977,297,1010.62,52.0,DDoS
3306,5425,3,354.41,770.05,BENIGN
22,73903,26,349.35,66.72,BENIGN
53,94,172,1385.78,58.85,DDoS
8080,105,95,1331.46,73.4,DDoS
53,13471,46,318.17,809.2,BENIGN
53,62974,77,766.82,700.88,BENIGN
25,13497,36,719.31,731.56,BENIGN
53,24281,27,224.13,60.5,BENIGN
80,79669,47,91.69,860.77,BENIGN
25,836,285,782.82,54.38,DDoS
8080,623,164,956.33,7.94,DDoS
8080,75185,61,90.25,811.18,BENIGN
443,86009,35,46.93,839.64,BENIGN
8080,87440,77,845.74,968.54,BENIGN
21,941,109,1166.3,59.32,DDoS
22,936,277,1457.92,59.68,DDoS
443,48314,48,88.51,659.21,BENIGN
25,115,128,1012.47,48.93,DDoS
443,75990,65,273.8,332.14,BENIGN
21,96,136,725.05,17.25,DDoS
22,84633,80,208.85,600.03,BENIGN
22,2061,33,268.05,388.33,BENIGN
3306,29244,64,665.17,183.85,BENIGN
53,43579,32,470.03,112.74,BENIGN
25,56754,14,858.99,291.68,BENIGN
21,50507,11,667.77,191.6,BENIGN
8080,4609,26,747.13,432.99,BENIGN
22,397,298,791.63,15.25,DDoS
25,56415,47,67.2,882.84,BENIGN
80,818,242,1067.47,56.07,DDoS
53,87,116,1380.93,37.53,DDoS
8080,81,124,947.26,34.11,DDoS
80,90533,33,712.09,231.48,BENIGN
53,18745,36,379.76,479.41,BENIGN
3306,63378,12,741.57,431.14,BENIGN
8080,438,229,1031.96,6.81,DDoS
21,53173,17,181.89,543.23,BENIGN
443,41216,13,859.65,184.25,BENIGN
25,48663,49,359.37,118.69,BENIGN
8080,552,197,1234.1,3.79,DDoS
22,83809,45,589.09,412.56,BENIGN
3306,37131,24,206.0,994.1,BENIGN
443,27411,47,388.52,560.84,BENIGN
25,10369,39,150.13,608.32,BENIGN
80,63712,9,314.45,285.85,BENIGN
3306,80019,26,263.63,362.11,BENIGN
3306,96759,11,884.73,47.73,BENIGN
443,30,106,1463.6,57.5,DDoS
3306,31963,40,104.02,347.83,BENIGN
53,27182,37,182.41,198.72,BENIGN
3306,36862,21,504.74,184.46,BENIGN
443,57135,3,776.83,25.45,BENIGN
443,95190,47,43.39,940.24,BENIGN
8080,937,154,832.55,35.33,DDoS
53,75737,32,673.81,839.58,BENIGN
21,91867,20,698.7,52.22,BENIGN
443,2580,32,144.35,285.94,BENIGN
80,393,168,876.6,49.91,DDoS
443,333,233,963.15,32.44,DDoS
22,782,217,926.25,28.06,DDoS
8080,42014,68,898.52,625.09,BENIGN
8080,10732,56,437.33,38.48,BENIGN
8080,932,184,1411.74,30.36,DDoS
21,73777,59,221.75,283.49,BENIGN
21,618,126,1273.04,19.79,DDoS
53,47975,2,679.54,703.67,BENIGN
21,54627,28,392.37,477.67,BENIGN
8080,86496,64,477.4,586.72,BENIGN
80,437,197,1083.15,28.9,DDoS
443,428,262,808.78,48.51,DDoS
53,94570,41,808.37,204.38,BENIGN
22,9537,45,46.83,60.81,BENIGN
25,93368,50,223.91,179.17,BENIGN
3306,170,295,1123.21,78.64,DDoS
25,42654,51,480.24,284.58,BENIGN
3306,18852,46,111.84,201.95,BENIGN
80,20094,38,41.67,662.21,BENIGN
53,697,152,1404.0,65.84,DDoS
443,78987,48,560.94,143.13,BENIGN
80,937,290,1364.0,61.61,DDoS
3306,710,93,1418.03,12.24,DDoS
25,77089,3,165.5,139.67,BENIGN
8080,13631,60,448.81,956.27,BENIGN
8080,63033,4,147.9,101.78,BENIGN
22,691,127,1197.8,52.52,DDoS
53,869,142,970.05,44.13,DDoS
53,7363,70,609.63,87.81,BENIGN
25,45410,3,461.7,332.6,BENIGN
8080,80235,77,456.47,818.67,BENIGN
53,93368,36,590.58,651.87,BENIGN
53,78343,65,631.94,242.26,BENIGN
21,6059,43,235.48,929.25,BENIGN
53,43328,58,726.49,914.07,BENIGN
25,374,285,1324.25,64.5,DDoS
80,47480,41,799.12,54.67,BENIGN
21,97717,13,738.31,791.14,BENIGN
25,42519,60,399.94,981.75,BENIGN
443,86682,2,872.52,932.81,BENIGN
443,75981,37,370.97,329.64,BENIGN
53,97148,9,718.24,392.0,BENIGN
22,842,262,1077.14,1.85,DDoS
443,24827,48,371.77,656.8,BENIGN
8080,640,189,870.49,6.26,DDoS
3306,65578,40,826.23,754.88,BENIGN
22,14044,43,435.79,514.51,BENIGN
8080,97237,18,398.26,833.24,BENIGN
80,7138,29,719.67,620.63,BENIGN
21,267,176,1057.35,71.15,DDoS
3306,11633,39,740.22,924.75,BENIGN
443,87406,39,768.94,776.58,BENIGN
80,21224,32,253.24,928.91,BENIGN
443,64276,73,706.04,377.13,BENIGN
53,19272,2,440.86,869.88,BENIGN
21,68369,17,101.69,151.27,BENIGN
80,21488,50,786.88,567.49,BENIGN
443,60454,40,608.91,421.33,BENIGN
25,69811,44,791.48,609.4,BENIGN
80,52818,60,870.02,836.89,BENIGN
21,99647,70,139.99,431.2,BENIGN
53,79396,19,245.82,771.39,BENIGN
53,25669,43,389.34,849.56,BENIGN
8080,88111,47,553.89,495.99,BENIGN
22,521,270,733.96,32.2,DDoS
22,210,297,1433.75,7.48,DDoS
22,30485,23,300.86,650.67,BENIGN
53,30184,56,688.28,531.53,BENIGN
443,20270,66,474.43,673.86,BENIGN
22,90826,19,50.6,276.41,BENIGN
22,40230,40,458.3,271.08,BENIGN
3306,73528,29,869.55,811.85,BENIGN
53,76107,19,375.35,889.53,BENIGN
22,848,270,908.95,40.51,DDoS
21,799,296,1117.22,62.02,DDoS
22,271,255,832.99,11.8,DDoS
22,70823,76,213.64,877.21,BENIGN
80,200,186,1156.69,20.19,DDoS
3306,8422,43,72.07,480.32,BENIGN
3306,66738,36,262.04,464.62,BENIGN
21,902,187,1393.35,44.58,DDoS
8080,512,279,1246.83,34.37,DDoS
53,5073,4,226.41,307.41,BENIGN
53,8989,80,585.06,118.19,BENIGN
80,569,100,976.38,60.8,DDoS
22,74859,18,624.5,982.53,BENIGN
53,763,264,1067.34,35.17,DDoS
53,18770,31,150.4,738.85,BENIGN
53,59684,74,96.94,397.55,BENIGN
22,196,94,1292.3,29.05,DDoS
3306,31677,8,195.57,537.9,BENIGN
8080,87445,5,544.74,151.29,BENIGN
80,10311,1,643.95,346.2,BENIGN
3306,91028,59,500.42,68.07,BENIGN
8080,895,124,1155.16,40.59,DDoS
22,35665,21,745.73,806.23,BENIGN
25,787,89,899.17,45.86,DDoS
80,731,201,1233.64,35.33,DDoS
25,46954,74,356.13,475.51,BENIGN
22,23139,13,352.61,436.08,BENIGN
22,456,142,1237.3,5.31,DDoS
3306,58199,20,373.6,845.59,BENIGN
53,385,279,851.61,74.85,DDoS
3306,66770,16,604.38,979.32,BENIGN
21,88325,37,605.97,294.45,BENIGN
8080,87385,19,825.05,633.43,BENIGN
22,58756,55,806.01,988.05,BENIGN
22,14966,72,548.23,136.15,BENIGN
443,52470,48,730.01,990.11,BENIGN
21,99226,33,265.89,63.51,BENIGN
22,12,110,1320.26,71.06,DDoS
25,2673,65,666.89,726.97,BENIGN
80,458,100,931.02,23.66,DDoS
25,52419,13,433.85,476.25,BENIGN
8080,70857,54,358.29,642.88,BENIGN
21,879,178,743.17,32.2,DDoS
22,1986,35,492.95,184.22,BENIGN
22,27744,33,448.03,552.61,BENIGN
21,74402,32,892.26,576.88,BENIGN
25,34516,58,277.15,474.6,BENIGN
53,58058,58,135.45,973.73,BENIGN
80,539,227,1362.45,43.74,DDoS
8080,489,99,1280.8,41.14,DDoS
53,313,102,755.01,62.75,DDoS
53,67809,71,714.84,158.42,BENIGN
3306,88467,45,736.34,667.93,BENIGN
3306,73049,38,628.0,577.71,BENIGN
443,89836,24,412.2,34.91,BENIGN
22,269,157,747.32,73.08,DDoS
8080,72,152,991.36,56.73,DDoS
80,689,173,925.67,20.29,DDoS
25,62,106,910.43,8.86,DDoS
80,98806,74,768.63,178.16,BENIGN
80,795,179,1440.63,0.17,DDoS
53,63479,28,83.41,447.29,BENIGN
21,250,189,1311.72,45.41,DDoS
22,760,229,936.03,9.31,DDoS
53,76273,62,769.71,267.99,BENIGN
53,6670,44,133.63,344.79,BENIGN
22,9383,41,286.68,104.68,BENIGN
21,419,220,1301.57,43.44,DDoS
80,106,82,736.02,42.0,DDoS
3306,555,233,1234.35,4.42,DDoS
22,653,197,722.28,17.37,DDoS
3306,12798,56,172.61,245.6,BENIGN
22,57796,51,174.04,222.95,BENIGN
25,35926,2,587.41,541.06,BENIGN
80,521,299,962.88,52.17,DDoS
8080,56527,68,292.28,602.03,BENIGN
443,98398,62,179.46,894.05,BENIGN
80,24322,59,732.2,267.39,BENIGN
25,49214,49,163.93,169.74,BENIGN
3306,63081,32,302.88,98.73,BENIGN
3306,489,207,927.72,42.09,DDoS
443,87867,4,309.31,452.16,BENIGN
8080,562,122,914.53,17.82,DDoS
443,68726,51,205.7,147.13,BENIGN
3306,883,170,1448.03,38.42,DDoS
25,378,179,806.41,48.97,DDoS
21,159,86,1175.43,11.46,DDoS
443,30989,55,87.85,486.49,BENIGN
53,63742,7,153.06,505.34,BENIGN
8080,201,147,1363.44,17.29,DDoS
53,19787,4,262.92,923.74,BENIGN
21,285,175,1064.03,65.04,DDoS
443,994,209,1028.84,46.79,DDoS
53,65368,17,335.96,574.11,BENIGN
3306,1470,11,469.88,363.4,BENIGN
8080,58005,20,179.54,141.42,BENIGN
21,56620,64,265.9,873.83,BENIGN
80,42098,4,332.31,214.48,BENIGN
443,37191,52,176.21,662.03,BENIGN
21,13897,62,528.15,508.21,BENIGN
443,73108,51,231.01,938.27,BENIGN
80,61135,51,391.91,575.92,BENIGN
3306,995,108,1318.19,58.48,DDoS
25,104,157,985.92,62.96,DDoS
443,554,249,1353.41,36.91,DDoS
8080,74,148,956.57,22.8,DDoS
3306,88482,7,849.21,785.9,BENIGN
80,227,259,1436.17,45.32,DDoS
21,311,233,1193.25,2.97,DDoS
8080,936,261,920.65,63.28,DDoS
22,335,250,926.32,75.85,DDoS
25,93917,46,525.08,589.28,BENIGN
22,513,158,1150.61,33.59,DDoS
8080,336,167,1228.43,68.04,DDoS
21,409,130,1213.45,60.53,DDoS
25,833,219,1256.09,71.39,DDoS
3306,18023,42,587.4,609.74,BENIGN
22,86354,74,128.87,361.35,BENIGN
22,21529,26,713.17,243.32,BENIGN
443,96634,53,586.91,666.42,BENIGN
80,62204,37,369.35,757.53,BENIGN
53,11,295,1350.42,9.76,DDoS
80,276,273,1230.06,44.07,DDoS
53,82217,41,432.54,885.37,BENIGN
8080,43765,1,432.44,524.39,BENIGN
53,50007,44,597.13,58.65,BENIGN
22,22452,26,290.1,980.83,BENIGN
53,65332,45,594.03,380.32,BENIGN
80,64363,8,544.53,717.7,BENIGN
25,6387,69,736.86,855.31,BENIGN
3306,4945,78,294.85,781.07,BENIGN
8080,73911,3,729.47,590.27,BENIGN
22,90643,3,822.5,217.68,BENIGN
8080,76089,6,440.49,349.71,BENIGN
443,10595,72,705.84,171.06,BENIGN
53,778,149,1038.14,0.81,DDoS
80,665,144,1441.5,48.61,DDoS
8080,13093,13,528.19,158.03,BENIGN
443,25759,51,647.11,432.79,BENIGN
3306,537,247,1433.19,37.62,DDoS
53,1038,64,815.59,744.9,BENIGN
53,39099,70,227.29,420.57,BENIGN
3306,742,256,1202.04,35.98,DDoS
25,963,256,772.38,9.69,DDoS
22,67335,60,513.53,203.87,BENIGN
25,95363,53,730.13,461.3,BENIGN
3306,33,268,855.27,79.36,DDoS
53,532,187,706.9,71.08,DDoS
21,59495,60,806.24,253.04,BENIGN
8080,185,214,1205.75,41.33,DDoS
8080,8162,80,825.19,952.68,BENIGN
80,44264,65,76.54,566.73,BENIGN
25,79019,9,797.74,607.84,BENIGN
8080,768,214,1142.98,66.94,DDoS
53,267,294,950.33,32.58,DDoS
8080,20632,12,52.89,197.89,BENIGN
443,926,152,871.76,54.33,DDoS
53,4310,69,569.23,425.0,BENIGN
443,96881,76,695.84,419.53,BENIGN
443,18721,50,519.11,448.97,BENIGN
22,77270,42,226.99,851.86,BENIGN
25,4288,71,412.65,357.62,BENIGN
443,741,133,1271.78,79.99,DDoS
3306,77793,47,824.46,599.17,BENIGN
443,76177,73,576.67,700.5,BENIGN
443,81358,16,585.25,330.74,BENIGN
25,68338,11,845.48,267.51,BENIGN
25,28401,59,348.91,64.77,BENIGN
80,494,260,1117.34,41.59,DDoS
25,44592,77,542.03,641.74,BENIGN
21,55115,44,807.53,889.96,BENIGN
22,76502,32,117.76,839.85,BENIGN
80,94901,80,873.0,742.93,BENIGN
3306,69892,69,681.41,81.55,BENIGN
25,79687,65,289.01,205.49,BENIGN
53,53023,38,453.66,262.59,BENIGN
3306,69603,66,44.88,121.48,BENIGN
443,69078,1,435.77,56.38,BENIGN
25,974,156,1114.81,8.48,DDoS
443,60372,42,132.27,445.75,BENIGN
22,39467,17,779.42,392.19,BENIGN
80,32993,47,532.71,94.22,BENIGN
21,979,102,957.41,0.6,DDoS
53,584,120,1028.16,35.42,DDoS
3306,917,117,762.17,0.92,DDoS
21,8449,37,482.81,955.81,BENIGN
21,52391,77,411.82,785.53,BENIGN
443,23713,32,812.29,423.08,BENIGN
25,95192,5,320.02,791.16,BENIGN
8080,45803,20,43.74,284.1,BENIGN
25,41455,52,826.54,722.57,BENIGN
21,510,278,1030.93,4.82,DDoS
21,35607,2,643.48,813.81,BENIGN
3306,599,117,759.71,67.15,DDoS
80,879,246,1020.8,23.88,DDoS
3306,19273,24,49.44,276.05,BENIGN
21,31108,67,834.5,675.49,BENIGN
21,66218,58,661.0,651.66,BENIGN
80,35422,68,66.53,478.9,BENIGN
22,43896,70,470.33,279.57,BENIGN
443,130,159,1024.06,53.71,DDoS
25,6919,75,498.68,486.63,BENIGN
53,78077,4,221.46,759.01,BENIGN
22,48251,47,701.61,947.86,BENIGN
443,3638,29,700.22,74.47,BENIGN
80,94730,30,186.86,646.96,BENIGN
53,67146,55,695.03,313.67,BENIGN
21,34528,79,729.45,832.53,BENIGN
3306,87626,56,604.35,894.6,BENIGN
8080,544,164,1088.22,71.07,DDoS
25,55,227,1055.95,7.4,DDoS
443,661,295,1053.22,60.43,DDoS
21,44549,6,546.21,65.62,BENIGN
443,866,239,980.33,63.27,DDoS
8080,1,267,1254.07,62.75,DDoS
8080,22927,64,834.8,389.51,BENIGN
3306,69798,62,61.15,561.5,BENIGN
8080,43,218,856.84,78.45,DDoS
25,24652,7,438.2,583.63,BENIGN
22,53236,70,717.31,167.9,BENIGN
25,536,129,1327.63,67.31,DDoS
25,6771,29,715.13,477.06,BENIGN
443,28880,47,188.37,558.66,BENIGN
80,64252,54,346.03,764.76,BENIGN
8080,75058,8,88.79,366.66,BENIGN
21,85219,78,729.15,28.35,BENIGN
25,9138,29,659.32,21.94,BENIGN
21,71,228,788.89,68.12,DDoS
8080,961,217,1345.07,13.97,DDoS
53,85285,5,790.75,786.23,BENIGN
3306,28925,51,844.77,174.52,BENIGN
22,93550,14,238.04,467.22,BENIGN
8080,22274,10,343.91,692.53,BENIGN
8080,51016,75,499.59,245.64,BENIGN
3306,74936,8,526.83,60.25,BENIGN
25,48298,38,473.33,101.72,BENIGN
21,65244,43,720.89,904.16,BENIGN
22,68510,57,546.03,824.18,BENIGN
8080,415,237,1165.04,7.52,DDoS
25,14724,5,467.15,635.78,BENIGN
3306,967,127,1176.31,60.47,DDoS
53,141,100,746.11,79.07,DDoS
25,628,298,1475.72,61.31,DDoS
80,257,184,915.98,41.61,DDoS
53,61163,66,423.21,335.83,BENIGN
3306,47653,71,839.26,196.78,BENIGN
22,5369,54,152.48,465.92,BENIGN
53,72843,26,523.42,116.58,BENIGN
8080,51806,18,245.91,737.27,BENIGN
3306,79216,48,87.7,146.97,BENIGN
3306,83405,76,529.57,87.17,BENIGN
3306,97054,34,889.68,414.8,BENIGN
25,875,104,770.27,25.93,DDoS
22,85765,70,363.21,469.34,BENIGN
8080,864,196,1047.49,49.29,DDoS
3306,20920,11,781.07,241.74,BENIGN
53,97980,34,537.65,392.27,BENIGN
443,717,127,1356.04,31.71,DDoS
53,30253,79,189.21,272.02,BENIGN
21,77500,22,591.01,636.44,BENIGN
53,44,178,1054.68,65.85,DDoS
8080,66295,26,349.72,609.73,BENIGN
80,42680,29,524.0,561.67,BENIGN
3306,44371,46,329.9,868.39,BENIGN
443,10535,56,244.32,580.99,BENIGN
21,593,283,1346.11,24.65,DDoS
80,876,125,930.36,48.17,DDoS
53,910,277,1039.46,14.89,DDoS
53,22297,62,713.08,227.91,BENIGN
3306,93550,21,378.5,82.35,BENIGN
80,43680,56,538.45,737.9,BENIGN
21,61768,50,845.44,668.92,BENIGN
53,41051,45,296.68,325.47,BENIGN
80,71816,40,470.76,58.28,BENIGN
22,20220,11,271.06,675.32,BENIGN
8080,687,280,894.35,38.75,DDoS
80,20601,13,770.23,20.8,BENIGN
21,99,294,889.73,11.83,DDoS
21,99761,42,445.0,985.58,BENIGN
25,607,143,1082.46,42.68,DDoS
53,600,293,1133.79,76.95,DDoS
21,85839,74,802.25,835.76,BENIGN
53,12569,11,121.13,948.95,BENIGN
443,994,162,902.07,32.07,DDoS
80,3006,10,728.35,696.42,BENIGN
3306,71831,62,240.65,756.09,BENIGN
443,55907,72,687.13,322.88,BENIGN
25,86717,45,257.46,474.44,BENIGN
443,726,158,738.97,51.82,DDoS
8080,270,136,823.76,18.67,DDoS
80,99591,79,189.12,221.97,BENIGN
22,50799,71,776.6,799.28,BENIGN
3306,31926,4,697.08,241.51,BENIGN
21,28854,70,662.94,167.1,BENIGN
80,90665,57,599.25,558.59,BENIGN
21,38453,22,575.28,414.61,BENIGN
21,56333,13,608.71,509.86,BENIGN
3306,210,263,1279.45,72.68,DDoS
22,13524,46,312.23,639.39,BENIGN
22,4487,39,106.75,530.54,BENIGN
80,834,203,1429.49,76.11,DDoS
3306,61583,23,477.44,620.85,BENIGN
8080,7420,36,727.59,822.79,BENIGN
22,60250,9,100.35,163.23,BENIGN
3306,243,111,912.52,36.74,DDoS
21,31191,75,265.27,346.67,BENIGN
25,86820,45,760.07,233.02,BENIGN
53,89379,37,286.42,958.19,BENIGN
22,33856,42,265.13,419.59,BENIGN
3306,89608,53,869.44,944.39,BENIGN
8080,38303,2,118.45,889.54,BENIGN
21,292,81,888.19,11.96,DDoS
8080,617,152,1422.2,71.63,DDoS
80,55383,61,629.7,588.69,BENIGN
22,18699,8,877.59,139.78,BENIGN
80,745,180,1214.22,12.36,DDoS
443,99,138,830.09,79.89,DDoS
53,314,158,1275.43,22.3,DDoS
443,508,228,848.71,16.22,DDoS
22,81611,76,153.06,796.24,BENIGN
443,403,104,1351.87,61.43,DDoS
22,55925,47,519.64,288.46,BENIGN
80,61152,46,152.22,631.62,BENIGN
443,85182,56,709.0,768.4,BENIGN
443,64186,12,617.79,157.24,BENIGN
22,207,263,763.88,40.22,DDoS
443,89613,16,385.18,164.4,BENIGN
21,689,238,808.11,38.17,DDoS
443,52355,6,221.66,46.81,BENIGN
3306,76681,61,302.81,446.64,BENIGN
8080,26084,18,644.33,233.93,BENIGN
22,682,167,914.09,45.21,DDoS
22,292,157,771.25,77.58,DDoS
80,7278,63,100.25,958.19,BENIGN
53,10153,3,765.85,462.38,BENIGN
443,782,271,1430.79,11.97,DDoS
3306,674,90,1463.46,69.14,DDoS
80,916,97,1433.75,45.68,DDoS
3306,80861,42,682.77,316.25,BENIGN
22,79198,40,853.03,78.32,BENIGN
21,535,108,1374.56,40.79,DDoS
25,36855,29,128.75,481.98,BENIGN
53,27600,71,348.59,157.08,BENIGN
53,616,97,730.23,32.33,DDoS
21,63277,43,574.41,740.1,BENIGN
25,62724,61,338.55,206.7,BENIGN
3306,19484,10,879.97,758.71,BENIGN
21,494,202,783.99,78.29,DDoS
25,22901,53,661.78,257.07,BENIGN
21,72065,21,456.66,137.3,BENIGN
3306,71859,25,82.1,145.49,BENIGN
443,46082,45,350.0,53.21,BENIGN
8080,28762,66,838.33,223.61,BENIGN
22,40739,66,364.19,870.45,BENIGN
25,88507,49,663.4,417.38,BENIGN
21,722,111,1054.45,8.58,DDoS
25,718,235,844.98,76.29,DDoS
80,73673,56,471.34,180.31,BENIGN
21,124,228,1068.0,24.56,DDoS
53,60305,11,685.94,90.15,BENIGN
443,40106,48,555.39,106.59,BENIGN
53,25229,59,538.68,327.73,BENIGN
3306,413,297,1429.8,77.12,DDoS
443,725,165,1233.09,74.29,DDoS
443,6707,72,327.97,687.23,BENIGN
25,56459,53,825.5,977.53,BENIGN
3306,63728,16,787.32,101.08,BENIGN
21,6070,7,301.71,881.49,BENIGN
443,45036,57,590.02,758.09,BENIGN
25,95319,15,325.38,526.87,BENIGN
53,437,152,1273.67,34.54,DDoS
53,51119,54,296.41,51.86,BENIGN
443,491,183,840.02,34.66,DDoS
53,1386,12,544.9,86.8,BENIGN
21,337,233,1003.47,31.08,DDoS
3306,54010,64,131.83,984.73,BENIGN
3306,25823,78,419.42,522.47,BENIGN
25,38277,73,264.97,140.21,BENIGN
443,88566,59,228.93,880.53,BENIGN
25,74373,46,233.5,994.61,BENIGN
22,2509,78,474.74,827.21,BENIGN
53,785,273,1008.23,60.58,DDoS
443,72798,5,572.35,641.21,BENIGN
8080,573,253,1450.65,62.34,DDoS
3306,29750,46,729.81,805.33,BENIGN
53,13485,37,430.87,902.33,BENIGN
80,5018,65,155.57,848.49,BENIGN
22,77443,2,59.34,900.11,BENIGN
3306,34255,60,271.78,517.99,BENIGN
53,501,293,1221.25,55.67,DDoS
8080,93255,27,73.6,494.89,BENIGN
22,273,172,1279.96,21.98,DDoS
8080,23046,32,711.13,175.29,BENIGN
80,24293,45,413.61,241.58,BENIGN
3306,379,282,1085.53,6.23,DDoS
80,940,249,1298.84,43.16,DDoS
8080,672,111,1302.98,45.75,DDoS
21,80,211,1039.82,34.82,DDoS
21,25207,33,319.97,811.42,BENIGN
21,9312,56,700.41,328.96,BENIGN
25,9648,39,231.56,485.44,BENIGN
22,24155,20,583.06,343.24,BENIGN
22,67907,1,44.85,625.44,BENIGN
3306,64703,2,298.59,999.62,BENIGN
25,12269,72,492.5,417.59,BENIGN
53,83709,55,336.0,520.97,BENIGN
443,65328,22,720.09,765.22,BENIGN
80,25191,25,371.52,119.83,BENIGN
53,148,296,1103.55,51.66,DDoS
53,56414,34,206.63,933.67,BENIGN
53,28487,63,837.93,111.6,BENIGN
443,23650,58,246.2,401.33,BENIGN
53,20667,30,324.98,860.99,BENIGN
53,85492,70,734.39,878.59,BENIGN
22,38758,74,316.29,206.89,BENIGN
80,32194,18,782.15,630.53,BENIGN
21,518,232,738.66,61.55,DDoS
53,98177,27,873.97,627.74,BENIGN
3306,51553,74,525.06,915.84,BENIGN
443,27726,19,272.12,934.27,BENIGN
3306,876,166,1093.87,31.83,DDoS
80,84614,31,186.24,244.3,BENIGN
21,760,248,764.81,69.11,DDoS
53,52887,3,296.57,539.19,BENIGN
443,90858,29,122.2,64.78,BENIGN
3306,44252,45,556.42,463.95,BENIGN
443,6249,50,828.68,193.6,BENIGN
3306,294,182,1371.5,2.62,DDoS
25,63579,59,805.89,693.52,BENIGN
21,34813,72,267.53,563.6,BENIGN
8080,66784,67,398.43,250.58,BENIGN
25,81930,6,414.75,777.79,BENIGN
8080,86562,34,806.76,409.37,BENIGN
3306,956,145,1446.68,69.34,DDoS
21,99863,41,879.85,387.45,BENIGN
80,94917,8,547.49,975.62,BENIGN
25,42386,25,435.98,261.67,BENIGN
8080,90405,8,639.98,852.81,BENIGN
3306,87263,34,502.96,44.82,BENIGN
25,683,218,1026.82,18.6,DDoS
443,3454,5,334.4,465.43,BENIGN
21,72487,30,772.54,747.83,BENIGN
21,906,272,1337.6,18.76,DDoS
3306,75116,75,114.44,989.26,BENIGN
53,37362,25,569.1,421.52,BENIGN
22,79451,61,519.36,918.89,BENIGN
443,16091,42,856.31,151.17,BENIGN
443,68328,40,288.88,956.92,BENIGN
8080,32371,27,256.4,52.63,BENIGN
443,877,111,834.54,44.91,DDoS
3306,605,103,914.94,33.13,DDoS
21,87580,73,196.89,552.46,BENIGN
443,497,217,1268.22,61.65,DDoS
443,32154,27,446.65,857.0,BENIGN
80,15670,34,203.66,374.11,BENIGN
8080,36232,39,331.39,578.37,BENIGN
8080,76888,69,372.81,725.12,BENIGN
53,37472,34,555.19,217.35,BENIGN
53,77358,28,822.68,947.09,BENIGN
3306,879,185,908.55,57.94,DDoS
8080,92071,5,209.68,200.56,BENIGN
443,35086,6,729.54,480.19,BENIGN
8080,93996,41,551.1,885.76,BENIGN
443,177,289,1123.62,73.12,DDoS
8080,95962,15,122.54,226.25,BENIGN
22,52661,6,210.72,310.16,BENIGN
25,49263,58,277.16,642.72,BENIGN
53,35409,49,822.32,619.57,BENIGN
443,517,99,1428.18,11.44,DDoS
53,93223,74,92.94,355.17,BENIGN
53,22237,58,685.79,91.21,BENIGN
8080,55482,2,574.72,210.96,BENIGN
53,66904,53,303.03,532.68,BENIGN
53,75028,57,687.84,918.41,BENIGN
80,43981,48,334.92,926.1,BENIGN
25,161,234,1076.95,14.69,DDoS
3306,36467,75,137.23,666.77,BENIGN
443,795,265,1016.54,78.17,DDoS
21,48001,26,658.39,874.54,BENIGN
25,35215,63,838.86,128.05,BENIGN
53,47235,36,798.03,202.62,BENIGN
53,471,289,1244.12,66.76,DDoS
443,38114,47,253.84,498.02,BENIGN
3306,541,176,739.07,2.77,DDoS
80,98163,17,341.62,252.46,BENIGN
25,92171,75,735.66,900.47,BENIGN
25,14892,80,562.33,623.29,BENIGN
443,32,270,772.74,21.27,DDoS
443,411,287,1345.88,57.03,DDoS
80,511,127,1460.94,45.57,DDoS
3306,9108,54,832.27,284.19,BENIGN
21,717,211,808.55,1.03,DDoS
25,48968,33,269.57,119.61,BENIGN
22,921,167,1119.12,12.33,DDoS
443,54020,33,778.28,87.55,BENIGN
53,11566,18,654.48,86.28,BENIGN
8080,66470,12,371.5,242.86,BENIGN
22,20,104,732.76,60.37,DDoS
25,2,136,1429.37,60.89,DDoS
8080,48934,63,569.79,352.47,BENIGN
3306,35496,20,782.51,735.34,BENIGN
443,15409,41,374.63,957.21,BENIGN
25,12032,47,843.85,53.8,BENIGN
21,5404,58,389.71,819.46,BENIGN
443,63687,68,234.38,320.36,BENIGN
21,32871,65,667.47,819.1,BENIGN
80,29325,54,895.45,475.37,BENIGN
80,41,199,1190.45,26.96,DDoS
80,421,247,704.85,27.24,DDoS
53,59942,21,196.91,36.17,BENIGN
25,92714,65,704.76,791.92,BENIGN
80,782,94,1226.07,42.52,DDoS
21,57246,62,346.94,558.12,BENIGN
21,24633,4,871.55,119.75,BENIGN
3306,75635,75,495.17,356.54,BENIGN
22,71733,29,272.16,245.35,BENIGN
22,632,108,929.36,29.3,DDoS
8080,57561,70,120.76,725.01,BENIGN
21,7302,16,693.74,615.62,BENIGN
80,49940,28,480.2,731.58,BENIGN
25,139,133,1030.69,9.62,DDoS
8080,60576,64,719.06,599.74,BENIGN
53,88002,38,862.16,493.92,BENIGN
21,29549,28,605.9,599.6,BENIGN
80,309,261,1366.88,8.96,DDoS
53,288,265,989.72,56.96,DDoS
3306,34383,35,197.33,798.29,BENIGN
3306,73558,58,863.39,185.71,BENIGN
3306,835,204,967.44,50.39,DDoS
80,17877,19,53.13,603.55,BENIGN
53,34691,51,84.78,834.32,BENIGN
3306,211,288,824.98,20.09,DDoS
8080,50388,16,184.86,336.28,BENIGN
22,27906,15,126.89,189.78,BENIGN
53,43,267,1272.98,77.22,DDoS
443,4714,57,362.71,249.67,BENIGN
22,391,94,1216.2,48.2,DDoS
3306,15895,55,126.42,337.02,BENIGN
21,66004,20,645.51,484.71,BENIGN
443,80451,5,899.52,528.4,BENIGN
21,530,167,1328.59,3.78,DDoS
22,10742,7,517.67,450.2,BENIGN
443,51706,37,801.97,591.62,BENIGN
8080,50228,28,295.39,41.12,BENIGN
80,27045,37,53.72,604.84,BENIGN
21,41342,69,549.07,763.51,BENIGN
22,11544,73,444.04,519.43,BENIGN
8080,28434,26,525.19,443.87,BENIGN
22,59716,10,103.95,794.75,BENIGN
25,52472,29,596.79,374.7,BENIGN
443,14802,41,669.53,725.83,BENIGN
53,861,202,943.54,33.97,DDoS
8080,81416,41,400.03,522.82,BENIGN
21,31476,36,168.28,737.31,BENIGN
443,81107,20,643.3,758.72,BENIGN
80,23963,80,667.04,764.31,BENIGN
53,81307,25,320.78,218.17,BENIGN
3306,691,83,1221.56,26.77,DDoS
8080,66449,6,883.19,884.92,BENIGN
53,919,243,1302.7,62.65,DDoS
21,42798,9,302.56,84.14,BENIGN
443,38860,59,824.8,577.24,BENIGN
53,16802,55,719.83,21.03,BENIGN
80,75201,6,654.34,71.27,BENIGN
22,62049,64,252.79,42.12,BENIGN
443,36698,9,812.86,372.93,BENIGN
22,596,252,1093.78,34.1,DDoS
3306,17590,32,465.56,336.73,BENIGN
53,22516,5,277.23,319.83,BENIGN
22,3389,20,292.7,616.89,BENIGN
22,3052,48,691.79,924.81,BENIGN
25,29716,34,423.46,803.8,BENIGN
80,24021,17,290.95,911.73,BENIGN
21,76452,30,458.44,49.97,BENIGN
25,37344,35,158.64,939.86,BENIGN
21,36467,38,271.21,666.94,BENIGN
443,8370,29,702.18,578.37,BENIGN
25,11757,22,504.02,85.09,BENIGN
8080,25655,34,783.14,885.77,BENIGN
443,9916,50,396.88,918.11,BENIGN
25,82120,23,457.03,540.93,BENIGN
21,963,139,1153.95,49.11,DDoS
53,94808,30,392.79,814.23,BENIGN
25,278,94,901.22,59.18,DDoS
21,43447,61,332.97,465.64,BENIGN
8080,85784,69,600.84,957.92,BENIGN
80,50205,75,215.0,117.79,BENIGN
443,184,183,1477.01,19.63,DDoS
53,19539,31,623.04,571.56,BENIGN
53,730,216,1252.22,61.8,DDoS
443,74173,41,333.44,448.97,BENIGN
8080,39196,58,216.47,802.35,BENIGN
21,74487,35,221.33,535.15,BENIGN
53,1000,138,1324.94,78.59,DDoS
25,355,82,902.77,3.39,DDoS
53,68849,7,571.31,492.82,BENIGN
22,90089,33,770.89,782.32,BENIGN
25,60173,68,779.96,869.88,BENIGN
25,32547,8,163.09,345.94,BENIGN
22,25855,64,155.32,100.34,BENIGN
80,25202,77,476.15,101.83,BENIGN
443,98659,18,392.29,137.17,BENIGN
25,239,228,1189.58,0.14,DDoS
443,34599,3,295.59,241.49,BENIGN
8080,866,255,1427.29,30.14,DDoS
53,27747,17,215.8,924.02,BENIGN
80,80338,9,420.97,997.02,BENIGN
80,99779,68,80.55,298.19,BENIGN
53,50083,35,897.4,181.36,BENIGN
25,85759,38,415.85,107.57,BENIGN
22,59051,40,808.2,78.18,BENIGN
443,678,135,954.07,46.8,DDoS
53,19540,60,584.36,384.41,BENIGN
3306,80644,54,723.77,766.5,BENIGN
80,30455,52,199.98,57.54,BENIGN
53,31064,3,201.0,468.08,BENIGN
443,93350,36,882.94,124.98,BENIGN
53,811,118,921.03,2.07,DDoS
443,25054,75,485.69,717.19,BENIGN
21,301,167,763.6,48.11,DDoS
443,71982,65,853.19,986.23,BENIGN
25,780,105,1244.87,50.04,DDoS
21,31582,29,520.7,524.65,BENIGN
8080,72730,23,606.6,200.97,BENIGN
53,817,254,1184.07,32.5,DDoS
443,69257,45,60.7,128.63,BENIGN
80,92680,29,85.65,954.5,BENIGN
8080,669,224,928.71,31.91,DDoS
443,19351,42,515.58,633.68,BENIGN
21,151,125,739.8,19.77,DDoS
21,1116,16,95.85,233.61,BENIGN
25,52530,21,803.09,272.03,BENIGN
3306,73327,63,480.1,863.96,BENIGN
443,87108,4,314.29,964.03,BENIGN
21,58592,65,539.83,634.99,BENIGN
22,80844,17,472.15,836.19,BENIGN
22,69848,61,794.87,816.53,BENIGN
22,65999,41,51.19,674.6,BENIGN
53,65102,75,538.25,840.07,BENIGN
443,2847,74,131.28,805.96,BENIGN
53,90892,50,592.28,727.29,BENIGN
53,84847,2,74.41,682.12,BENIGN
443,76777,40,55.58,781.55,BENIGN
3306,66705,42,134.58,295.39,BENIGN
25,27314,35,550.95,636.93,BENIGN
21,55359,34,629.57,732.8,BENIGN
21,81758,78,750.79,484.28,BENIGN
21,72663,9,770.94,610.25,BENIGN
8080,855,188,975.38,30.24,DDoS
443,80025,80,679.91,421.77,BENIGN
8080,48717,36,658.54,430.71,BENIGN
25,15447,7,807.11,490.21,BENIGN
25,61,100,1108.31,58.23,DDoS
21,690,186,1005.68,44.92,DDoS
22,662,219,1079.69,6.58,DDoS
25,53075,78,439.69,482.41,BENIGN
21,15452,20,725.32,130.12,BENIGN
3306,14871,9,567.99,960.44,BENIGN
21,990,216,945.27,17.74,DDoS
80,36621,34,645.05,285.94,BENIGN
443,76793,69,778.72,668.37,BENIGN
443,48416,50,778.49,251.82,BENIGN
53,13790,14,544.98,119.54,BENIGN
443,959,276,1187.71,4.15,DDoS
25,34593,49,470.82,944.91,BENIGN
80,487,243,1427.83,32.67,DDoS
443,29753,66,606.93,705.65,BENIGN
21,97336,8,392.37,428.52,BENIGN
21,78220,11,420.47,698.94,BENIGN
21,55070,66,108.79,351.57,BENIGN
25,53022,80,393.75,803.39,BENIGN
3306,431,254,1002.62,58.76,DDoS
3306,811,255,1448.81,57.81,DDoS
80,30854,20,834.89,818.97,BENIGN
80,393,158,1152.1,40.1,DDoS
25,76156,34,812.03,757.05,BENIGN
80,68633,28,66.27,730.45,BENIGN
25,431,155,1374.03,7.46,DDoS
22,209,136,1449.35,34.12,DDoS
25,766,230,747.05,70.42,DDoS
443,11325,62,421.2,352.14,BENIGN
53,95280,14,500.41,535.66,BENIGN
53,680,225,727.01,17.08,DDoS
8080,815,103,860.89,74.05,DDoS
443,65386,52,556.66,238.53,BENIGN
80,30692,14,805.17,34.33,BENIGN
3306,486,232,1154.25,25.18,DDoS
443,88651,58,413.2,701.58,BENIGN
25,975,185,757.7,41.85,DDoS
80,97782,49,57.15,509.13,BENIGN
21,22342,78,74.68,730.41,BENIGN
443,34288,42,119.8,331.7,BENIGN
53,46398,35,610.23,905.36,BENIGN
25,571,91,756.97,40.19,DDoS
80,895,106,902.22,40.52,DDoS
443,18937,43,50.66,476.35,BENIGN
80,380,220,735.72,44.77,DDoS
8080,683,160,974.3,6.91,DDoS
22,34442,63,819.96,574.12,BENIGN
25,60842,49,278.78,415.74,BENIGN
53,18878,64,805.41,332.66,BENIGN
443,86421,60,429.52,255.57,BENIGN
21,621,140,751.3,71.97,DDoS
443,260,106,807.88,19.53,DDoS
25,700,134,1127.17,17.37,DDoS
53,83413,66,891.67,341.12,BENIGN
443,42530,29,602.74,74.73,BENIGN
22,95609,61,466.84,863.69,BENIGN
22,89159,26,859.31,169.78,BENIGN
22,517,254,1426.14,24.27,DDoS
22,575,134,1417.67,33.98,DDoS
443,93,194,1201.81,79.1,DDoS
25,981,163,1458.05,73.88,DDoS
25,84682,60,297.35,398.71,BENIGN
3306,1481,76,78.81,98.77,BENIGN
8080,72188,48,44.31,105.66,BENIGN
22,155,260,812.73,30.81,DDoS
80,28345,40,511.46,463.01,BENIGN
80,2544,34,435.46,677.23,BENIGN
8080,492,98,840.1,31.84,DDoS
80,59360,22,84.73,829.36,BENIGN
8080,288,190,1002.5,77.89,DDoS
25,898,219,909.55,50.39,DDoS
3306,12511,11,386.51,558.29,BENIGN
21,58759,66,76.83,27.04,BENIGN
21,84426,44,489.94,509.35,BENIGN
443,79223,51,581.14,346.26,BENIGN
25,27338,78,741.54,270.64,BENIGN
3306,9840,6,871.44,614.87,BENIGN
22,90362,31,44.57,685.29,BENIGN
443,87497,75,833.87,461.8,BENIGN
8080,638,263,1160.8,76.89,DDoS
25,9638,10,816.85,460.96,BENIGN
22,39010,40,175.32,981.96,BENIGN
3306,48127,75,307.5,236.75,BENIGN
3306,68,246,1239.19,65.7,DDoS
3306,99702,12,255.81,601.15,BENIGN
3306,805,190,930.77,26.56,DDoS
25,26,246,1088.42,13.42,DDoS
8080,41,227,877.68,14.81,DDoS
8080,51313,59,63.25,179.17,BENIGN
25,832,182,1391.7,20.82,DDoS
443,22267,73,116.58,613.16,BENIGN
80,89590,65,479.53,670.86,BENIGN
3306,91248,63,645.01,642.16,BENIGN
53,65847,6,830.13,953.48,BENIGN
25,90146,12,374.88,818.49,BENIGN
80,67,148,1272.73,50.16,DDoS
80,48694,12,688.19,290.09,BENIGN
53,17998,69,526.85,683.12,BENIGN
443,376,170,1105.94,74.84,DDoS
8080,203,107,1240.45,21.84,DDoS
80,88563,46,780.52,578.32,BENIGN
80,68320,45,784.3,935.79,BENIGN
8080,949,85,929.38,34.5,DDoS
21,61332,42,118.57,950.87,BENIGN
53,103,284,1432.02,52.59,DDoS
80,63892,41,700.31,118.52,BENIGN
8080,718,197,1085.34,12.39,DDoS
80,97231,61,827.08,48.04,BENIGN
8080,809,166,1209.92,10.69,DDoS
22,522,166,1445.35,73.8,DDoS
443,592,81,897.08,19.04,DDoS
443,97934,57,853.78,397.34,BENIGN
3306,37592,12,859.57,225.66,BENIGN
22,33,240,1180.85,41.78,DDoS
21,47871,34,651.25,521.49,BENIGN
25,236,271,1009.68,14.51,DDoS
443,24390,52,725.95,583.11,BENIGN
8080,61,146,1361.94,48.2,DDoS
25,61779,55,221.74,752.5,BENIGN
8080,62909,17,415.42,420.55,BENIGN
443,36742,16,518.57,166.73,BENIGN
443,12525,75,699.36,420.24,BENIGN
53,70522,40,785.58,346.63,BENIGN
25,55784,30,559.01,809.8,BENIGN
443,5294,31,740.89,510.95,BENIGN
80,511,235,1443.69,22.3,DDoS
25,82,86,1274.58,12.4,DDoS
8080,10222,75,860.19,127.34,BENIGN
22,71,186,1161.63,70.45,DDoS
3306,94298,22,437.03,579.18,BENIGN
25,61592,79,70.96,581.03,BENIGN
53,39265,74,578.46,398.16,BENIGN
8080,28023,31,717.64,239.62,BENIGN
80,95,226,1222.38,79.72,DDoS
25,24614,39,774.8,431.24,BENIGN
21,87625,49,495.65,522.32,BENIGN
443,904,191,842.54,33.37,DDoS
21,68173,15,309.27,712.44,BENIGN
80,180,125,968.33,52.05,DDoS
80,81494,36,193.82,100.31,BENIGN
80,45282,64,257.81,991.79,BENIGN
8080,3161,7,573.38,389.93,BENIGN
443,72767,71,73.08,749.04,BENIGN
21,932,85,966.92,36.7,DDoS
25,88523,80,40.01,338.28,BENIGN
3306,5168,15,312.93,590.36,BENIGN
53,65921,5,345.77,960.8,BENIGN
25,35392,32,236.86,209.56,BENIGN
8080,90069,47,534.01,931.99,BENIGN
21,64651,45,325.32,751.56,BENIGN
22,737,253,848.95,30.24,DDoS
21,844,233,1368.4,18.27,DDoS
8080,21161,80,167.59,76.97,BENIGN
443,92090,13,813.7,192.28,BENIGN
25,216,212,838.55,0.28,DDoS
3306,34708,4,441.35,823.17,BENIGN
8080,97153,45,790.5,770.31,BENIGN
8080,718,209,1254.77,35.17,DDoS
80,3017,1,793.59,219.63,BENIGN
21,12527,37,216.75,216.64,BENIGN
8080,362,241,1054.11,28.33,DDoS
53,94799,3,712.74,256.51,BENIGN
22,64403,77,51.54,923.22,BENIGN
80,600,259,1409.4,18.78,DDoS
25,42183,66,624.07,299.1,BENIGN
25,57553,75,302.11,844.83,BENIGN
3306,61690,54,723.25,125.71,BENIGN
25,10987,14,511.81,97.34,BENIGN
25,9962,49,557.82,372.85,BENIGN
21,70668,13,813.46,151.96,BENIGN
22,144,121,832.33,56.87,DDoS
80,92801,68,859.02,462.55,BENIGN
3306,88194,17,540.82,603.66,BENIGN
21,461,124,774.65,78.53,DDoS
21,20343,15,258.31,90.06,BENIGN
80,614,205,1280.83,16.62,DDoS
80,37,179,855.06,15.81,DDoS
25,2043,8,748.37,61.1,BENIGN
80,11978,28,864.01,624.92,BENIGN
80,37749,48,159.81,37.04,BENIGN
3306,13845,70,437.69,680.46,BENIGN
443,72379,46,705.31,628.13,BENIGN
25,41331,50,493.4,497.38,BENIGN
22,66100,45,64.58,987.79,BENIGN
25,88867,9,89.41,154.83,BENIGN
22,18021,22,188.02,478.56,BENIGN
25,944,260,820.42,59.63,DDoS
53,533,237,1196.63,7.75,DDoS
53,64565,56,576.62,473.86,BENIGN
53,37845,54,818.35,840.63,BENIGN
22,3928,72,259.15,681.64,BENIGN
80,76613,39,359.92,776.31,BENIGN
22,56104,15,613.68,716.47,BENIGN
21,22513,69,224.41,546.69,BENIGN
80,10835,48,294.18,235.92,BENIGN
8080,18621,39,230.55,345.31,BENIGN
53,62667,72,374.59,947.64,BENIGN
443,847,277,1110.63,26.79,DDoS
22,85424,31,597.09,732.95,BENIGN
22,35068,26,628.11,526.32,BENIGN
21,42603,32,454.75,933.02,BENIGN
21,39768,65,213.31,814.67,BENIGN
3306,13557,80,307.29,950.98,BENIGN
25,760,265,888.9,65.23,DDoS
53,14506,7,179.22,622.4,BENIGN
21,49146,1,783.44,486.74,BENIGN
8080,93014,4,323.81,465.48,BENIGN
8080,32929,35,294.35,959.82,BENIGN
21,73256,68,591.41,172.99,BENIGN
8080,827,233,1384.66,51.56,DDoS
3306,13150,39,445.24,762.44,BENIGN
53,34493,74,686.44,543.78,BENIGN
25,64429,48,221.31,211.7,BENIGN
80,219,287,1237.89,70.07,DDoS
25,81782,15,581.89,638.1,BENIGN
53,37531,56,256.64,634.25,BENIGN
80,377,184,780.83,8.58,DDoS
21,851,214,1052.63,62.79,DDoS
80,61562,71,481.5,419.72,BENIGN
8080,806,120,823.93,10.12,DDoS
53,84018,29,266.51,962.67,BENIGN
443,13,146,1019.38,75.38,DDoS
8080,96924,4,369.75,873.25,BENIGN
22,9650,4,371.84,730.71,BENIGN
80,37078,69,386.07,210.51,BENIGN
53,32304,40,435.78,664.84,BENIGN
3306,77236,2,838.05,796.31,BENIGN
8080,992,225,1159.24,7.92,DDoS
3306,53825,18,391.9,31.19,BENIGN
22,221,107,1052.14,32.21,DDoS
53,28803,63,423.1,502.81,BENIGN
443,83820,68,847.9,505.8,BENIGN
53,84647,34,893.81,737.57,BENIGN
21,25048,31,489.78,192.02,BENIGN
8080,54087,63,616.71,338.38,BENIGN
22,1627,3,311.39,212.95,BENIGN
21,48941,13,198.05,679.12,BENIGN
25,59976,17,291.81,239.26,BENIGN
25,346,295,1154.97,25.15,DDoS
21,87,117,771.05,13.97,DDoS
443,35094,6,222.8,189.27,BENIGN
21,52428,60,105.5,441.22,BENIGN
8080,83466,32,281.09,604.95,BENIGN
53,539,292,1194.43,42.07,DDoS
443,240,179,1103.15,18.2,DDoS
8080,21038,66,41.27,267.15,BENIGN
8080,39278,4,116.3,484.2,BENIGN
25,3229,22,755.94,735.08,BENIGN
443,99099,15,248.59,320.79,BENIGN
3306,53357,20,713.85,242.1,BENIGN
21,40961,80,529.36,588.29,BENIGN
25,59454,55,135.73,830.19,BENIGN
443,49495,7,221.2,989.95,BENIGN
8080,93921,22,663.98,871.23,BENIGN
21,99633,48,826.02,473.51,BENIGN
80,389,255,1148.33,79.65,DDoS
53,724,107,1069.99,62.87,DDoS
80,658,297,1426.65,55.22,DDoS
3306,7939,33,635.29,290.85,BENIGN
25,33858,54,117.84,815.22,BENIGN
80,69496,11,64.59,442.16,BENIGN
3306,739,185,1191.14,11.35,DDoS
22,75723,69,699.59,33.58,BENIGN
53,69826,40,293.21,92.94,BENIGN
53,6534,39,803.53,655.63,BENIGN
53,287,138,1180.6,59.25,DDoS
21,483,191,1326.59,46.09,DDoS
3306,7565,34,677.76,650.07,BENIGN
443,22757,3,275.13,506.14,BENIGN
25,4694,26,229.81,756.7,BENIGN
21,347,156,737.03,70.18,DDoS
22,77571,59,173.37,797.88,BENIGN
443,87282,70,52.31,612.82,BENIGN
25,847,216,838.24,76.09,DDoS
8080,21351,18,730.37,525.63,BENIGN
80,37263,79,443.96,406.89,BENIGN
443,30661,52,705.82,529.63,BENIGN
3306,50120,66,717.69,712.63,BENIGN
3306,638,114,1473.5,36.61,DDoS
21,12561,74,860.09,744.26,BENIGN
443,584,300,1472.91,4.7,DDoS
443,89419,29,418.87,685.06,BENIGN
25,96524,30,668.64,382.32,BENIGN
3306,932,82,1380.41,40.97,DDoS
443,70906,41,544.8,574.62,BENIGN
53,13755,33,740.87,164.57,BENIGN
53,47662,59,144.34,544.21,BENIGN
80,44874,5,783.69,282.72,BENIGN
8080,92777,53,385.28,931.94,BENIGN
22,80981,40,599.15,893.72,BENIGN
25,65637,2,235.05,148.44,BENIGN
443,53,295,1033.21,38.89,DDoS
443,62638,71,464.73,984.25,BENIGN
8080,535,83,771.0,4.22,DDoS
21,49733,50,367.51,830.59,BENIGN
8080,32148,72,126.63,378.46,BENIGN
25,57722,58,174.49,64.22,BENIGN
3306,151,84,1245.75,34.77,DDoS
25,885,283,775.95,12.37,DDoS
21,81475,51,262.82,347.47,BENIGN
8080,836,80,1010.46,48.43,DDoS
21,93789,76,113.02,502.98,BENIGN
3306,251,91,1475.05,10.92,DDoS
21,89970,32,167.68,625.22,BENIGN
80,10179,36,342.56,221.95,BENIGN
8080,86217,9,151.23,764.52,BENIGN
3306,92169,39,854.27,266.39,BENIGN
443,18647,38,427.93,366.11,BENIGN
53,11,227,1235.87,31.27,DDoS
25,51757,2,109.89,20.11,BENIGN
3306,34581,63,720.95,966.08,BENIGN
80,496,232,956.78,67.24,DDoS
443,35120,73,484.97,233.47,BENIGN
53,80613,16,644.16,921.13,BENIGN
53,8647,4,672.38,56.77,BENIGN
80,60660,56,668.2,496.74,BENIGN
3306,281,291,1334.34,68.87,DDoS
80,52137,51,281.7,35.66,BENIGN
443,941,267,1418.38,69.43,DDoS
3306,37927,23,221.87,297.46,BENIGN
3306,21303,46,787.78,272.78,BENIGN
8080,933,264,1455.47,1.94,DDoS
80,40701,33,120.26,415.37,BENIGN
53,68980,38,540.6,320.9,BENIGN
8080,658,114,1201.7,32.59,DDoS
443,5261,30,363.91,117.35,BENIGN
53,68131,71,695.2,887.18,BENIGN
3306,47658,6,394.67,983.09,BENIGN
53,28427,18,864.42,748.27,BENIGN
25,49832,2,728.27,598.08,BENIGN
80,52540,78,459.43,258.81,BENIGN
21,76691,50,437.36,852.34,BENIGN
8080,975,239,1037.01,76.31,DDoS
80,886,216,816.2,44.23,DDoS
8080,91,173,793.35,72.95,DDoS
21,746,115,1347.84,41.44,DDoS
80,92921,6,800.11,421.15,BENIGN
53,7339,12,186.59,656.58,BENIGN
3306,8961,19,221.39,915.07,BENIGN
443,353,196,971.39,49.59,DDoS
443,12076,30,274.07,224.83,BENIGN
3306,2250,63,444.94,646.21,BENIGN
22,82,144,1419.57,37.84,DDoS
53,341,291,1044.53,17.96,DDoS
25,760,116,1222.78,65.61,DDoS
53,87046,51,407.54,366.72,BENIGN
443,977,163,763.87,17.72,DDoS
25,55055,57,172.87,797.91,BENIGN
25,199,116,1099.22,18.95,DDoS
80,211,82,1480.09,27.08,DDoS
21,474,286,903.3,53.06,DDoS
21,31791,52,361.72,290.26,BENIGN
3306,78277,79,541.16,265.53,BENIGN
22,479,143,1208.88,52.82,DDoS
8080,56977,3,530.97,196.97,BENIGN
80,15003,3,87.86,197.98,BENIGN
443,346,211,997.55,19.29,DDoS
21,33923,27,325.12,856.05,BENIGN
3306,368,140,1197.93,58.66,DDoS
53,19422,29,785.52,121.04,BENIGN
21,26127,73,434.32,135.3,BENIGN
443,14741,39,211.15,714.83,BENIGN
443,843,145,1327.98,68.13,DDoS
22,599,287,1248.5,40.84,DDoS
8080,26768,38,169.78,207.53,BENIGN
25,858,199,1164.64,2.39,DDoS
80,43516,73,860.87,980.71,BENIGN
80,29900,59,97.29,738.29,BENIGN
25,50382,65,254.64,319.79,BENIGN
22,416,108,1222.89,9.12,DDoS
25,587,133,1148.78,70.02,DDoS
443,80892,6,121.45,379.9,BENIGN
53,44927,54,302.41,554.45,BENIGN
3306,63641,39,688.55,866.38,BENIGN
21,34140,20,741.37,215.34,BENIGN
80,48929,67,542.04,236.34,BENIGN
21,47877,63,425.32,751.89,BENIGN
80,381,94,850.38,26.59,DDoS
80,8559,6,105.98,731.42,BENIGN
8080,27961,23,345.79,117.14,BENIGN
22,90372,29,126.79,758.66,BENIGN
22,32646,12,90.73,470.53,BENIGN
21,52723,66,208.56,513.53,BENIGN
80,18603,46,288.43,848.48,BENIGN
22,7618,50,194.28,816.97,BENIGN
22,674,234,1282.39,55.09,DDoS
3306,912,174,752.82,65.03,DDoS
21,13657,12,461.98,848.62,BENIGN
22,69421,39,504.49,644.89,BENIGN
25,34828,63,693.62,701.37,BENIGN
8080,189,162,1376.64,62.1,DDoS
443,75732,30,882.52,684.75,BENIGN
22,47088,67,139.21,816.71,BENIGN
80,98134,15,434.25,279.94,BENIGN
25,79874,38,263.25,351.75,BENIGN
443,39363,77,481.53,500.5,BENIGN
8080,917,174,828.43,54.49,DDoS
25,316,113,991.31,70.48,DDoS
53,956,142,1433.83,10.29,DDoS
80,53511,68,407.14,24.86,BENIGN
8080,46,295,1198.45,64.54,DDoS
443,73086,52,831.87,156.84,BENIGN
21,78,217,1351.79,65.91,DDoS
443,92,222,1126.43,11.05,DDoS
53,63089,51,630.14,464.5,BENIGN
21,7146,67,666.18,204.83,BENIGN
3306,30049,29,447.79,129.25,BENIGN
443,87,256,1453.69,78.03,DDoS
8080,56422,47,571.03,49.96,BENIGN
53,741,263,1475.85,19.11,DDoS
21,245,212,1410.47,73.98,DDoS
22,33827,69,135.52,896.53,BENIGN
3306,99988,63,408.41,370.25,BENIGN
25,547,188,913.71,48.66,DDoS
25,61911,35,459.93,687.37,BENIGN
53,17760,61,610.99,292.32,BENIGN
443,11263,80,519.82,391.95,BENIGN
80,67122,14,783.47,262.62,BENIGN
21,55660,59,634.74,350.46,BENIGN
8080,691,153,1466.89,66.09,DDoS
53,65332,8,703.34,353.98,BENIGN
443,739,194,1313.58,78.73,DDoS
443,893,141,809.92,24.92,DDoS
80,52040,77,80.43,837.95,BENIGN
53,36058,22,624.31,338.6,BENIGN
21,59118,71,603.45,42.05,BENIGN
22,14883,45,514.39,839.87,BENIGN
22,22917,32,225.66,942.6,BENIGN
443,410,154,1450.72,56.86,DDoS
25,52592,73,482.34,609.71,BENIGN
80,398,160,1398.95,74.58,DDoS
443,931,118,1409.71,13.0,DDoS
22,29446,69,856.08,215.37,BENIGN
53,35644,39,664.44,925.92,BENIGN
3306,52210,20,694.69,588.32,BENIGN
22,15502,49,862.57,966.6,BENIGN
53,34858,45,739.85,527.95,BENIGN
80,36366,67,491.01,744.75,BENIGN
21,3760,69,471.03,247.07,BENIGN
443,6774,78,584.7,931.96,BENIGN
8080,79553,67,576.48,374.75,BENIGN
53,21353,62,641.95,593.49,BENIGN
3306,887,189,703.4,4.05,DDoS
80,63367,47,704.38,437.71,BENIGN
3306,669,104,790.77,43.5,DDoS
53,24080,21,66.25,306.5,BENIGN
8080,64611,62,516.72,548.84,BENIGN
25,55575,60,461.54,65.01,BENIGN
21,6430,55,855.89,92.64,BENIGN
3306,233,217,960.51,58.83,DDoS
8080,18603,40,309.04,188.59,BENIGN
21,14097,9,439.73,686.15,BENIGN
8080,78359,9,656.82,818.44,BENIGN
8080,51185,23,742.05,111.22,BENIGN
443,39918,41,140.63,789.2,BENIGN
53,51122,18,396.94,919.87,BENIGN
3306,27531,41,84.73,999.21,BENIGN
443,268,120,822.52,27.85,DDoS
443,36243,79,386.69,597.67,BENIGN
21,259,199,1117.03,17.44,DDoS
8080,679,197,1196.07,22.31,DDoS
22,30770,17,844.48,236.34,BENIGN
443,1976,75,821.54,217.24,BENIGN
443,71376,40,493.61,198.34,BENIGN
8080,430,167,1320.73,20.49,DDoS
21,164,188,824.01,29.66,DDoS
